prompt,domain,quality_band,clarity,context,relevance,specificity,creativity
Write basic code.,software_engineering,low,1.0,1.0,1.0,1.0,1.0
Explain programming.,software_engineering,low,1.0,1.0,1.1,1.0,1.0
Make a simple app.,software_engineering,low,1.0,1.0,1.0,1.0,1.1
Describe coding.,software_engineering,low,1.0,1.0,1.0,1.0,1.0
Talk about software.,software_engineering,low,1.0,1.0,1.0,1.0,1.0
List programming terms.,software_engineering,low,1.0,1.0,1.0,1.0,1.0
Create a variable.,software_engineering,low,1.0,1.0,1.0,1.0,1.1
Write a function.,software_engineering,low,1.0,1.0,1.0,1.0,1.0
Explain debugging.,software_engineering,low,1.0,1.0,1.1,1.0,1.0
Describe an algorithm.,software_engineering,low,1.0,1.0,1.0,1.0,1.0
Make a website.,software_engineering,low,1.0,1.0,1.0,1.0,1.1
Talk about databases.,software_engineering,low,1.0,1.0,1.0,1.0,1.0
List data types.,software_engineering,low,1.0,1.0,1.0,1.0,1.0
Explain variables.,software_engineering,low,1.0,1.0,1.0,1.0,1.0
Create a class.,software_engineering,low,1.0,1.0,1.0,1.0,1.1
Describe methods.,software_engineering,low,1.0,1.0,1.0,1.0,1.0
Talk about objects.,software_engineering,low,1.0,1.0,1.0,1.0,1.0
Explain inheritance.,software_engineering,low,1.0,1.0,1.1,1.0,1.0
List OOP concepts.,software_engineering,low,1.0,1.0,1.0,1.0,1.0
Make a simple game.,software_engineering,low,1.0,1.0,1.0,1.0,1.1
Describe APIs.,software_engineering,low,1.0,1.0,1.0,1.0,1.0
Talk about frameworks.,software_engineering,low,1.0,1.0,1.0,1.0,1.0
Explain libraries.,software_engineering,low,1.0,1.0,1.0,1.0,1.0
List tools.,software_engineering,low,1.0,1.0,1.0,1.0,1.1
Create a script.,software_engineering,low,1.0,1.0,1.0,1.0,1.0
Describe syntax.,software_engineering,low,1.0,1.0,1.0,1.0,1.0
Talk about compilers.,software_engineering,low,1.0,1.0,1.0,1.0,1.0
Explain interpreters.,software_engineering,low,1.0,1.0,1.1,1.0,1.0
List languages.,software_engineering,low,1.0,1.0,1.0,1.0,1.0
Make a program.,software_engineering,low,1.0,1.0,1.0,1.0,1.1
Describe testing.,software_engineering,low,1.0,1.0,1.0,1.0,1.0
Talk about QA.,software_engineering,low,1.0,1.0,1.0,1.0,1.0
Explain bugs.,software_engineering,low,1.0,1.0,1.0,1.0,1.0
List test cases.,software_engineering,low,1.0,1.0,1.0,1.0,1.1
Create a module.,software_engineering,low,1.0,1.0,1.0,1.0,1.0
Describe packages.,software_engineering,low,1.0,1.0,1.0,1.0,1.0
Talk about imports.,software_engineering,low,1.0,1.0,1.0,1.0,1.0
Explain dependencies.,software_engineering,low,1.0,1.0,1.1,1.0,1.0
List libraries.,software_engineering,low,1.0,1.0,1.0,1.0,1.0
Make a component.,software_engineering,low,1.0,1.0,1.0,1.0,1.1
Describe UI.,software_engineering,low,1.0,1.0,1.0,1.0,1.0
Talk about UX.,software_engineering,low,1.0,1.0,1.0,1.0,1.0
Explain frontend.,software_engineering,low,1.0,1.0,1.0,1.0,1.0
List backend terms.,software_engineering,low,1.0,1.0,1.0,1.0,1.1
Create a button.,software_engineering,low,1.0,1.0,1.0,1.0,1.0
Describe forms.,software_engineering,low,1.0,1.0,1.0,1.0,1.0
Talk about inputs.,software_engineering,low,1.0,1.0,1.0,1.0,1.0
Explain outputs.,software_engineering,low,1.0,1.0,1.1,1.0,1.0
List UI elements.,software_engineering,low,1.0,1.0,1.0,1.0,1.0
Make a layout.,software_engineering,low,1.0,1.0,1.0,1.0,1.1
Describe CSS.,software_engineering,low,1.0,1.0,1.0,1.0,1.0
Talk about HTML.,software_engineering,low,1.0,1.0,1.0,1.0,1.0
Explain JavaScript.,software_engineering,low,1.0,1.0,1.0,1.0,1.0
List web technologies.,software_engineering,low,1.0,1.0,1.0,1.0,1.1
Create a page.,software_engineering,low,1.0,1.0,1.0,1.0,1.0
Describe servers.,software_engineering,low,1.0,1.0,1.0,1.0,1.0
Talk about hosting.,software_engineering,low,1.0,1.0,1.0,1.0,1.0
Explain deployment.,software_engineering,low,1.0,1.0,1.1,1.0,1.0
List cloud services.,software_engineering,low,1.0,1.0,1.0,1.0,1.0
Make a database.,software_engineering,low,1.0,1.0,1.0,1.0,1.1
Describe SQL.,software_engineering,low,1.0,1.0,1.0,1.0,1.0
Talk about queries.,software_engineering,low,1.0,1.0,1.0,1.0,1.0
Explain tables.,software_engineering,low,1.0,1.0,1.0,1.0,1.0
List database types.,software_engineering,low,1.0,1.0,1.0,1.0,1.1
Create a query.,software_engineering,low,1.0,1.0,1.0,1.0,1.0
Describe schema.,software_engineering,low,1.0,1.0,1.0,1.0,1.0
Talk about relationships.,software_engineering,low,1.0,1.0,1.0,1.0,1.0
Explain normalization.,software_engineering,low,1.0,1.0,1.1,1.0,1.0
List SQL commands.,software_engineering,low,1.0,1.0,1.0,1.0,1.0
Make a table.,software_engineering,low,1.0,1.0,1.0,1.0,1.1
Describe indexes.,software_engineering,low,1.0,1.0,1.0,1.0,1.0
Talk about keys.,software_engineering,low,1.0,1.0,1.0,1.0,1.0
Explain joins.,software_engineering,low,1.0,1.0,1.0,1.0,1.0
List operations.,software_engineering,low,1.0,1.0,1.0,1.0,1.1
Create a view.,software_engineering,low,1.0,1.0,1.0,1.0,1.0
Describe transactions.,software_engineering,low,1.0,1.0,1.0,1.0,1.0
Talk about ACID.,software_engineering,low,1.0,1.0,1.0,1.0,1.0
Explain consistency.,software_engineering,low,1.0,1.0,1.1,1.0,1.0
List properties.,software_engineering,low,1.0,1.0,1.0,1.0,1.0
Make a backup.,software_engineering,low,1.0,1.0,1.0,1.0,1.1
Describe security.,software_engineering,low,1.0,1.0,1.0,1.0,1.0
Talk about encryption.,software_engineering,low,1.0,1.0,1.0,1.0,1.0
Explain authentication.,software_engineering,low,1.0,1.0,1.0,1.0,1.0
List security measures.,software_engineering,low,1.0,1.0,1.0,1.0,1.1
Create a user.,software_engineering,low,1.0,1.0,1.0,1.0,1.0
Describe permissions.,software_engineering,low,1.0,1.0,1.0,1.0,1.0
Talk about roles.,software_engineering,low,1.0,1.0,1.0,1.0,1.0
Explain access control.,software_engineering,low,1.0,1.0,1.1,1.0,1.0
List protocols.,software_engineering,low,1.0,1.0,1.0,1.0,1.0
Make a secure app.,software_engineering,low,1.0,1.0,1.0,1.0,1.1
Describe HTTPS.,software_engineering,low,1.0,1.0,1.0,1.0,1.0
Talk about SSL.,software_engineering,low,1.0,1.0,1.0,1.0,1.0
Explain certificates.,software_engineering,low,1.0,1.0,1.0,1.0,1.0
List security terms.,software_engineering,low,1.0,1.0,1.0,1.0,1.1
Create a certificate.,software_engineering,low,1.0,1.0,1.0,1.0,1.0
Describe networking.,software_engineering,low,1.0,1.0,1.0,1.0,1.0
Talk about TCP/IP.,software_engineering,low,1.0,1.0,1.0,1.0,1.0
Explain HTTP.,software_engineering,low,1.0,1.0,1.1,1.0,1.0
List protocols.,software_engineering,low,1.0,1.0,1.0,1.0,1.0
Make a request.,software_engineering,low,1.0,1.0,1.0,1.0,1.1
Describe responses.,software_engineering,low,1.0,1.0,1.0,1.0,1.0
Talk about APIs.,software_engineering,low,1.0,1.0,1.0,1.0,1.0
Explain endpoints.,software_engineering,low,1.0,1.0,1.0,1.0,1.0
List methods.,software_engineering,low,1.0,1.0,1.0,1.0,1.1
Create an endpoint.,software_engineering,low,1.0,1.0,1.0,1.0,1.0
Describe REST.,software_engineering,low,1.0,1.0,1.0,1.0,1.0
Talk about JSON.,software_engineering,low,1.0,1.0,1.0,1.0,1.0
Explain XML.,software_engineering,low,1.0,1.0,1.1,1.0,1.0
List data formats.,software_engineering,low,1.0,1.0,1.0,1.0,1.0
Make a API call.,software_engineering,low,1.0,1.0,1.0,1.0,1.1
Describe microservices.,software_engineering,low,1.0,1.0,1.0,1.0,1.0
Talk about architecture.,software_engineering,low,1.0,1.0,1.0,1.0,1.0
Explain patterns.,software_engineering,low,1.0,1.0,1.0,1.0,1.0
List architectures.,software_engineering,low,1.0,1.0,1.0,1.0,1.1
Create a service.,software_engineering,low,1.0,1.0,1.0,1.0,1.0
Describe containers.,software_engineering,low,1.0,1.0,1.0,1.0,1.0
Talk about Docker.,software_engineering,low,1.0,1.0,1.0,1.0,1.0
Explain Kubernetes.,software_engineering,low,1.0,1.0,1.1,1.0,1.0
List tools.,software_engineering,low,1.0,1.0,1.0,1.0,1.0
Make a container.,software_engineering,low,1.0,1.0,1.0,1.0,1.1
Describe DevOps.,software_engineering,low,1.0,1.0,1.0,1.0,1.0
Talk about CI/CD.,software_engineering,low,1.0,1.0,1.0,1.0,1.0
Explain pipelines.,software_engineering,low,1.0,1.0,1.0,1.0,1.0
List practices.,software_engineering,low,1.0,1.0,1.0,1.0,1.1
Create a pipeline.,software_engineering,low,1.0,1.0,1.0,1.0,1.0
Describe automation.,software_engineering,low,1.0,1.0,1.0,1.0,1.0
Talk about testing.,software_engineering,low,1.0,1.0,1.0,1.0,1.0
Explain unit tests.,software_engineering,low,1.0,1.0,1.1,1.0,1.0
List test types.,software_engineering,low,1.0,1.0,1.0,1.0,1.0
Make a test.,software_engineering,low,1.0,1.0,1.0,1.0,1.1
Describe integration.,software_engineering,low,1.0,1.0,1.0,1.0,1.0
Talk about systems.,software_engineering,low,1.0,1.0,1.0,1.0,1.0
Explain acceptance.,software_engineering,low,1.0,1.0,1.0,1.0,1.0
List methodologies.,software_engineering,low,1.0,1.0,1.0,1.0,1.1
Create a test case.,software_engineering,low,1.0,1.0,1.0,1.0,1.0
Describe Agile.,software_engineering,low,1.0,1.0,1.0,1.0,1.0
Talk about Scrum.,software_engineering,low,1.0,1.0,1.0,1.0,1.0
Explain Kanban.,software_engineering,low,1.0,1.0,1.1,1.0,1.0
List frameworks.,software_engineering,low,1.0,1.0,1.0,1.0,1.0
Make a sprint.,software_engineering,low,1.0,1.0,1.0,1.0,1.1
Describe stories.,software_engineering,low,1.0,1.0,1.0,1.0,1.0
Talk about tasks.,software_engineering,low,1.0,1.0,1.0,1.0,1.0
Explain backlog.,software_engineering,low,1.0,1.0,1.0,1.0,1.0
List items.,software_engineering,low,1.0,1.0,1.0,1.0,1.1
Create a story.,software_engineering,low,1.0,1.0,1.0,1.0,1.0
Describe planning.,software_engineering,low,1.0,1.0,1.0,1.0,1.0
Talk about estimation.,software_engineering,low,1.0,1.0,1.0,1.0,1.0
Explain velocity.,software_engineering,low,1.0,1.0,1.1,1.0,1.0
List metrics.,software_engineering,low,1.0,1.0,1.0,1.0,1.0
Make a plan.,software_engineering,low,1.0,1.0,1.0,1.0,1.1
Describe monitoring.,software_engineering,low,1.0,1.0,1.0,1.0,1.0
Talk about logging.,software_engineering,low,1.0,1.0,1.0,1.0,1.0
Explain metrics.,software_engineering,low,1.0,1.0,1.0,1.0,1.0
List tools.,software_engineering,low,1.0,1.0,1.0,1.0,1.1
Create a log.,software_engineering,low,1.0,1.0,1.0,1.0,1.0
Describe alerts.,software_engineering,low,1.0,1.0,1.0,1.0,1.0
Talk about dashboards.,software_engineering,low,1.0,1.0,1.0,1.0,1.0
Explain monitoring.,software_engineering,low,1.0,1.0,1.1,1.0,1.0
List systems.,software_engineering,low,1.0,1.0,1.0,1.0,1.0
Make a dashboard.,software_engineering,low,1.0,1.0,1.0,1.0,1.1
Describe performance.,software_engineering,low,1.0,1.0,1.0,1.0,1.0
Talk about optimization.,software_engineering,low,1.0,1.0,1.0,1.0,1.0
Explain caching.,software_engineering,low,1.0,1.0,1.0,1.0,1.0
List techniques.,software_engineering,low,1.0,1.0,1.0,1.0,1.1
Create a cache.,software_engineering,low,1.0,1.0,1.0,1.0,1.0
Describe memory.,software_engineering,low,1.0,1.0,1.0,1.0,1.0
Talk about CPU.,software_engineering,low,1.0,1.0,1.0,1.0,1.0
Explain resources.,software_engineering,low,1.0,1.0,1.1,1.0,1.0
List components.,software_engineering,low,1.0,1.0,1.0,1.0,1.0
Make a system.,software_engineering,low,1.0,1.0,1.0,1.0,1.1
Teach math.,education,low,1.0,1.0,1.0,1.0,1.0
Explain science.,education,low,1.0,1.0,1.1,1.0,1.0
Describe history.,education,low,1.0,1.0,1.0,1.0,1.1
Talk about English.,education,low,1.0,1.0,1.0,1.0,1.0
List subjects.,education,low,1.0,1.0,1.0,1.0,1.0
Create a lesson.,education,low,1.0,1.0,1.0,1.0,1.1
Describe learning.,education,low,1.0,1.0,1.0,1.0,1.0
Talk about teaching.,education,low,1.0,1.0,1.0,1.0,1.0
Explain education.,education,low,1.0,1.0,1.1,1.0,1.0
List methods.,education,low,1.0,1.0,1.0,1.0,1.0
Make a plan.,education,low,1.0,1.0,1.0,1.0,1.1
Describe classroom.,education,low,1.0,1.0,1.0,1.0,1.0
Talk about students.,education,low,1.0,1.0,1.0,1.0,1.0
Explain curriculum.,education,low,1.0,1.0,1.0,1.0,1.0
List topics.,education,low,1.0,1.0,1.0,1.0,1.1
Create a course.,education,low,1.0,1.0,1.0,1.0,1.0
Describe assessment.,education,low,1.0,1.0,1.0,1.0,1.0
Talk about exams.,education,low,1.0,1.0,1.0,1.0,1.0
Explain grading.,education,low,1.0,1.0,1.1,1.0,1.0
List criteria.,education,low,1.0,1.0,1.0,1.0,1.0
Make a test.,education,low,1.0,1.0,1.0,1.0,1.1
Describe homework.,education,low,1.0,1.0,1.0,1.0,1.0
Talk about assignments.,education,low,1.0,1.0,1.0,1.0,1.0
Explain projects.,education,low,1.0,1.0,1.0,1.0,1.0
List activities.,education,low,1.0,1.0,1.0,1.0,1.1
Create a worksheet.,education,low,1.0,1.0,1.0,1.0,1.0
Describe materials.,education,low,1.0,1.0,1.0,1.0,1.0
Talk about resources.,education,low,1.0,1.0,1.0,1.0,1.0
Explain tools.,education,low,1.0,1.0,1.1,1.0,1.0
List equipment.,education,low,1.0,1.0,1.0,1.0,1.0
Make a resource.,education,low,1.0,1.0,1.0,1.0,1.1
Describe technology.,education,low,1.0,1.0,1.0,1.0,1.0
Talk about computers.,education,low,1.0,1.0,1.0,1.0,1.0
Explain software.,education,low,1.0,1.0,1.0,1.0,1.0
List apps.,education,low,1.0,1.0,1.0,1.0,1.1
Create a presentation.,education,low,1.0,1.0,1.0,1.0,1.0
Describe slides.,education,low,1.0,1.0,1.0,1.0,1.0
Talk about videos.,education,low,1.0,1.0,1.0,1.0,1.0
Explain media.,education,low,1.0,1.0,1.1,1.0,1.0
List types.,education,low,1.0,1.0,1.0,1.0,1.0
Make a video.,education,low,1.0,1.0,1.0,1.0,1.1
Describe online.,education,low,1.0,1.0,1.0,1.0,1.0
Talk about digital.,education,low,1.0,1.0,1.0,1.0,1.0
Explain e-learning.,education,low,1.0,1.0,1.0,1.0,1.0
List platforms.,education,low,1.0,1.0,1.0,1.0,1.1
Create a module.,education,low,1.0,1.0,1.0,1.0,1.0
Describe courses.,education,low,1.0,1.0,1.0,1.0,1.0
Talk about modules.,education,low,1.0,1.0,1.0,1.0,1.0
Explain units.,education,low,1.0,1.0,1.1,1.0,1.0
List sections.,education,low,1.0,1.0,1.0,1.0,1.0
Make a unit.,education,low,1.0,1.0,1.0,1.0,1.1
Describe objectives.,education,low,1.0,1.0,1.0,1.0,1.0
Talk about goals.,education,low,1.0,1.0,1.0,1.0,1.0
Explain outcomes.,education,low,1.0,1.0,1.0,1.0,1.0
List targets.,education,low,1.0,1.0,1.0,1.0,1.1
Create a goal.,education,low,1.0,1.0,1.0,1.0,1.0
Describe standards.,education,low,1.0,1.0,1.0,1.0,1.0
Talk about benchmarks.,education,low,1.0,1.0,1.0,1.0,1.0
Explain criteria.,education,low,1.0,1.0,1.1,1.0,1.0
List standards.,education,low,1.0,1.0,1.0,1.0,1.0
Make a standard.,education,low,1.0,1.0,1.0,1.0,1.1
Describe evaluation.,education,low,1.0,1.0,1.0,1.0,1.0
Talk about feedback.,education,low,1.0,1.0,1.0,1.0,1.0
Explain review.,education,low,1.0,1.0,1.0,1.0,1.0
List methods.,education,low,1.0,1.0,1.0,1.0,1.1
Create a review.,education,low,1.0,1.0,1.0,1.0,1.0
Describe improvement.,education,low,1.0,1.0,1.0,1.0,1.0
Talk about growth.,education,low,1.0,1.0,1.0,1.0,1.0
Explain development.,education,low,1.0,1.0,1.1,1.0,1.0
List areas.,education,low,1.0,1.0,1.0,1.0,1.0
Make a plan.,education,low,1.0,1.0,1.0,1.0,1.1
Describe skills.,education,low,1.0,1.0,1.0,1.0,1.0
Talk about knowledge.,education,low,1.0,1.0,1.0,1.0,1.0
Explain concepts.,education,low,1.0,1.0,1.0,1.0,1.0
List abilities.,education,low,1.0,1.0,1.0,1.0,1.1
Create a skill.,education,low,1.0,1.0,1.0,1.0,1.0
Describe practice.,education,low,1.0,1.0,1.0,1.0,1.0
Talk about exercise.,education,low,1.0,1.0,1.0,1.0,1.0
Explain repetition.,education,low,1.0,1.0,1.1,1.0,1.0
List drills.,education,low,1.0,1.0,1.0,1.0,1.0
Make a exercise.,education,low,1.0,1.0,1.0,1.0,1.1
Describe study.,education,low,1.0,1.0,1.0,1.0,1.0
Talk about research.,education,low,1.0,1.0,1.0,1.0,1.0
Explain reading.,education,low,1.0,1.0,1.0,1.0,1.0
List methods.,education,low,1.0,1.0,1.0,1.0,1.1
Create a study guide.,education,low,1.0,1.0,1.0,1.0,1.0
Describe notes.,education,low,1.0,1.0,1.0,1.0,1.0
Talk about summaries.,education,low,1.0,1.0,1.0,1.0,1.0
Explain outlines.,education,low,1.0,1.0,1.1,1.0,1.0
List techniques.,education,low,1.0,1.0,1.0,1.0,1.0
Make a summary.,education,low,1.0,1.0,1.0,1.0,1.1
Describe memory.,education,low,1.0,1.0,1.0,1.0,1.0
Talk about recall.,education,low,1.0,1.0,1.0,1.0,1.0
Explain retention.,education,low,1.0,1.0,1.0,1.0,1.0
List strategies.,education,low,1.0,1.0,1.0,1.0,1.1
Create a mnemonic.,education,low,1.0,1.0,1.0,1.0,1.0
Describe thinking.,education,low,1.0,1.0,1.0,1.0,1.0
Talk about critical.,education,low,1.0,1.0,1.0,1.0,1.0
Explain analysis.,education,low,1.0,1.0,1.1,1.0,1.0
List skills.,education,low,1.0,1.0,1.0,1.0,1.0
Make a analysis.,education,low,1.0,1.0,1.0,1.0,1.1
Describe creativity.,education,low,1.0,1.0,1.0,1.0,1.0
Talk about innovation.,education,low,1.0,1.0,1.0,1.0,1.0
Explain imagination.,education,low,1.0,1.0,1.0,1.0,1.0
List aspects.,education,low,1.0,1.0,1.0,1.0,1.1
Create a idea.,education,low,1.0,1.0,1.0,1.0,1.0
Describe collaboration.,education,low,1.0,1.0,1.0,1.0,1.0
Talk about teamwork.,education,low,1.0,1.0,1.0,1.0,1.0
Explain cooperation.,education,low,1.0,1.0,1.1,1.0,1.0
List benefits.,education,low,1.0,1.0,1.0,1.0,1.0
Make a team.,education,low,1.0,1.0,1.0,1.0,1.1
Describe communication.,education,low,1.0,1.0,1.0,1.0,1.0
Talk about speaking.,education,low,1.0,1.0,1.0,1.0,1.0
Explain listening.,education,low,1.0,1.0,1.0,1.0,1.0
List skills.,education,low,1.0,1.0,1.0,1.0,1.1
Create a speech.,education,low,1.0,1.0,1.0,1.0,1.0
Describe writing.,education,low,1.0,1.0,1.0,1.0,1.0
Talk about composition.,education,low,1.0,1.0,1.0,1.0,1.0
Explain grammar.,education,low,1.0,1.0,1.1,1.0,1.0
List rules.,education,low,1.0,1.0,1.0,1.0,1.0
Make a sentence.,education,low,1.0,1.0,1.0,1.0,1.1
Describe reading.,education,low,1.0,1.0,1.0,1.0,1.0
Talk about comprehension.,education,low,1.0,1.0,1.0,1.0,1.0
Explain vocabulary.,education,low,1.0,1.0,1.0,1.0,1.0
List words.,education,low,1.0,1.0,1.0,1.0,1.1
Create a word list.,education,low,1.0,1.0,1.0,1.0,1.0
Describe mathematics.,education,low,1.0,1.0,1.0,1.0,1.0
Talk about numbers.,education,low,1.0,1.0,1.0,1.0,1.0
Explain operations.,education,low,1.0,1.0,1.1,1.0,1.0
List concepts.,education,low,1.0,1.0,1.0,1.0,1.0
Make a calculation.,education,low,1.0,1.0,1.0,1.0,1.1
Describe science.,education,low,1.0,1.0,1.0,1.0,1.0
Talk about experiments.,education,low,1.0,1.0,1.0,1.0,1.0
Explain methods.,education,low,1.0,1.0,1.0,1.0,1.0
List disciplines.,education,low,1.0,1.0,1.0,1.0,1.1
Create a experiment.,education,low,1.0,1.0,1.0,1.0,1.0
Describe history.,education,low,1.0,1.0,1.0,1.0,1.0
Talk about events.,education,low,1.0,1.0,1.0,1.0,1.0
Explain timelines.,education,low,1.0,1.0,1.1,1.0,1.0
List periods.,education,low,1.0,1.0,1.0,1.0,1.0
Make a timeline.,education,low,1.0,1.0,1.0,1.0,1.1
Describe geography.,education,low,1.0,1.0,1.0,1.0,1.0
Talk about maps.,education,low,1.0,1.0,1.0,1.0,1.0
Explain locations.,education,low,1.0,1.0,1.0,1.0,1.0
List features.,education,low,1.0,1.0,1.0,1.0,1.1
Create a map.,education,low,1.0,1.0,1.0,1.0,1.0
Describe art.,education,low,1.0,1.0,1.0,1.0,1.0
Talk about music.,education,low,1.0,1.0,1.0,1.0,1.0
Explain techniques.,education,low,1.0,1.0,1.1,1.0,1.0
List forms.,education,low,1.0,1.0,1.0,1.0,1.0
Make a drawing.,education,low,1.0,1.0,1.0,1.0,1.1
Describe physical.,education,low,1.0,1.0,1.0,1.0,1.0
Talk about health.,education,low,1.0,1.0,1.0,1.0,1.0
Explain fitness.,education,low,1.0,1.0,1.0,1.0,1.0
List activities.,education,low,1.0,1.0,1.0,1.0,1.1
Create a workout.,education,low,1.0,1.0,1.0,1.0,1.0
Write a post.,content_creation,low,1.0,1.0,1.0,1.0,1.0
Make content.,content_creation,low,1.0,1.0,1.1,1.0,1.0
Create media.,content_creation,low,1.0,1.0,1.0,1.0,1.1
Describe creation.,content_creation,low,1.0,1.0,1.0,1.0,1.0
Talk about content.,content_creation,low,1.0,1.0,1.0,1.0,1.0
List types.,content_creation,low,1.0,1.0,1.0,1.0,1.0
Make a video.,content_creation,low,1.0,1.0,1.0,1.0,1.1
Describe writing.,content_creation,low,1.0,1.0,1.0,1.0,1.0
Talk about blogging.,content_creation,low,1.0,1.0,1.0,1.0,1.0
Explain social media.,content_creation,low,1.0,1.0,1.1,1.0,1.0
List platforms.,content_creation,low,1.0,1.0,1.0,1.0,1.0
Create a blog.,content_creation,low,1.0,1.0,1.0,1.0,1.1
Describe photography.,content_creation,low,1.0,1.0,1.0,1.0,1.0
Talk about images.,content_creation,low,1.0,1.0,1.0,1.0,1.0
Explain editing.,content_creation,low,1.0,1.0,1.0,1.0,1.0
List techniques.,content_creation,low,1.0,1.0,1.0,1.0,1.1
Make a photo.,content_creation,low,1.0,1.0,1.0,1.0,1.0
Describe video.,content_creation,low,1.0,1.0,1.0,1.0,1.0
Talk about filming.,content_creation,low,1.0,1.0,1.0,1.0,1.0
Explain production.,content_creation,low,1.0,1.0,1.1,1.0,1.0
List equipment.,content_creation,low,1.0,1.0,1.0,1.0,1.0
Create a clip.,content_creation,low,1.0,1.0,1.0,1.0,1.1
Describe audio.,content_creation,low,1.0,1.0,1.0,1.0,1.0
Talk about podcast.,content_creation,low,1.0,1.0,1.0,1.0,1.0
Explain recording.,content_creation,low,1.0,1.0,1.0,1.0,1.0
List tools.,content_creation,low,1.0,1.0,1.0,1.0,1.1
Make a recording.,content_creation,low,1.0,1.0,1.0,1.0,1.0
Describe graphics.,content_creation,low,1.0,1.0,1.0,1.0,1.0
Talk about design.,content_creation,low,1.0,1.0,1.0,1.0,1.0
Explain layout.,content_creation,low,1.0,1.0,1.1,1.0,1.0
List elements.,content_creation,low,1.0,1.0,1.0,1.0,1.0
Create a graphic.,content_creation,low,1.0,1.0,1.0,1.0,1.1
Describe animation.,content_creation,low,1.0,1.0,1.0,1.0,1.0
Talk about motion.,content_creation,low,1.0,1.0,1.0,1.0,1.0
Explain frames.,content_creation,low,1.0,1.0,1.0,1.0,1.0
List types.,content_creation,low,1.0,1.0,1.0,1.0,1.1
Make a animation.,content_creation,low,1.0,1.0,1.0,1.0,1.0
Describe marketing.,content_creation,low,1.0,1.0,1.0,1.0,1.0
Talk about promotion.,content_creation,low,1.0,1.0,1.0,1.0,1.0
Explain advertising.,content_creation,low,1.0,1.0,1.1,1.0,1.0
List strategies.,content_creation,low,1.0,1.0,1.0,1.0,1.0
Create a ad.,content_creation,low,1.0,1.0,1.0,1.0,1.1
Describe branding.,content_creation,low,1.0,1.0,1.0,1.0,1.0
Talk about identity.,content_creation,low,1.0,1.0,1.0,1.0,1.0
Explain logo.,content_creation,low,1.0,1.0,1.0,1.0,1.0
List elements.,content_creation,low,1.0,1.0,1.0,1.0,1.1
Make a brand.,content_creation,low,1.0,1.0,1.0,1.0,1.0
Describe storytelling.,content_creation,low,1.0,1.0,1.0,1.0,1.0
Talk about narrative.,content_creation,low,1.0,1.0,1.0,1.0,1.0
Explain plot.,content_creation,low,1.0,1.0,1.1,1.0,1.0
List components.,content_creation,low,1.0,1.0,1.0,1.0,1.0
Create a story.,content_creation,low,1.0,1.0,1.0,1.0,1.1
Describe engagement.,content_creation,low,1.0,1.0,1.0,1.0,1.0
Talk about audience.,content_creation,low,1.0,1.0,1.0,1.0,1.0
Explain interaction.,content_creation,low,1.0,1.0,1.0,1.0,1.0
List metrics.,content_creation,low,1.0,1.0,1.0,1.0,1.1
Make a interactive.,content_creation,low,1.0,1.0,1.0,1.0,1.0
Describe SEO.,content_creation,low,1.0,1.0,1.0,1.0,1.0
Talk about optimization.,content_creation,low,1.0,1.0,1.0,1.0,1.0
Explain keywords.,content_creation,low,1.0,1.0,1.1,1.0,1.0
List techniques.,content_creation,low,1.0,1.0,1.0,1.0,1.0
Create a optimized.,content_creation,low,1.0,1.0,1.0,1.0,1.1
Describe analytics.,content_creation,low,1.0,1.0,1.0,1.0,1.0
Talk about data.,content_creation,low,1.0,1.0,1.0,1.0,1.0
Explain metrics.,content_creation,low,1.0,1.0,1.0,1.0,1.0
List tools.,content_creation,low,1.0,1.0,1.0,1.0,1.1
Make a report.,content_creation,low,1.0,1.0,1.0,1.0,1.0
Describe strategy.,content_creation,low,1.0,1.0,1.0,1.0,1.0
Talk about planning.,content_creation,low,1.0,1.0,1.0,1.0,1.0
Explain goals.,content_creation,low,1.0,1.0,1.1,1.0,1.0
List objectives.,content_creation,low,1.0,1.0,1.0,1.0,1.0
Create a plan.,content_creation,low,1.0,1.0,1.0,1.0,1.1
Describe calendar.,content_creation,low,1.0,1.0,1.0,1.0,1.0
Talk about schedule.,content_creation,low,1.0,1.0,1.0,1.0,1.0
Explain timing.,content_creation,low,1.0,1.0,1.0,1.0,1.0
List dates.,content_creation,low,1.0,1.0,1.0,1.0,1.1
Make a schedule.,content_creation,low,1.0,1.0,1.0,1.0,1.0
Describe distribution.,content_creation,low,1.0,1.0,1.0,1.0,1.0
Talk about channels.,content_creation,low,1.0,1.0,1.0,1.0,1.0
Explain platforms.,content_creation,low,1.0,1.0,1.1,1.0,1.0
List methods.,content_creation,low,1.0,1.0,1.0,1.0,1.0
Create a channel.,content_creation,low,1.0,1.0,1.0,1.0,1.1
Describe monetization.,content_creation,low,1.0,1.0,1.0,1.0,1.0
Talk about revenue.,content_creation,low,1.0,1.0,1.0,1.0,1.0
Explain income.,content_creation,low,1.0,1.0,1.0,1.0,1.0
List streams.,content_creation,low,1.0,1.0,1.0,1.0,1.1
Make a monetized.,content_creation,low,1.0,1.0,1.0,1.0,1.0
Describe copyright.,content_creation,low,1.0,1.0,1.0,1.0,1.0
Talk about legal.,content_creation,low,1.0,1.0,1.0,1.0,1.0
Explain rights.,content_creation,low,1.0,1.0,1.1,1.0,1.0
List issues.,content_creation,low,1.0,1.0,1.0,1.0,1.0
Create a legal.,content_creation,low,1.0,1.0,1.0,1.0,1.1
Describe quality.,content_creation,low,1.0,1.0,1.0,1.0,1.0
Talk about standards.,content_creation,low,1.0,1.0,1.0,1.0,1.0
Explain excellence.,content_creation,low,1.0,1.0,1.0,1.0,1.0
List criteria.,content_creation,low,1.0,1.0,1.0,1.0,1.1
Make a quality.,content_creation,low,1.0,1.0,1.0,1.0,1.0
Describe trends.,content_creation,low,1.0,1.0,1.0,1.0,1.0
Talk about popular.,content_creation,low,1.0,1.0,1.0,1.0,1.0
Explain viral.,content_creation,low,1.0,1.0,1.1,1.0,1.0
List topics.,content_creation,low,1.0,1.0,1.0,1.0,1.0
Create a trend.,content_creation,low,1.0,1.0,1.0,1.0,1.1
Describe innovation.,content_creation,low,1.0,1.0,1.0,1.0,1.0
Talk about new.,content_creation,low,1.0,1.0,1.0,1.0,1.0
Explain creative.,content_creation,low,1.0,1.0,1.0,1.0,1.0
List ideas.,content_creation,low,1.0,1.0,1.0,1.0,1.1
Make a innovative.,content_creation,low,1.0,1.0,1.0,1.0,1.0
Describe collaboration.,content_creation,low,1.0,1.0,1.0,1.0,1.0
Talk about teamwork.,content_creation,low,1.0,1.0,1.0,1.0,1.0
Explain partners.,content_creation,low,1.0,1.0,1.1,1.0,1.0
List benefits.,content_creation,low,1.0,1.0,1.0,1.0,1.0
Create a collab.,content_creation,low,1.0,1.0,1.0,1.0,1.1
Describe tools.,content_creation,low,1.0,1.0,1.0,1.0,1.0
Talk about software.,content_creation,low,1.0,1.0,1.0,1.0,1.0
Explain applications.,content_creation,low,1.0,1.0,1.0,1.0,1.0
List programs.,content_creation,low,1.0,1.0,1.0,1.0,1.1
Make a tool.,content_creation,low,1.0,1.0,1.0,1.0,1.0
Describe workflow.,content_creation,low,1.0,1.0,1.0,1.0,1.0
Talk about process.,content_creation,low,1.0,1.0,1.0,1.0,1.0
Explain steps.,content_creation,low,1.0,1.0,1.1,1.0,1.0
List stages.,content_creation,low,1.0,1.0,1.0,1.0,1.0
Create a workflow.,content_creation,low,1.0,1.0,1.0,1.0,1.1
Describe efficiency.,content_creation,low,1.0,1.0,1.0,1.0,1.0
Talk about productivity.,content_creation,low,1.0,1.0,1.0,1.0,1.0
Explain optimization.,content_creation,low,1.0,1.0,1.0,1.0,1.0
List methods.,content_creation,low,1.0,1.0,1.0,1.0,1.1
Make a efficient.,content_creation,low,1.0,1.0,1.0,1.0,1.0
Describe audience.,content_creation,low,1.0,1.0,1.0,1.0,1.0
Talk about viewers.,content_creation,low,1.0,1.0,1.0,1.0,1.0
Explain readers.,content_creation,low,1.0,1.0,1.1,1.0,1.0
List segments.,content_creation,low,1.0,1.0,1.0,1.0,1.0
Create a audience.,content_creation,low,1.0,1.0,1.0,1.0,1.1
Describe feedback.,content_creation,low,1.0,1.0,1.0,1.0,1.0
Talk about comments.,content_creation,low,1.0,1.0,1.0,1.0,1.0
Explain reviews.,content_creation,low,1.0,1.0,1.0,1.0,1.0
List types.,content_creation,low,1.0,1.0,1.0,1.0,1.1
Make a feedback.,content_creation,low,1.0,1.0,1.0,1.0,1.0
Describe growth.,content_creation,low,1.0,1.0,1.0,1.0,1.0
Talk about expansion.,content_creation,low,1.0,1.0,1.0,1.0,1.0
Explain development.,content_creation,low,1.0,1.0,1.1,1.0,1.0
List strategies.,content_creation,low,1.0,1.0,1.0,1.0,1.0
Create a growth.,content_creation,low,1.0,1.0,1.0,1.0,1.1
Describe metrics.,content_creation,low,1.0,1.0,1.0,1.0,1.0
Talk about numbers.,content_creation,low,1.0,1.0,1.0,1.0,1.0
Explain statistics.,content_creation,low,1.0,1.0,1.0,1.0,1.0
List data.,content_creation,low,1.0,1.0,1.0,1.0,1.1
Make a metric.,content_creation,low,1.0,1.0,1.0,1.0,1.0
Describe success.,content_creation,low,1.0,1.0,1.0,1.0,1.0
Talk about achievement.,content_creation,low,1.0,1.0,1.0,1.0,1.0
Explain results.,content_creation,low,1.0,1.0,1.1,1.0,1.0
List factors.,content_creation,low,1.0,1.0,1.0,1.0,1.0
Create a success.,content_creation,low,1.0,1.0,1.0,1.0,1.1
Teach something.,education,low,1.0,1.0,1.1,1.0,1.0
Talk about school.,education,low,1.0,1.0,1.0,1.0,1.1
Describe class.,education,low,1.0,1.0,1.0,1.0,1.0
Summarize a lecture.,education,low,1.0,1.0,1.0,1.0,1.1
Talk about homework.,education,low,1.0,1.0,1.0,1.0,1.0
List classroom rules.,education,low,1.0,1.0,1.0,1.0,1.0
Describe a school event.,education,low,1.0,1.0,1.0,1.0,1.1
Explain a topic briefly.,education,low,1.0,1.0,1.1,1.0,1.0
Make a lesson plan.,education,low,1.0,1.0,1.0,1.0,1.0
Define a term.,education,low,1.0,1.0,1.0,1.0,1.1
Name classroom supplies.,education,low,1.0,1.0,1.0,1.0,1.0
Describe a teacher.,education,low,1.0,1.0,1.0,1.0,1.0
Discuss school timings.,education,low,1.0,1.0,1.0,1.0,1.0
Talk about recess.,education,low,1.0,1.0,1.0,1.0,1.0
Describe a library visit.,education,low,1.0,1.0,1.0,1.0,1.1
Explain a subject.,education,low,1.0,1.0,1.0,1.0,1.0
List subjects in school.,education,low,1.0,1.0,1.0,1.0,1.0
Describe a lab session.,education,low,1.0,1.0,1.0,1.0,1.0
Talk about school rules.,education,low,1.0,1.0,1.0,1.0,1.0
Explain classroom seating.,education,low,1.0,1.0,1.0,1.0,1.0
Describe school bus.,education,low,1.0,1.0,1.0,1.0,1.1
Talk about school canteen.,education,low,1.0,1.0,1.0,1.0,1.0
List school clubs.,education,low,1.0,1.0,1.0,1.0,1.0
Describe sports day.,education,low,1.0,1.0,1.0,1.0,1.0
Explain graduation day.,education,low,1.0,1.0,1.0,1.0,1.0
Describe a school project.,education,low,1.0,1.0,1.0,1.0,1.1
Talk about school holidays.,education,low,1.0,1.0,1.0,1.0,1.0
Explain school uniform.,education,low,1.0,1.0,1.0,1.0,1.0
Describe school assembly.,education,low,1.0,1.0,1.0,1.0,1.0
List school staff.,education,low,1.0,1.0,1.0,1.0,1.0
Explain morning routine.,education,low,1.0,1.0,1.0,1.0,1.0
Describe field trip.,education,low,1.0,1.0,1.0,1.0,1.1
Talk about school fees.,education,low,1.0,1.0,1.0,1.0,1.0
Explain school library rules.,education,low,1.0,1.0,1.0,1.0,1.0
Write a Hello World program.,software_engineering,low,1.0,1.0,1.0,1.0,1.0
Copy code from a tutorial.,software_engineering,low,1.0,1.0,1.0,1.0,1.0
Open an IDE.,software_engineering,low,1.0,1.0,1.0,1.0,1.0
Explain syntax errors.,software_engineering,low,1.0,1.0,1.0,1.0,1.1
Build a simple form.,software_engineering,low,1.0,1.0,1.0,1.0,1.0
Check code formatting.,software_engineering,low,1.0,1.0,1.0,1.0,1.0
Write a function.,software_engineering,low,1.0,1.0,1.0,1.0,1.0
Run a compiler.,software_engineering,low,1.0,1.0,1.0,1.0,1.0
Explain comments in code.,software_engineering,low,1.0,1.0,1.0,1.0,1.0
Create a basic variable.,software_engineering,low,1.0,1.0,1.0,1.0,1.0
Use a loop.,software_engineering,low,1.0,1.0,1.0,1.0,1.0
Call a function.,software_engineering,low,1.0,1.0,1.0,1.0,1.0
Import a library.,software_engineering,low,1.0,1.0,1.0,1.0,1.0
Save a file.,software_engineering,low,1.0,1.0,1.0,1.0,1.0
Compile code.,software_engineering,low,1.0,1.0,1.0,1.0,1.0
Debug a simple error.,software_engineering,low,1.0,1.0,1.0,1.0,1.0
Write a print statement.,software_engineering,low,1.0,1.0,1.0,1.0,1.1
Explain data types.,software_engineering,low,1.0,1.0,1.0,1.0,1.0
Create a placeholder app.,software_engineering,low,1.0,1.0,1.0,1.0,1.0
Use an editor.,software_engineering,low,1.0,1.0,1.0,1.0,1.0
Install a package.,software_engineering,low,1.0,1.0,1.0,1.0,1.0
Run a script.,software_engineering,low,1.0,1.0,1.0,1.0,1.0
Write a class stub.,software_engineering,low,1.0,1.0,1.0,1.0,1.0
Create a template file.,software_engineering,low,1.0,1.0,1.0,1.0,1.0
Check code style.,software_engineering,low,1.0,1.0,1.0,1.0,1.0
Use a debugger.,software_engineering,low,1.0,1.0,1.0,1.0,1.0
Write a stub function.,software_engineering,low,1.0,1.0,1.0,1.0,1.0
Explain IDE shortcuts.,software_engineering,low,1.0,1.0,1.0,1.0,1.0
Copy example code.,software_engineering,low,1.0,1.0,1.0,1.0,1.0
Open a terminal.,software_engineering,low,1.0,1.0,1.0,1.0,1.0
Run a command.,software_engineering,low,1.0,1.0,1.0,1.0,1.0
Check console output.,software_engineering,low,1.0,1.0,1.0,1.0,1.0
Describe an error message.,software_engineering,low,1.0,1.0,1.0,1.0,1.0
Explain file extension.,software_engineering,low,1.0,1.0,1.0,1.0,1.0
List programming languages.,software_engineering,low,1.0,1.0,1.0,1.0,1.0
Write a generic social media post.,content_creation,low,1.0,1.0,1.0,1.0,1.0
Make a blank slide.,content_creation,low,1.0,1.0,1.0,1.0,1.0
Describe an empty idea.,content_creation,low,1.0,1.0,1.0,1.0,1.1
Copy text from a website.,content_creation,low,1.0,1.0,1.0,1.0,1.0
Create a placeholder image.,content_creation,low,1.0,1.0,1.0,1.0,1.0
Write a dummy article.,content_creation,low,1.0,1.0,1.0,1.0,1.0
Describe a logo.,content_creation,low,1.0,1.0,1.0,1.0,1.0
Make a mock title.,content_creation,low,1.0,1.0,1.0,1.0,1.0
Create a sample paragraph.,content_creation,low,1.0,1.0,1.0,1.0,1.0
Write a sample tweet.,content_creation,low,1.0,1.0,1.0,1.0,1.0
List generic hashtags.,content_creation,low,1.0,1.0,1.0,1.0,1.0
Make an empty video script.,content_creation,low,1.0,1.0,1.0,1.0,1.0
Create a placeholder story.,content_creation,low,1.0,1.0,1.0,1.0,1.0
Describe an idea vaguely.,content_creation,low,1.0,1.0,1.0,1.0,1.0
Write a filler post.,content_creation,low,1.0,1.0,1.0,1.0,1.0
Create dummy content.,content_creation,low,1.0,1.0,1.0,1.0,1.0
Make a blank template.,content_creation,low,1.0,1.0,1.0,1.0,1.0
Describe an empty graphic.,content_creation,low,1.0,1.0,1.0,1.0,1.0
Write a placeholder caption.,content_creation,low,1.0,1.0,1.0,1.0,1.0
Create a sample banner.,content_creation,low,1.0,1.0,1.0,1.0,1.0
List stock image ideas.,content_creation,low,1.0,1.0,1.0,1.0,1.0
Write a generic blog title.,content_creation,low,1.0,1.0,1.0,1.0,1.0
Describe an empty project.,content_creation,low,1.0,1.0,1.0,1.0,1.0
Make a dummy slide.,content_creation,low,1.0,1.0,1.0,1.0,1.0
Create a placeholder chart.,content_creation,low,1.0,1.0,1.0,1.0,1.0
Write a filler description.,content_creation,low,1.0,1.0,1.0,1.0,1.0
Describe a sample layout.,content_creation,low,1.0,1.0,1.0,1.0,1.0
Make a blank storyboard.,content_creation,low,1.0,1.0,1.0,1.0,1.0
Create dummy text content.,content_creation,low,1.0,1.0,1.0,1.0,1.0
Write a placeholder heading.,content_creation,low,1.0,1.0,1.0,1.0,1.0
Describe a template image.,content_creation,low,1.0,1.0,1.0,1.0,1.0
Make a generic flyer.,content_creation,low,1.0,1.0,1.0,1.0,1.0
Create a dummy social post.,content_creation,low,1.0,1.0,1.0,1.0,1.0
Write a blank newsletter.,content_creation,low,1.0,1.0,1.0,1.0,1.0
Describe a sample design.,content_creation,low,1.0,1.0,1.0,1.0,1.0
Map a curriculum for critical thinking exercises for a 45-minute session.,education,mid,7.0,5.9,5.9,5.1,5.7
Facilitate peer review for critical thinking exercises with classroom examples.,education,mid,6.5,6.0,5.5,5.4,5.7
Design microlearning modules on collaborative projects including assessment criteria aligned to learning outcomes. Include examples.,education,mid,6.2,5.6,6.6,5.8,4.6
Analyze GraphQL schemas with diagrams with security audit checklist. Use real-world examples.,software_engineering,mid,6.0,5.0,5.3,5.7,5.4
Configure CI/CD for Kubernetes with detailed bug analysis including alternative implementations.,software_engineering,mid,6.5,5.7,6.4,6.5,4.7
Draft a content strategy for infographic design with measurable KPIs covering SEO best practices. Use real-world examples.,content_creation,mid,6.7,6.8,6.0,5.4,4.9
Analyze OpenID Connect with code examples with code review notes. Provide step-by-step guidance.,software_engineering,mid,5.0,6.4,6.9,6.6,4.6
Plan a flipped classroom session on collaborative projects including real-world examples. Use real-world examples.,education,mid,6.6,5.7,6.2,5.6,4.2
Implement TypeScript types with detailed bug analysis. Use real-world examples.,software_engineering,mid,5.4,5.8,5.7,6.5,5.1
Evaluate architecture of Django ORM including deployment steps.,software_engineering,mid,5.4,6.9,6.4,6.2,4.6
Assess security for Kubernetes with code examples.,software_engineering,mid,6.4,6.9,5.3,6.3,6.0
Write unit tests for CI/CD pipelines with code review notes. Consider edge cases.,software_engineering,mid,6.0,6.9,6.2,5.5,5.2
Create an editorial plan for viral hooks with audience personas for a product launch. Consider edge cases.,content_creation,mid,5.0,5.6,6.5,6.9,5.0
Analyze outcomes of microlearning with learning analytics suggestions with differentiated activities. Include examples.,education,mid,6.8,6.4,6.7,5.1,4.5
Explain fundamentals of flipped classroom models including assessment criteria.,education,mid,5.3,6.5,5.2,5.1,4.4
Design visual assets for conversion copywriting with measurable KPIs.,content_creation,mid,6.9,5.8,5.6,5.8,4.7
Outline a guide on visual storytelling for a product launch.,content_creation,mid,6.8,5.4,5.8,6.0,5.7
Create scaffolding materials for blended learning with scaffolding guides with learning analytics suggestions.,education,mid,6.0,5.8,6.0,5.1,4.6
Write teacher notes about gamified learning with remediation ideas covering collaborative projects.,education,mid,6.5,6.9,6.7,6.5,4.8
Draft a proposal for feature toggles with testing strategies for a production environment.,software_engineering,mid,5.5,5.4,6.1,6.4,4.5
Create a lesson plan on flipped classroom models with competency tracking.,education,mid,6.4,5.2,5.3,5.3,5.5
Summarize research on learning outcomes using active learning.,education,mid,6.3,6.7,6.9,6.4,4.7
Summarize best practices for caching strategies step by step. Focus on practical applications.,software_engineering,mid,6.8,6.2,6.2,5.9,4.4
Plan a flipped classroom session on competency frameworks covering collaborative projects.,education,mid,6.1,6.9,6.1,6.7,4.0
Create scaffolding materials for inclusive pedagogy with peer evaluation.,education,mid,6.8,5.8,6.8,5.6,4.4
Summarize best practices for end-to-end testing step by step with diagrams.,software_engineering,mid,5.8,6.0,6.8,5.8,5.4
Summarize research on inclusive pedagogy including formative checks. Explain to a beginner.,education,mid,6.2,6.4,5.4,6.6,4.3
Map a curriculum for inclusive pedagogy for high school students including formative checks. Include examples.,education,mid,6.6,5.3,6.7,6.9,5.9
Investigate memory leaks in monolith migration with code review notes including pros and cons. Highlight potential pitfalls.,software_engineering,mid,6.3,5.3,6.7,6.4,5.1
Plan a migration for unit testing with diagrams. Focus on practical applications.,software_engineering,mid,5.6,5.6,6.2,6.1,5.7
Design a rubric for instructional scaffolding with peer evaluation with classroom examples. Provide step-by-step guidance.,education,mid,5.1,5.5,6.1,6.9,5.9
Analyze Docker containers with code review notes with detailed bug analysis. Suggest best practices.,software_engineering,mid,5.6,6.4,6.0,5.9,4.1
Create a lesson plan on collaborative projects for high school students with microlearning exercises. Highlight potential pitfalls.,education,mid,6.1,5.7,5.3,5.7,4.4
Design visual assets for visual storytelling including editorial calendar. Provide step-by-step guidance.,content_creation,mid,6.1,6.2,5.4,5.8,4.8
Write a blog post about keyword clustering with storytelling frameworks.,content_creation,mid,6.4,5.7,5.0,6.3,5.7
Create interactive quizzes for visual storytelling with engagement metrics.,content_creation,mid,6.2,5.7,6.6,5.1,5.1
Audit content for YouTube scripts with A/B testing suggestions.,content_creation,mid,7.0,6.2,6.9,5.0,4.3
Develop email campaigns for content gap analysis covering multichannel strategy with visual references. Use real-world examples.,content_creation,mid,6.0,5.4,6.0,5.6,5.7
Analyze trends in social media hooks with visual references including conversion optimization tips.,content_creation,mid,5.9,6.0,5.2,7.0,4.7
Develop gamified exercises on microlearning including assessment criteria with competency tracking. Consider edge cases.,education,mid,6.8,5.9,5.7,6.1,5.8
Automate deployment for event-driven systems with CI/CD pipeline setup. Use real-world examples.,software_engineering,mid,5.9,5.6,6.0,5.1,5.8
Design adaptive learning modules for edtech tools with peer evaluation. Include examples.,education,mid,5.0,6.6,6.3,5.9,5.5
Configure CI/CD for React state management with architecture diagrams including pros and cons. Provide step-by-step guidance.,software_engineering,mid,6.0,5.4,6.8,6.7,5.6
Write educational guides for instructional design patterns with peer evaluation.,education,mid,7.0,6.5,5.6,5.5,4.2
Debug unit testing with architecture diagrams including refactoring steps. Suggest best practices.,software_engineering,mid,6.6,5.2,6.2,5.3,5.0
Configure CI/CD for code reviews including deployment steps.,software_engineering,mid,6.8,6.5,6.2,5.5,4.8
Design a rubric for inclusive pedagogy with microlearning exercises for a 45-minute session. Consider edge cases.,education,mid,5.5,5.4,6.2,6.4,5.0
Produce a podcast episode on long-form articles including editorial calendar. Include examples.,content_creation,mid,6.1,6.8,5.1,6.3,4.9
Write a blog post about customer journey mapping with A/B testing suggestions including keyword research. Focus on practical applications.,content_creation,mid,6.7,5.1,6.8,6.1,5.9
Design adaptive learning modules for assessment rubrics for blended learning with differentiated activities. Explain to a beginner.,education,mid,5.8,6.9,5.6,6.4,4.1
Write educational guides for project rubrics with scaffolding guides.,education,mid,5.1,5.5,6.2,6.7,4.7
Summarize research on critical thinking exercises including formative checks with remediation ideas.,education,mid,5.2,6.3,5.4,6.3,4.4
Create interactive quizzes for social media hooks for a B2B SaaS brand covering multichannel strategy.,content_creation,mid,5.8,5.0,5.9,6.0,5.7
Summarize research on flipped classroom models including gamified exercises. Explain to a beginner.,education,mid,6.6,5.5,5.8,5.3,5.5
Generate a list of long-form articles with examples and templates. Include metrics or KPIs.,content_creation,mid,5.5,6.1,6.0,5.3,5.5
Create interactive quizzes for blog topic clusters with storytelling frameworks. Include examples.,content_creation,mid,6.9,6.4,5.2,6.1,5.3
Create an editorial plan for content repurposing with A/B testing suggestions. Suggest best practices.,content_creation,mid,6.3,6.2,5.1,5.9,4.7
Plan a migration for microservices with detailed bug analysis covering edge cases.,software_engineering,mid,5.5,6.9,6.6,5.9,4.2
Design visual assets for editorial calendars with A/B testing suggestions for a B2B SaaS brand. Suggest best practices.,content_creation,mid,6.7,5.8,6.1,5.7,5.5
Plan a flipped classroom session on classroom management with remediation ideas with differentiated activities. Consider edge cases.,education,mid,5.6,6.3,5.9,6.9,4.9
Analyze trends in customer journey mapping for email marketing. Suggest best practices.,content_creation,mid,5.9,6.2,6.1,5.2,5.7
Summarize techniques for visual storytelling including conversion optimization tips.,content_creation,mid,5.9,6.7,6.8,5.5,4.5
Summarize research on peer assessment including assessment criteria with classroom examples. Highlight potential pitfalls.,education,mid,5.3,6.5,6.1,5.5,4.1
Plan a migration for performance profiling with performance considerations. Suggest best practices.,software_engineering,mid,5.6,5.8,6.1,6.5,5.7
Review code for Kubernetes including alternative implementations including pros and cons. Include examples.,software_engineering,mid,6.0,5.8,6.8,5.4,4.9
Develop collaborative projects for instructional scaffolding using adaptive learning aligned to learning outcomes.,education,mid,6.9,5.9,5.2,5.4,4.0
Compare pedagogical methods for classroom management with scaffolding guides. Include metrics or KPIs.,education,mid,6.8,5.3,6.0,5.8,5.0
Explain Node.js with Express with debugging tips.,software_engineering,mid,6.8,5.9,6.3,5.9,4.2
Draft a unit outline on competency frameworks with peer evaluation including real-world examples. Suggest best practices.,education,mid,5.9,6.4,5.8,6.5,4.1
Create interactive quizzes for YouTube scripts with audience personas.,content_creation,mid,6.1,6.4,7.0,6.2,4.3
Create an editorial plan for social media audit with tone and style guidelines.,content_creation,mid,6.1,6.7,6.3,5.1,5.1
Generate a list of case study frameworks with measurable KPIs. Consider edge cases.,content_creation,mid,5.1,5.4,5.2,5.9,4.7
Summarize techniques for YouTube scripts including keyword research covering multichannel strategy.,content_creation,mid,5.8,5.1,5.2,5.7,4.7
Plan a webinar on SEO content pillars with measurable KPIs with interactive elements.,content_creation,mid,6.3,6.7,5.8,6.0,4.5
Design adaptive learning modules for project rubrics with scaffolding guides. Suggest best practices.,education,mid,6.8,6.5,6.7,5.7,5.6
Plan a flipped classroom session on curriculum mapping including real-world examples for a 45-minute session.,education,mid,6.6,5.9,5.1,5.9,5.9
Compare approaches to YouTube scripts for a product launch for a B2B SaaS brand.,content_creation,mid,6.2,6.3,5.1,6.1,4.0
Analyze trends in visual storytelling with tone and style guidelines. Suggest best practices.,content_creation,mid,6.5,5.5,6.7,5.2,5.9
Write case studies on A/B testing headlines including keyword research with interactive elements.,content_creation,mid,6.4,6.9,5.1,6.6,4.6
Optimize copy for SEO content gap analysis for social and blog formats.,content_creation,mid,6.6,6.7,5.5,6.9,5.0
Design security vulnerabilities covering edge cases. Focus on practical applications.,software_engineering,mid,6.2,6.2,6.0,6.2,5.8
Write social captions about A/B testing headlines including editorial calendar including conversion optimization tips. Focus on practical applications.,content_creation,mid,5.5,5.2,6.7,6.8,5.8
Design adaptive learning modules for critical thinking exercises for high school students with peer evaluation. Focus on practical applications.,education,mid,6.0,5.9,6.3,6.8,4.5
Plan a flipped classroom session on inclusive pedagogy with extension tasks.,education,mid,5.6,6.8,5.6,5.6,5.6
Create interactive quizzes for visual storytelling including conversion optimization tips.,content_creation,mid,6.6,7.0,5.5,6.7,5.1
Develop email campaigns for thought leadership posts with engagement metrics with interactive elements. Consider edge cases.,content_creation,mid,6.1,5.5,5.7,6.4,5.1
Summarize research on inclusive pedagogy including assessment criteria with peer evaluation.,education,mid,6.3,5.4,6.5,5.3,5.6
Explain fundamentals of project rubrics with learning analytics suggestions including gamified exercises. Include metrics or KPIs.,education,mid,6.5,5.8,5.9,6.6,4.7
Write social captions about social media hooks with engagement metrics. Use real-world examples.,content_creation,mid,6.2,6.3,6.8,6.9,5.6
Assess security for code reviews with diagrams.,software_engineering,mid,6.6,5.3,6.2,5.2,5.3
Document incident response with detailed bug analysis. Include examples.,software_engineering,mid,5.4,5.0,5.3,6.0,5.4
Analyze trends in influencer collaborations including conversion optimization tips for social and blog formats.,content_creation,mid,5.2,6.2,6.5,6.7,4.7
Summarize research on flipped classroom models covering collaborative projects for a 45-minute session.,education,mid,5.7,5.8,6.9,5.5,4.2
Facilitate peer review for instructional scaffolding including gamified exercises.,education,mid,6.3,6.3,6.5,5.3,4.3
Assess student performance in learning analytics including formative checks.,education,mid,5.8,5.1,6.9,6.6,4.5
Outline a guide on SEO content pillars with measurable KPIs with tone and style guidelines.,content_creation,mid,6.8,5.5,6.5,5.9,5.6
Optimize copy for SEO newsletter strategy covering SEO best practices with audience personas. Consider edge cases.,content_creation,mid,5.8,6.8,6.3,5.4,5.5
Plan a flipped classroom session on competency frameworks aligned to learning outcomes.,education,mid,6.9,6.7,7.0,5.6,5.4
Review code for Python FastAPI with code review notes. Focus on practical applications.,software_engineering,mid,5.6,5.8,6.7,6.6,5.8
Summarize techniques for influencer collaborations for a product launch.,content_creation,mid,5.4,6.9,6.3,5.1,5.9
Produce a podcast episode on brand messaging for a product launch with engagement metrics. Highlight potential pitfalls.,content_creation,mid,7.0,5.8,6.1,5.6,4.3
Implement Python FastAPI with performance benchmarks. Use real-world examples.,software_engineering,mid,6.7,5.6,5.9,5.9,5.5
Develop classroom activities for gamified learning with differentiated activities.,education,mid,6.4,6.1,6.5,5.1,5.4
Design a rubric for differentiated instruction including formative checks.,education,mid,6.2,5.4,6.6,5.7,5.2
Plan a flipped classroom session on project-based learning using active learning with competency tracking. Highlight potential pitfalls.,education,mid,6.3,6.5,5.4,5.8,5.2
Explain distributed transactions including alternative implementations. Explain to a beginner.,software_engineering,mid,5.3,6.6,6.0,5.2,5.3
Analyze outcomes of blended learning with learning analytics suggestions including formative checks.,education,mid,6.1,6.8,5.4,5.7,6.0
Map a curriculum for active learning strategies with peer evaluation with scaffolding guides.,education,mid,5.7,5.5,5.5,5.1,4.4
Develop collaborative projects for flipped classroom models with competency tracking with scaffolding guides.,education,mid,6.4,5.2,5.5,5.2,4.5
Design a content brief for long-form articles with tone and style guidelines.,content_creation,mid,6.8,5.8,6.2,5.0,4.4
Develop email campaigns for keyword clustering for a B2B SaaS brand including conversion optimization tips.,content_creation,mid,5.8,6.2,5.9,6.2,5.7
Document microservices with detailed bug analysis.,software_engineering,mid,5.9,5.9,6.9,6.5,4.6
Draft a unit outline on instructional scaffolding covering collaborative projects for blended learning. Include metrics or KPIs.,education,mid,5.6,6.1,5.6,7.0,5.8
Optimize copy for SEO case study frameworks for a product launch.,content_creation,mid,5.7,6.4,5.0,5.9,4.6
Analyze unit testing with detailed bug analysis covering edge cases. Include metrics or KPIs.,software_engineering,mid,6.0,5.2,5.5,6.3,5.8
Plan a webinar on long-form articles with distribution channels. Highlight potential pitfalls.,content_creation,mid,5.2,5.4,5.6,6.9,4.3
Draft a unit outline on curriculum mapping including formative checks. Include metrics or KPIs.,education,mid,6.0,6.4,6.6,6.8,5.6
Plan a webinar on viral hooks including conversion optimization tips.,content_creation,mid,6.4,5.0,5.4,5.3,4.8
Draft a proposal for dependency injection covering security trade-offs with performance considerations.,software_engineering,mid,6.9,6.6,5.1,6.4,4.3
Optimize performance of load testing with CI/CD pipeline setup. Use real-world examples.,software_engineering,mid,6.6,5.7,5.4,5.6,5.0
Optimize copy for SEO landing page copy with tone and style guidelines.,content_creation,mid,5.4,5.3,6.0,6.1,5.2
Optimize copy for SEO newsletter strategy for social and blog formats.,content_creation,mid,5.4,5.3,5.5,6.5,5.9
Design OAuth 2.0 with architecture diagrams. Include examples.,software_engineering,mid,6.1,6.6,5.8,6.3,4.2
Map a curriculum for flipped classroom models including formative checks. Provide step-by-step guidance.,education,mid,5.1,5.8,6.3,6.3,5.8
Create assessment quizzes for learning path design with remediation ideas. Include examples.,education,mid,6.6,6.6,6.5,6.4,4.7
Draft video scripts about editorial calendars for a B2B SaaS brand.,content_creation,mid,5.4,6.4,6.0,6.5,5.3
Design Python FastAPI with debugging tips. Include metrics or KPIs.,software_engineering,mid,5.9,6.0,6.3,5.9,4.7
Summarize best practices for caching strategies including deployment steps with architecture diagrams.,software_engineering,mid,5.0,6.4,5.8,6.2,5.2
Draft video scripts about A/B testing headlines with measurable KPIs.,content_creation,mid,6.7,6.2,6.4,6.7,4.4
Analyze monitoring dashboards including deployment steps. Provide step-by-step guidance.,software_engineering,mid,6.4,5.5,5.0,6.5,4.8
Outline a guide on engagement metrics with storytelling frameworks.,content_creation,mid,6.4,6.4,6.9,6.1,5.6
Create assessment quizzes for learning outcomes including assessment criteria using adaptive learning.,education,mid,6.5,5.2,6.4,6.4,5.1
Create assessment quizzes for lesson objectives aligned to learning outcomes.,education,mid,5.9,6.9,6.2,6.9,5.4
Facilitate peer review for student engagement metrics using adaptive learning. Include metrics or KPIs.,education,mid,6.8,6.1,5.0,6.2,4.0
Design adaptive learning modules for student engagement metrics using active learning with peer evaluation.,education,mid,6.1,5.8,5.1,6.1,5.1
Design a content brief for storytelling techniques with measurable KPIs with tone and style guidelines.,content_creation,mid,6.5,5.2,5.5,6.9,5.2
Review code for refactoring legacy code with debugging tips with code review notes.,software_engineering,mid,5.7,5.4,6.7,6.6,4.2
Create scaffolding materials for Bloom’s taxonomy for a 45-minute session. Provide step-by-step guidance.,education,mid,6.6,6.1,6.2,7.0,4.9
Summarize techniques for podcast scripts with visual references for email marketing. Provide step-by-step guidance.,content_creation,mid,5.5,6.5,5.8,6.2,4.8
Draft a content strategy for infographic design including influencer mentions. Include examples.,content_creation,mid,5.8,6.6,6.4,5.7,4.1
Review code for API versioning with diagrams with performance considerations.,software_engineering,mid,5.2,6.2,6.5,5.0,4.4
Investigate memory leaks in TypeScript types step by step.,software_engineering,mid,6.5,6.6,5.7,6.8,4.1
Write case studies on infographic design including editorial calendar. Focus on practical applications.,content_creation,mid,5.8,7.0,5.2,6.0,5.8
Outline a guide on interactive content with interactive elements covering SEO best practices.,content_creation,mid,5.8,6.3,6.5,7.0,4.1
Design microlearning modules on learning analytics covering collaborative projects.,education,mid,6.2,6.1,6.9,5.5,4.6
Create assessment quizzes for gamified learning with competency tracking including gamified exercises.,education,mid,5.3,6.7,5.3,5.6,6.0
Create a tutorial on API versioning with security audit checklist. Consider edge cases.,software_engineering,mid,6.1,5.1,6.3,6.6,5.1
Review code for performance profiling covering edge cases. Focus on practical applications.,software_engineering,mid,5.9,5.8,5.4,6.6,5.7
Generate a list of A/B testing headlines with audience personas.,content_creation,mid,6.4,5.8,6.7,6.3,4.6
Assess student performance in adaptive learning with differentiated activities. Highlight potential pitfalls.,education,mid,6.2,6.9,5.0,5.5,5.8
Develop gamified exercises on collaborative projects including gamified exercises.,education,mid,5.2,7.0,5.7,6.8,5.8
Generate a list of interactive content including editorial calendar.,content_creation,mid,6.5,6.2,5.6,6.6,5.3
Assess security for Kubernetes including refactoring steps with security audit checklist.,software_engineering,mid,5.7,5.3,6.6,5.4,5.4
Document Python FastAPI covering security trade-offs including pros and cons. Include metrics or KPIs.,software_engineering,mid,6.7,5.4,6.4,5.6,4.6
Fix bugs in monolith migration covering security trade-offs.,software_engineering,mid,5.2,6.6,6.5,6.5,5.7
Automate deployment for serverless architecture with debugging tips.,software_engineering,mid,5.8,6.9,5.2,6.0,5.4
Configure CI/CD for monitoring dashboards with performance considerations. Use real-world examples.,software_engineering,mid,5.5,6.0,5.8,5.3,4.0
Debug Node.js with Express with architecture diagrams. Include metrics or KPIs.,software_engineering,mid,5.6,5.9,5.4,5.4,5.2
Audit content for product launch copies covering multichannel strategy with examples and templates.,content_creation,mid,5.8,6.5,6.9,5.4,4.4
Write social captions about social media audit including editorial calendar for a B2B SaaS brand. Use real-world examples.,content_creation,mid,6.2,5.7,6.4,5.2,5.9
Design microlearning modules on edtech tools aligned to learning outcomes with peer evaluation.,education,mid,5.7,6.6,5.6,5.2,6.0
Write case studies on YouTube scripts with storytelling frameworks. Include metrics or KPIs.,content_creation,mid,6.2,6.4,6.2,6.2,4.8
Outline a guide on podcast scripts with visual references with interactive elements.,content_creation,mid,6.4,5.8,5.8,5.3,4.6
Plan a flipped classroom session on student engagement metrics using active learning. Include metrics or KPIs.,education,mid,5.8,5.2,6.0,6.0,4.7
Evaluate architecture of monolith migration with debugging tips. Suggest best practices.,software_engineering,mid,6.6,6.6,5.3,5.8,4.6
Analyze monolith migration covering security trade-offs including refactoring steps. Focus on practical applications.,software_engineering,mid,5.5,5.3,6.7,5.1,5.9
Develop gamified exercises on flipped classroom models with competency tracking using adaptive learning. Consider edge cases.,education,mid,6.2,6.2,5.9,6.1,4.2
Create a lesson plan on differentiated instruction for a 45-minute session.,education,mid,5.5,5.1,6.1,6.0,5.2
Summarize research on gamified learning aligned to learning outcomes covering collaborative projects. Consider edge cases.,education,mid,6.2,5.6,6.4,5.3,5.8
Explain static code analysis using real-world scenarios.,software_engineering,mid,5.4,6.4,5.4,6.5,5.2
Write educational guides for project-based learning with learning analytics suggestions with scaffolding guides. Include examples.,education,mid,6.9,5.1,5.0,6.6,5.6
Outline a guide on keyword clustering for email marketing for a B2B SaaS brand.,content_creation,mid,5.1,6.0,6.6,6.4,5.8
Automate deployment for bug fixes with testing strategies with debugging tips.,software_engineering,mid,6.7,6.6,6.6,6.3,4.7
Create an editorial plan for newsletter strategy for email marketing with distribution channels. Consider edge cases.,content_creation,mid,5.9,7.0,6.4,5.4,4.4
Plan a migration for refactoring legacy code including alternative implementations. Focus on practical applications.,software_engineering,mid,6.7,5.7,5.0,5.6,5.2
Design visual assets for YouTube scripts covering SEO best practices.,content_creation,mid,5.9,5.4,5.0,5.8,5.2
Develop classroom activities for digital literacy aligned to learning outcomes with peer evaluation.,education,mid,6.9,5.9,5.9,5.8,5.3
Create scaffolding materials for project-based learning using active learning with peer evaluation. Focus on practical applications.,education,mid,6.7,6.5,6.0,6.1,4.2
Produce a podcast episode on podcast scripts with engagement metrics including conversion optimization tips. Use real-world examples.,content_creation,mid,6.3,6.7,5.1,6.7,4.3
Explain fundamentals of assessment rubrics with learning analytics suggestions.,education,mid,5.4,6.5,5.1,6.8,5.9
Explain fundamentals of critical thinking exercises including gamified exercises. Focus on practical applications.,education,mid,5.7,6.9,6.3,6.6,5.9
Summarize research on edtech tools with classroom examples with remediation ideas. Suggest best practices.,education,mid,5.4,6.6,5.7,6.9,5.1
Write a blog post about editorial calendars with engagement metrics with interactive elements. Highlight potential pitfalls.,content_creation,mid,6.7,5.5,5.5,6.1,5.3
Summarize best practices for Docker containers with diagrams. Focus on practical applications.,software_engineering,mid,6.6,6.7,6.7,5.7,5.9
Design a rubric for assessment rubrics with scaffolding guides with classroom examples. Include metrics or KPIs.,education,mid,5.2,5.3,5.0,6.8,5.3
Summarize techniques for brand messaging for a product launch. Focus on practical applications.,content_creation,mid,6.2,5.1,7.0,6.6,4.2
Draft video scripts about newsletter strategy with distribution channels covering SEO best practices.,content_creation,mid,6.9,6.9,5.1,5.4,5.9
Design adaptive learning modules for blended learning with differentiated activities including real-world examples. Provide step-by-step guidance.,education,mid,7.0,5.3,7.0,5.4,4.2
Write case studies on thought leadership posts with examples and templates.,content_creation,mid,6.5,6.2,6.4,6.1,5.3
Conduct load testing for CI/CD pipelines including deployment steps.,software_engineering,mid,5.1,5.1,5.3,7.0,5.3
Compare monitoring dashboards covering edge cases with detailed bug analysis. Provide step-by-step guidance.,software_engineering,mid,6.0,5.4,6.2,6.9,4.6
Produce a podcast episode on newsletter strategy for social and blog formats for email marketing.,content_creation,mid,6.5,5.6,5.5,5.5,5.3
Compare pedagogical methods for lesson objectives using adaptive learning with microlearning exercises. Include metrics or KPIs.,education,mid,5.7,5.3,5.1,6.3,5.7
Generate a list of social media audit with storytelling frameworks. Include examples.,content_creation,mid,6.1,6.3,6.6,5.1,4.2
Draft video scripts about A/B testing headlines for a product launch. Include metrics or KPIs.,content_creation,mid,5.6,5.9,6.3,6.6,5.3
Analyze trends in interactive content for social and blog formats. Focus on practical applications.,content_creation,mid,5.1,5.7,5.1,5.3,4.6
Evaluate architecture of TypeScript types with code review notes step by step. Explain to a beginner.,software_engineering,mid,6.3,7.0,6.7,6.3,4.1
Compare approaches to storytelling techniques covering multichannel strategy.,content_creation,mid,5.4,5.5,5.3,6.1,4.4
Summarize techniques for email drip campaigns with audience personas including editorial calendar.,content_creation,mid,6.2,6.8,6.4,6.3,4.7
Write a blog post about influencer collaborations for a B2B SaaS brand with storytelling frameworks. Highlight potential pitfalls.,content_creation,mid,6.9,6.1,6.1,6.4,5.8
Explain logging and observability with performance benchmarks step by step.,software_engineering,mid,5.6,5.5,6.0,5.5,4.1
Write educational guides for peer assessment with extension tasks with remediation ideas. Use real-world examples.,education,mid,6.3,5.9,5.9,6.2,5.2
Create infographics on YouTube scripts with storytelling frameworks. Focus on practical applications.,content_creation,mid,6.4,5.4,5.1,6.3,5.2
Write unit tests for dependency injection with diagrams including alternative implementations. Focus on practical applications.,software_engineering,mid,6.5,6.0,6.0,6.6,4.6
Draft a proposal for caching strategies with code review notes covering edge cases. Consider edge cases.,software_engineering,mid,6.9,6.9,6.5,5.1,5.5
Analyze outcomes of inclusive pedagogy including formative checks covering collaborative projects.,education,mid,5.1,6.4,6.6,6.0,5.6
Fix bugs in Docker containers covering security trade-offs with performance considerations.,software_engineering,mid,6.7,5.6,5.6,5.2,5.2
Draft video scripts about social media audit for a B2B SaaS brand.,content_creation,mid,6.0,5.3,6.7,5.1,4.3
Fix bugs in load testing using real-world scenarios. Include examples.,software_engineering,mid,6.9,5.9,5.5,6.0,6.0
Draft a content strategy for newsletter strategy with storytelling frameworks with interactive elements. Focus on practical applications.,content_creation,mid,5.0,6.4,6.5,5.1,5.1
Automate deployment for monitoring dashboards including pros and cons with diagrams. Include examples.,software_engineering,mid,5.3,6.4,6.7,6.5,4.3
Summarize research on instructional design patterns for a 45-minute session with classroom examples. Use real-world examples.,education,mid,5.6,5.9,6.6,5.0,5.2
Develop classroom activities for peer assessment with classroom examples. Include examples.,education,mid,6.7,6.6,6.5,5.4,4.6
Debug TypeScript types with code examples. Include examples.,software_engineering,mid,6.1,6.9,6.5,5.2,5.6
Write teacher notes about competency frameworks including formative checks including real-world examples. Provide step-by-step guidance.,education,mid,6.0,5.1,6.3,5.2,5.6
Investigate memory leaks in code reviews with debugging tips.,software_engineering,mid,6.1,6.5,5.3,5.8,4.3
Create infographics on storytelling techniques with tone and style guidelines.,content_creation,mid,6.1,5.0,6.1,6.5,5.7
Refactor dependency injection with security audit checklist. Include examples.,software_engineering,mid,6.7,5.9,6.0,5.7,5.3
Draft a content strategy for infographic design for a B2B SaaS brand.,content_creation,mid,5.9,6.0,5.5,6.9,4.5
Explain fundamentals of assessment rubrics with differentiated activities.,education,mid,6.7,5.9,6.0,6.3,4.6
Facilitate peer review for student engagement metrics covering collaborative projects using adaptive learning. Provide step-by-step guidance.,education,mid,5.2,5.5,5.8,6.5,4.6
Create interactive quizzes for multichannel campaigns covering multichannel strategy with distribution channels.,content_creation,mid,6.0,5.6,6.0,5.9,5.9
Create an editorial plan for YouTube scripts with visual references for a product launch.,content_creation,mid,6.5,6.0,6.6,6.0,5.3
Summarize techniques for conversion copywriting for a product launch.,content_creation,mid,5.5,5.0,6.2,5.7,5.1
Write educational guides for critical thinking exercises with differentiated activities including real-world examples. Include examples.,education,mid,6.7,6.3,5.5,7.0,4.9
Draft a proposal for code reviews including pros and cons using real-world scenarios.,software_engineering,mid,5.9,6.0,5.1,5.1,5.1
Configure CI/CD for event-driven systems including pros and cons including alternative implementations.,software_engineering,mid,5.5,5.3,5.3,5.9,5.6
Create assessment quizzes for inclusive pedagogy including assessment criteria. Provide step-by-step guidance.,education,mid,6.2,6.2,6.7,6.9,4.4
Assess security for incident response including refactoring steps with diagrams.,software_engineering,mid,6.9,6.8,6.4,7.0,5.3
Create scaffolding materials for project-based learning for a 45-minute session for high school students.,education,mid,5.2,5.8,5.1,5.2,5.5
Write teacher notes about project rubrics covering collaborative projects with peer evaluation.,education,mid,5.6,5.9,5.3,6.4,4.1
Compare approaches to SEO content pillars with interactive elements with distribution channels.,content_creation,mid,6.9,6.4,6.2,5.8,4.4
Summarize techniques for content gap analysis with examples and templates with visual references.,content_creation,mid,6.7,6.4,6.6,6.9,4.0
Plan a migration for caching strategies with security audit checklist including pros and cons. Provide step-by-step guidance.,software_engineering,mid,6.3,5.1,5.3,6.6,6.0
Automate deployment for Node.js with Express with security audit checklist. Use real-world examples.,software_engineering,mid,5.2,6.0,5.5,6.7,5.8
Explain fundamentals of critical thinking exercises with microlearning exercises.,education,mid,5.2,6.7,5.6,5.5,5.7
Design load testing covering edge cases including deployment steps.,software_engineering,mid,6.5,6.3,5.5,6.0,4.8
Develop email campaigns for YouTube scripts with A/B testing suggestions for a product launch. Provide step-by-step guidance.,content_creation,mid,5.7,6.8,6.5,6.4,5.7
Plan a migration for CI/CD pipelines with performance considerations with CI/CD pipeline setup.,software_engineering,mid,6.8,5.3,6.6,5.9,5.7
Develop email campaigns for long-form articles covering multichannel strategy with engagement metrics. Suggest best practices.,content_creation,mid,6.9,7.0,5.8,5.8,5.5
Design a rubric for project rubrics for a 45-minute session including formative checks.,education,mid,5.3,5.0,5.4,7.0,4.0
Facilitate peer review for student engagement metrics with learning analytics suggestions. Explain to a beginner.,education,mid,6.8,6.0,5.6,6.5,4.3
Explain fundamentals of project rubrics with microlearning exercises. Focus on practical applications.,education,mid,6.6,6.4,5.4,6.0,5.5
Design monolith migration with CI/CD pipeline setup. Use real-world examples.,software_engineering,mid,5.9,6.5,5.2,5.8,6.0
Create scaffolding materials for learning analytics for a 45-minute session.,education,mid,5.5,6.9,5.1,5.4,4.4
Summarize techniques for interactive content with visual references with tone and style guidelines. Include metrics or KPIs.,content_creation,mid,6.8,5.8,6.7,6.4,5.5
Write unit tests for logging and observability with performance benchmarks.,software_engineering,mid,6.0,6.3,5.5,5.6,4.8
Write teacher notes about project-based learning including gamified exercises including formative checks.,education,mid,5.5,5.2,6.3,6.3,4.7
Design a rubric for blended learning with learning analytics suggestions. Explain to a beginner.,education,mid,6.7,6.1,6.1,7.0,4.1
Assess security for logging and observability with diagrams.,software_engineering,mid,6.1,6.5,6.8,5.5,4.5
Conduct load testing for monolith migration with architecture diagrams using real-world scenarios.,software_engineering,mid,5.8,5.7,5.7,5.5,4.9
Audit content for product launch copies including influencer mentions.,content_creation,mid,6.8,6.6,6.7,6.3,4.4
Configure CI/CD for dependency injection with code examples with performance considerations. Explain to a beginner.,software_engineering,mid,5.6,6.3,5.5,5.1,5.3
Refactor database indexing with testing strategies covering security trade-offs. Provide step-by-step guidance.,software_engineering,mid,6.1,6.3,5.4,6.5,4.2
Assess security for CI/CD pipelines with debugging tips with performance considerations.,software_engineering,mid,6.9,5.3,6.3,6.4,5.2
Analyze outcomes of blended learning with microlearning exercises.,education,mid,6.9,6.6,5.1,5.1,4.1
Fix bugs in Django ORM covering security trade-offs. Consider edge cases.,software_engineering,mid,6.4,5.9,6.4,6.8,4.9
Design React state management including refactoring steps. Include examples.,software_engineering,mid,6.7,5.7,6.8,6.6,4.5
Plan a migration for clean architecture with detailed bug analysis including refactoring steps. Highlight potential pitfalls.,software_engineering,mid,6.5,6.5,5.4,5.6,5.5
Summarize best practices for microservices including pros and cons. Suggest best practices.,software_engineering,mid,5.1,5.9,6.6,6.6,5.7
Create infographics on long-form articles covering multichannel strategy.,content_creation,mid,5.8,6.2,6.0,6.1,4.5
Develop classroom activities for peer assessment aligned to learning outcomes including assessment criteria.,education,mid,5.3,6.6,5.6,5.7,5.1
Write case studies on content gap analysis for a B2B SaaS brand.,content_creation,mid,5.1,6.4,6.5,5.6,5.9
Fix bugs in feature toggles with architecture diagrams.,software_engineering,mid,6.2,5.4,6.1,6.0,4.2
Create scaffolding materials for differentiated instruction including assessment criteria. Use real-world examples.,education,mid,5.7,6.8,5.4,6.7,5.3
Design a rubric for STEM integration with learning analytics suggestions.,education,mid,5.9,5.3,6.0,5.2,4.9
Create a tutorial on Node.js with Express with CI/CD pipeline setup. Include examples.,software_engineering,mid,7.0,5.4,6.8,6.3,6.0
Create a lesson plan on formative assessment with microlearning exercises with scaffolding guides.,education,mid,5.8,5.5,5.7,6.0,5.5
Develop collaborative projects for Bloom’s taxonomy with classroom examples.,education,mid,6.8,6.5,5.8,6.9,4.3
Conduct load testing for serverless architecture with testing strategies using real-world scenarios.,software_engineering,mid,6.1,6.6,6.9,5.1,5.9
Write teacher notes about Bloom’s taxonomy including gamified exercises.,education,mid,5.4,5.4,5.7,6.7,4.6
Explain fundamentals of inclusive pedagogy including formative checks. Provide step-by-step guidance.,education,mid,5.9,6.0,6.8,6.7,5.3
Facilitate peer review for project-based learning for high school students.,education,mid,5.9,6.2,5.4,6.6,5.2
Design a rubric for project rubrics including formative checks with learning analytics suggestions.,education,mid,6.0,5.4,6.7,6.6,4.4
Automate deployment for code reviews covering security trade-offs. Use real-world examples.,software_engineering,mid,6.4,5.5,5.2,5.9,5.4
Implement Kubernetes step by step with debugging tips.,software_engineering,mid,6.4,6.7,5.8,5.1,5.4
Map a curriculum for learning outcomes with competency tracking.,education,mid,5.9,6.7,5.2,5.8,5.5
Debug TypeScript types with detailed bug analysis.,software_engineering,mid,6.2,7.0,6.2,7.0,5.8
Create an editorial plan for influencer collaborations with distribution channels.,content_creation,mid,6.5,6.2,5.7,5.9,5.0
Facilitate peer review for instructional design patterns including assessment criteria.,education,mid,5.8,6.1,6.9,5.9,5.2
Outline a guide on A/B testing headlines with measurable KPIs.,content_creation,mid,6.5,6.6,6.1,6.9,4.1
Design visual assets for blog topic clusters including editorial calendar with storytelling frameworks. Highlight potential pitfalls.,content_creation,mid,5.8,5.4,5.8,5.8,5.1
Summarize best practices for database indexing including alternative implementations with performance considerations. Use real-world examples.,software_engineering,mid,5.3,5.1,6.4,5.3,5.0
Design microlearning modules on competency frameworks aligned to learning outcomes. Focus on practical applications.,education,mid,6.3,5.3,5.4,6.6,6.0
Write a blog post about product launch copies for a B2B SaaS brand. Consider edge cases.,content_creation,mid,6.2,6.5,6.5,6.9,4.1
Design visual assets for landing page copy for social and blog formats.,content_creation,mid,6.2,5.2,6.7,5.4,5.0
Refactor Kubernetes including deployment steps.,software_engineering,mid,5.2,5.2,6.5,6.5,5.1
Create interactive quizzes for engagement metrics for email marketing. Highlight potential pitfalls.,content_creation,mid,6.6,6.4,5.9,6.5,5.6
Write a blog post about product launch copies covering SEO best practices. Provide step-by-step guidance.,content_creation,mid,7.0,6.9,5.3,5.8,4.9
Draft video scripts about email drip campaigns including keyword research. Suggest best practices.,content_creation,mid,6.0,5.4,5.2,6.1,5.4
Optimize performance of caching strategies for a production environment using real-world scenarios. Highlight potential pitfalls.,software_engineering,mid,6.1,6.5,5.4,5.9,5.5
Write teacher notes about instructional scaffolding for high school students with remediation ideas. Include examples.,education,mid,6.8,5.1,5.3,5.8,5.9
Develop gamified exercises on project-based learning for high school students.,education,mid,5.9,5.6,6.1,5.7,5.8
Evaluate architecture of GraphQL schemas with performance benchmarks with CI/CD pipeline setup. Include metrics or KPIs.,software_engineering,mid,6.0,5.2,6.8,6.6,5.3
Analyze Kubernetes with performance considerations. Explain to a beginner.,software_engineering,mid,5.7,6.8,6.2,5.8,5.7
Produce a podcast episode on storytelling techniques with measurable KPIs. Include examples.,content_creation,mid,6.7,6.0,5.6,5.3,5.8
Compare pedagogical methods for instructional design patterns with competency tracking with scaffolding guides. Highlight potential pitfalls.,education,mid,6.7,6.3,5.7,5.7,5.1
Evaluate architecture of microservices with performance benchmarks. Provide step-by-step guidance.,software_engineering,mid,5.9,5.8,6.2,5.9,5.1
Design microlearning modules on STEM integration including formative checks.,education,mid,5.2,6.2,5.6,5.9,4.5
Develop classroom activities for learning path design including formative checks with scaffolding guides.,education,mid,5.0,5.0,5.4,5.6,5.5
Design database indexing with diagrams including alternative implementations. Highlight potential pitfalls.,software_engineering,mid,5.4,5.5,6.7,6.6,5.3
Analyze Kubernetes with code examples using real-world scenarios.,software_engineering,mid,5.0,6.8,5.9,6.6,5.3
Generate a list of keyword clustering for social and blog formats. Suggest best practices.,content_creation,mid,5.5,5.9,5.7,5.2,4.6
Analyze outcomes of adaptive learning with microlearning exercises.,education,mid,6.4,6.6,5.9,5.1,5.3
Summarize techniques for infographic design with examples and templates with engagement metrics. Consider edge cases.,content_creation,mid,5.0,6.3,6.8,5.3,4.5
Investigate memory leaks in CI/CD pipelines step by step.,software_engineering,mid,6.9,5.3,6.5,6.4,5.8
Design a rubric for gamified learning for blended learning.,education,mid,6.7,5.3,5.1,5.7,4.0
Develop email campaigns for interactive content including conversion optimization tips. Highlight potential pitfalls.,content_creation,mid,6.5,6.3,5.5,5.4,4.1
Analyze microservices including refactoring steps including deployment steps.,software_engineering,mid,6.9,6.1,5.8,5.2,4.5
Design end-to-end testing step by step with testing strategies. Focus on practical applications.,software_engineering,mid,5.3,5.7,6.1,5.6,4.9
Outline a guide on customer journey mapping for a B2B SaaS brand. Provide step-by-step guidance.,content_creation,mid,5.8,6.0,5.4,6.7,5.3
Develop email campaigns for customer journey mapping including keyword research with audience personas.,content_creation,mid,5.9,6.4,5.4,6.7,5.1
Generate a list of viral hooks for a product launch. Include examples.,content_creation,mid,5.2,5.3,6.4,5.3,5.7
Explain fundamentals of gamified learning covering collaborative projects.,education,mid,6.4,5.7,5.3,5.3,4.6
Plan a flipped classroom session on digital literacy including real-world examples aligned to learning outcomes. Highlight potential pitfalls.,education,mid,5.2,6.5,5.1,6.8,5.0
Develop classroom activities for learning outcomes including real-world examples using active learning. Provide step-by-step guidance.,education,mid,5.6,6.2,5.5,6.1,5.7
Write unit tests for bug fixes step by step with security audit checklist. Include examples.,software_engineering,mid,6.1,5.9,7.0,6.4,5.4
Outline a guide on multichannel campaigns with storytelling frameworks with audience personas.,content_creation,mid,5.2,5.4,5.6,5.8,5.5
Assess student performance in student engagement metrics with competency tracking.,education,mid,6.9,5.7,5.9,5.3,4.7
Develop classroom activities for peer assessment including assessment criteria.,education,mid,5.6,6.8,5.4,6.6,5.5
Plan a flipped classroom session on formative assessment including formative checks for a 45-minute session. Include examples.,education,mid,6.4,6.6,6.0,5.9,4.5
Compare approaches to brand voice guidelines with measurable KPIs with engagement metrics.,content_creation,mid,6.5,6.1,5.9,6.5,4.8
Create infographics on social media audit including editorial calendar. Highlight potential pitfalls.,content_creation,mid,6.7,5.9,6.1,5.6,5.6
Summarize research on student engagement metrics with peer evaluation with classroom examples.,education,mid,6.6,6.7,6.0,6.8,5.0
Create assessment quizzes for instructional design patterns including assessment criteria including gamified exercises.,education,mid,5.3,7.0,5.8,6.8,4.5
Optimize performance of event-driven systems with code examples. Use real-world examples.,software_engineering,mid,6.6,6.9,6.6,6.2,5.1
Analyze monolith migration with performance considerations covering edge cases. Consider edge cases.,software_engineering,mid,6.6,6.1,5.1,6.4,4.5
Create interactive quizzes for conversion copywriting for a product launch for a B2B SaaS brand.,content_creation,mid,5.3,6.2,5.5,6.6,5.7
Write social captions about case study frameworks covering multichannel strategy including keyword research. Highlight potential pitfalls.,content_creation,mid,6.1,5.5,5.5,5.3,4.5
Develop classroom activities for curriculum mapping with microlearning exercises with competency tracking. Explain to a beginner.,education,mid,5.7,6.5,5.2,6.2,4.0
Write social captions about multichannel campaigns with examples and templates. Include examples.,content_creation,mid,5.1,6.4,6.3,5.5,5.7
Plan a webinar on storytelling techniques with storytelling frameworks including editorial calendar. Provide step-by-step guidance.,content_creation,mid,6.7,5.7,5.8,5.8,4.7
Write case studies on infographic design including editorial calendar with visual references. Consider edge cases.,content_creation,mid,6.0,5.0,5.6,6.6,5.1
Design a rubric for lesson objectives including gamified exercises with learning analytics suggestions.,education,mid,6.0,5.4,5.2,6.2,5.7
Plan a webinar on content repurposing with examples and templates including editorial calendar.,content_creation,mid,5.9,5.6,5.3,6.8,4.6
Write educational guides for project rubrics using adaptive learning with remediation ideas.,education,mid,6.1,5.7,6.5,5.7,4.8
Optimize copy for SEO podcast scripts for a B2B SaaS brand. Focus on practical applications.,content_creation,mid,6.7,5.5,6.4,6.9,4.6
Write case studies on interactive content for a B2B SaaS brand.,content_creation,mid,5.7,6.5,6.4,6.3,5.3
Refactor Kubernetes with testing strategies for a production environment. Focus on practical applications.,software_engineering,mid,5.8,6.7,6.3,6.1,5.5
Implement serverless architecture with code examples.,software_engineering,mid,6.8,6.9,6.6,6.0,4.3
Write unit tests for static code analysis including alternative implementations with code review notes. Provide step-by-step guidance.,software_engineering,mid,5.7,5.8,6.2,5.3,5.4
Fix bugs in TypeScript types with code review notes. Include examples.,software_engineering,mid,5.4,5.0,6.0,5.4,5.4
Develop email campaigns for case study frameworks with measurable KPIs. Use real-world examples.,content_creation,mid,6.0,6.6,6.9,6.0,5.9
Analyze outcomes of learning outcomes including real-world examples. Include examples.,education,mid,5.4,6.5,5.7,6.4,4.6
Fix bugs in event-driven systems with code review notes with debugging tips. Suggest best practices.,software_engineering,mid,6.2,6.5,5.9,5.9,4.7
Write social captions about editorial calendars covering multichannel strategy.,content_creation,mid,6.4,5.4,5.3,5.1,5.2
Design a rubric for Bloom’s taxonomy covering collaborative projects using active learning. Suggest best practices.,education,mid,5.1,6.5,5.4,5.8,4.4
Fix bugs in dependency injection with CI/CD pipeline setup including pros and cons.,software_engineering,mid,5.9,6.9,5.1,5.2,4.1
Generate a list of long-form articles with measurable KPIs. Include metrics or KPIs.,content_creation,mid,5.9,5.2,6.0,6.5,4.3
Automate deployment for continuous testing with code review notes.,software_engineering,mid,5.9,5.7,6.4,6.6,4.3
Write teacher notes about learning analytics with peer evaluation including assessment criteria.,education,mid,5.9,5.7,6.7,5.4,4.0
Produce a podcast episode on engagement metrics with examples and templates with interactive elements. Explain to a beginner.,content_creation,mid,5.0,6.3,5.4,5.6,5.2
Design a content brief for multichannel campaigns for a product launch.,content_creation,mid,6.6,5.2,5.5,5.4,4.8
Evaluate architecture of performance profiling with code review notes.,software_engineering,mid,6.2,5.3,6.0,5.3,5.0
Generate a list of content gap analysis for social and blog formats. Provide step-by-step guidance.,content_creation,mid,6.1,6.3,6.2,5.6,4.8
Design dependency injection covering security trade-offs including refactoring steps.,software_engineering,mid,6.7,5.7,5.9,6.0,4.1
Draft a content strategy for long-form articles with visual references. Use real-world examples.,content_creation,mid,5.4,5.3,6.2,5.3,4.4
Plan a webinar on conversion copywriting including editorial calendar for email marketing. Include examples.,content_creation,mid,6.5,6.5,6.7,6.0,5.9
Configure CI/CD for distributed transactions using real-world scenarios.,software_engineering,mid,6.7,6.4,6.8,5.3,4.5
Analyze outcomes of project rubrics with differentiated activities with classroom examples.,education,mid,6.6,5.8,5.9,6.0,4.8
Refactor load testing including refactoring steps. Consider edge cases.,software_engineering,mid,6.5,6.0,6.4,6.6,5.1
Analyze trends in tone and style guides with distribution channels. Include metrics or KPIs.,content_creation,mid,5.5,5.5,6.4,5.3,4.0
Evaluate architecture of dependency injection using real-world scenarios. Consider edge cases.,software_engineering,mid,6.4,6.6,6.2,6.8,4.2
Evaluate architecture of React state management with CI/CD pipeline setup with detailed bug analysis. Consider edge cases.,software_engineering,mid,5.0,6.8,6.8,6.2,4.5
Audit content for YouTube scripts with audience personas with interactive elements.,content_creation,mid,5.1,6.7,5.1,6.9,4.4
Facilitate peer review for flipped classroom models for blended learning.,education,mid,6.2,6.6,5.3,6.7,5.3
Facilitate peer review for instructional scaffolding aligned to learning outcomes.,education,mid,6.6,6.2,5.1,6.3,5.8
Configure CI/CD for serverless architecture including pros and cons.,software_engineering,mid,5.2,6.3,6.5,5.9,4.1
Explain fundamentals of learning analytics with microlearning exercises.,education,mid,5.4,5.2,6.4,5.2,4.4
Develop gamified exercises on blended learning for high school students.,education,mid,6.9,5.6,6.0,5.2,4.4
Audit content for tone and style guides with A/B testing suggestions. Consider edge cases.,content_creation,mid,5.2,7.0,6.2,6.1,5.0
Compare pedagogical methods for gamified learning for a 45-minute session.,education,mid,6.5,5.4,5.2,5.4,4.0
Develop gamified exercises on active learning strategies with microlearning exercises. Consider edge cases.,education,mid,6.5,6.4,6.2,5.5,5.5
Design microlearning modules on learning analytics with scaffolding guides with learning analytics suggestions. Suggest best practices.,education,mid,6.6,5.9,6.1,6.1,5.3
Develop gamified exercises on gamified learning aligned to learning outcomes.,education,mid,5.3,5.4,6.2,6.4,4.3
Summarize research on assessment rubrics with peer evaluation.,education,mid,6.1,5.5,5.0,6.7,4.2
Refactor microservices including alternative implementations including pros and cons. Include examples.,software_engineering,mid,6.9,5.9,6.2,6.4,5.5
Optimize copy for SEO engagement metrics for a product launch with visual references. Highlight potential pitfalls.,content_creation,mid,5.4,5.2,5.4,5.2,5.0
Write a blog post about landing page copy for a B2B SaaS brand.,content_creation,mid,6.4,6.3,5.5,6.7,5.1
Write educational guides for classroom management using adaptive learning.,education,mid,6.4,5.3,5.3,5.3,4.7
Conduct load testing for GraphQL schemas with diagrams including refactoring steps. Include examples.,software_engineering,mid,6.9,6.0,6.9,5.9,5.3
Draft a unit outline on collaborative projects including gamified exercises including assessment criteria.,education,mid,6.4,5.4,6.0,6.3,4.5
Develop gamified exercises on differentiated instruction using adaptive learning including real-world examples.,education,mid,6.6,6.6,6.9,6.4,4.0
Create a lesson plan on gamified learning with remediation ideas with learning analytics suggestions. Include metrics or KPIs.,education,mid,6.8,5.8,5.3,6.2,5.1
Optimize performance of CI/CD pipelines using real-world scenarios with architecture diagrams. Provide step-by-step guidance.,software_engineering,mid,5.4,6.9,5.9,5.6,5.9
Document Docker containers with CI/CD pipeline setup step by step.,software_engineering,mid,6.9,6.1,6.8,6.8,4.8
Generate a list of landing page copy with examples and templates.,content_creation,mid,5.3,5.8,6.0,5.2,5.4
Write unit tests for incident response including deployment steps including alternative implementations. Provide step-by-step guidance.,software_engineering,mid,7.0,6.4,6.5,5.7,4.5
Analyze outcomes of instructional scaffolding using active learning with remediation ideas. Explain to a beginner.,education,mid,5.8,6.7,5.8,5.5,5.0
Conduct load testing for refactoring legacy code with CI/CD pipeline setup.,software_engineering,mid,5.6,5.1,6.1,6.1,4.2
Investigate memory leaks in API versioning using real-world scenarios with architecture diagrams. Explain to a beginner.,software_engineering,mid,5.8,5.4,6.1,6.7,5.2
Optimize performance of performance profiling with architecture diagrams with code review notes.,software_engineering,mid,5.3,6.6,6.0,6.4,5.5
Explain OAuth 2.0 step by step. Include examples.,software_engineering,mid,5.2,5.5,5.9,6.4,4.5
Draft a content strategy for visual storytelling for social and blog formats.,content_creation,mid,6.4,5.2,6.8,6.9,4.2
Analyze trends in brand voice guidelines with measurable KPIs. Consider edge cases.,content_creation,mid,5.2,6.1,6.3,5.7,5.1
Develop email campaigns for content gap analysis including conversion optimization tips. Include examples.,content_creation,mid,6.6,6.6,5.9,5.9,5.4
Write a blog post about long-form articles with measurable KPIs.,content_creation,mid,6.4,5.5,5.2,7.0,4.5
Refactor OpenID Connect including alternative implementations with security audit checklist.,software_engineering,mid,6.2,5.3,6.8,5.8,4.0
Refactor microservices with detailed bug analysis. Highlight potential pitfalls.,software_engineering,mid,5.2,6.8,5.5,6.9,5.8
Compare pedagogical methods for microlearning including gamified exercises. Explain to a beginner.,education,mid,5.6,6.3,6.7,6.5,4.8
Summarize techniques for blog topic clusters covering SEO best practices.,content_creation,mid,5.8,5.2,5.5,5.9,4.4
Document feature toggles with debugging tips.,software_engineering,mid,6.7,5.3,6.8,6.8,5.6
Document Django ORM covering edge cases for a production environment.,software_engineering,mid,5.0,6.9,5.1,5.4,5.6
Configure CI/CD for memory leaks including refactoring steps. Provide step-by-step guidance.,software_engineering,mid,6.0,5.3,5.3,6.1,5.2
Develop gamified exercises on differentiated instruction covering collaborative projects including assessment criteria.,education,mid,6.9,6.7,6.1,6.2,4.5
Optimize performance of static code analysis with code review notes. Provide step-by-step guidance.,software_engineering,mid,6.2,6.2,5.0,6.4,5.0
Generate a list of newsletter strategy with measurable KPIs including influencer mentions.,content_creation,mid,6.1,6.1,5.6,5.3,6.0
Assess student performance in adaptive learning for blended learning with competency tracking. Explain to a beginner.,education,mid,6.2,6.7,5.4,5.1,5.4
Design a rubric for digital literacy aligned to learning outcomes with scaffolding guides. Highlight potential pitfalls.,education,mid,5.5,6.7,6.9,5.4,5.2
Write educational guides for project-based learning for high school students including formative checks.,education,mid,6.3,5.4,6.4,5.0,5.9
Explain fundamentals of project-based learning including formative checks with peer evaluation. Include metrics or KPIs.,education,mid,6.8,6.6,6.4,5.4,5.5
Implement distributed transactions with detailed bug analysis with architecture diagrams. Highlight potential pitfalls.,software_engineering,mid,5.0,5.2,5.2,6.3,5.9
Write social captions about podcast scripts with interactive elements.,content_creation,mid,6.4,6.2,6.7,6.3,5.9
Summarize research on Bloom’s taxonomy with learning analytics suggestions.,education,mid,6.8,5.0,5.5,5.4,5.3
Design a rubric for classroom management for blended learning.,education,mid,6.0,6.7,5.4,6.1,5.8
Develop classroom activities for formative assessment with peer evaluation.,education,mid,5.4,6.6,5.1,6.2,5.9
Design incident response with diagrams.,software_engineering,mid,6.5,6.0,6.4,6.9,6.0
Develop gamified exercises on inclusive pedagogy covering collaborative projects. Provide step-by-step guidance.,education,mid,5.9,5.3,6.2,6.0,4.2
Explain feature toggles including deployment steps.,software_engineering,mid,6.3,6.1,5.7,6.3,4.9
Compare pedagogical methods for project rubrics with peer evaluation with competency tracking.,education,mid,5.3,5.9,6.5,6.6,5.7
Automate deployment for load testing including refactoring steps including pros and cons.,software_engineering,mid,6.7,6.4,6.8,6.2,4.9
Evaluate architecture of security vulnerabilities with code review notes with architecture diagrams. Use real-world examples.,software_engineering,mid,6.9,5.6,5.4,5.1,4.5
Compare pedagogical methods for gamified learning with differentiated activities.,education,mid,5.1,5.9,5.1,5.6,4.7
Design a content brief for email drip campaigns with examples and templates.,content_creation,mid,5.2,5.2,6.6,5.5,4.2
Assess security for event-driven systems with performance considerations for a production environment. Use real-world examples.,software_engineering,mid,6.4,5.3,6.7,7.0,5.4
Create scaffolding materials for classroom management including formative checks for a 45-minute session. Provide step-by-step guidance.,education,mid,5.3,5.1,5.5,5.1,5.1
Assess student performance in inclusive pedagogy with classroom examples with peer evaluation. Suggest best practices.,education,mid,6.2,6.7,6.6,5.3,5.1
Fix bugs in microservices with code review notes covering edge cases. Suggest best practices.,software_engineering,mid,5.9,5.6,5.9,5.1,5.7
Refactor distributed transactions including deployment steps with security audit checklist.,software_engineering,mid,5.7,5.9,6.8,5.6,5.1
Debug end-to-end testing step by step with code examples. Suggest best practices.,software_engineering,mid,6.6,6.3,6.1,5.7,5.6
Plan a flipped classroom session on lesson objectives with extension tasks. Suggest best practices.,education,mid,6.2,6.1,5.2,6.3,5.5
Evaluate architecture of continuous testing for a production environment.,software_engineering,mid,6.7,5.5,6.9,6.8,4.8
Summarize techniques for blog topic clusters for social and blog formats with measurable KPIs.,content_creation,mid,6.4,6.6,6.4,6.9,4.4
Refactor memory leaks covering security trade-offs for a production environment.,software_engineering,mid,5.1,6.5,6.8,6.3,4.7
Compare approaches to podcast scripts with A/B testing suggestions covering SEO best practices. Include examples.,content_creation,mid,6.1,6.4,5.1,5.4,4.6
Design a content brief for YouTube scripts with distribution channels including influencer mentions.,content_creation,mid,6.8,6.0,5.1,5.4,4.3
Write teacher notes about active learning strategies for blended learning. Use real-world examples.,education,mid,5.7,6.7,6.2,5.8,4.5
Write social captions about conversion copywriting with A/B testing suggestions. Use real-world examples.,content_creation,mid,6.5,6.8,5.1,5.6,5.1
Design unit testing with detailed bug analysis.,software_engineering,mid,5.9,6.4,6.4,5.7,4.7
Create assessment quizzes for project-based learning covering collaborative projects including formative checks.,education,mid,6.3,5.7,5.5,6.2,5.8
Write unit tests for REST APIs including deployment steps including refactoring steps. Consider edge cases.,software_engineering,mid,5.2,6.6,6.4,6.1,4.1
Analyze trends in content gap analysis with audience personas.,content_creation,mid,5.5,6.4,6.3,5.4,5.4
Analyze GraphQL schemas with CI/CD pipeline setup.,software_engineering,mid,6.1,5.3,5.3,6.3,5.9
Investigate memory leaks in microservices with code examples.,software_engineering,mid,5.3,7.0,6.8,5.6,4.1
Audit content for landing page copy with distribution channels covering multichannel strategy.,content_creation,mid,5.5,5.3,6.2,6.9,5.2
Write teacher notes about formative assessment with extension tasks including assessment criteria. Use real-world examples.,education,mid,6.6,6.4,6.2,5.9,4.4
Write unit tests for performance profiling with detailed bug analysis. Include examples.,software_engineering,mid,6.8,5.4,6.1,5.0,5.7
Design load testing step by step. Consider edge cases.,software_engineering,mid,6.9,6.2,6.7,6.6,4.8
Explain REST APIs with testing strategies with diagrams.,software_engineering,mid,6.4,5.2,6.5,5.5,4.5
Compare approaches to viral hooks including influencer mentions for a B2B SaaS brand. Focus on practical applications.,content_creation,mid,5.5,6.2,5.4,5.1,4.9
Analyze dependency injection with testing strategies with architecture diagrams. Include examples.,software_engineering,mid,6.4,6.7,5.1,6.5,5.7
Map a curriculum for instructional scaffolding including assessment criteria covering collaborative projects.,education,mid,5.6,5.7,5.1,5.8,5.1
Develop gamified exercises on curriculum mapping aligned to learning outcomes with classroom examples.,education,mid,6.2,5.8,5.1,5.2,5.6
Design microlearning modules on learning analytics for blended learning.,education,mid,5.9,6.7,6.2,6.9,4.8
Write case studies on social media audit with tone and style guidelines.,content_creation,mid,6.5,6.4,5.8,7.0,4.8
Compare approaches to content repurposing with interactive elements. Highlight potential pitfalls.,content_creation,mid,6.3,6.3,5.1,6.8,4.9
Draft video scripts about influencer collaborations with A/B testing suggestions.,content_creation,mid,6.4,6.8,5.5,5.4,5.5
Optimize copy for SEO brand voice guidelines with examples and templates. Provide step-by-step guidance.,content_creation,mid,5.7,6.4,6.5,5.6,4.7
Map a curriculum for educational psychology with differentiated activities.,education,mid,6.4,5.4,6.5,5.6,4.4
Analyze incident response including refactoring steps. Consider edge cases.,software_engineering,mid,6.0,6.1,6.3,6.6,4.5
Develop classroom activities for formative assessment including formative checks. Include examples.,education,mid,6.3,6.2,6.9,6.7,5.3
Draft video scripts about YouTube scripts with interactive elements covering multichannel strategy.,content_creation,mid,6.1,5.6,6.0,6.4,5.4
Optimize copy for SEO visual storytelling with interactive elements with engagement metrics.,content_creation,mid,5.3,5.2,6.4,6.3,4.8
Design a rubric for microlearning aligned to learning outcomes. Highlight potential pitfalls.,education,mid,6.2,5.3,6.8,6.6,5.5
Plan a migration for monolith migration with security audit checklist.,software_engineering,mid,5.6,5.9,6.2,5.7,5.4
Draft a content strategy for conversion copywriting for social and blog formats.,content_creation,mid,6.0,6.1,6.9,6.3,6.0
Write educational guides for peer assessment with differentiated activities for a 45-minute session.,education,mid,6.3,5.5,5.2,6.7,5.0
Write a blog post about case study frameworks with visual references including influencer mentions. Consider edge cases.,content_creation,mid,5.6,6.0,6.1,5.7,4.3
Explain caching strategies using real-world scenarios with code review notes. Consider edge cases.,software_engineering,mid,5.9,6.4,6.3,6.4,4.6
Design adaptive learning modules for project-based learning with competency tracking. Include metrics or KPIs.,education,mid,6.8,6.5,5.1,5.6,5.3
Draft video scripts about editorial calendars covering multichannel strategy. Highlight potential pitfalls.,content_creation,mid,6.5,5.5,6.2,5.8,5.8
Map a curriculum for flipped classroom models for blended learning. Highlight potential pitfalls.,education,mid,5.1,6.8,5.3,6.3,5.9
Develop gamified exercises on classroom management with classroom examples covering collaborative projects.,education,mid,6.4,6.4,5.3,5.9,5.9
Design visual assets for multichannel campaigns with distribution channels. Include examples.,content_creation,mid,6.9,5.1,5.0,6.4,6.0
Plan a migration for caching strategies covering edge cases with code examples. Include examples.,software_engineering,mid,5.8,6.9,5.7,5.5,4.3
Create an editorial plan for YouTube scripts with A/B testing suggestions covering multichannel strategy.,content_creation,mid,5.1,5.2,6.3,6.2,4.5
Design a rubric for STEM integration with remediation ideas. Focus on practical applications.,education,mid,5.7,5.2,6.7,5.2,5.6
Draft a unit outline on formative assessment with differentiated activities with remediation ideas.,education,mid,6.1,6.2,5.6,6.2,4.7
Draft video scripts about viral hooks for email marketing covering SEO best practices.,content_creation,mid,5.5,6.9,5.5,6.6,4.1
Fix bugs in caching strategies for a production environment with code examples.,software_engineering,mid,6.2,5.2,6.2,6.6,4.9
Create assessment quizzes for curriculum mapping covering collaborative projects including real-world examples.,education,mid,6.2,5.3,6.8,6.1,4.0
Assess security for performance profiling with diagrams for a production environment. Consider edge cases.,software_engineering,mid,5.7,5.7,6.4,6.5,5.2
Write unit tests for microservices with testing strategies.,software_engineering,mid,5.2,6.3,5.1,6.1,4.2
Outline a guide on viral hooks with interactive elements with A/B testing suggestions.,content_creation,mid,5.3,5.8,6.5,6.5,5.1
Write social captions about editorial calendars with A/B testing suggestions. Provide step-by-step guidance.,content_creation,mid,5.5,5.5,6.4,6.5,5.4
Outline a guide on long-form articles covering SEO best practices.,content_creation,mid,6.2,6.9,5.6,5.1,5.0
Develop collaborative projects for learning outcomes for blended learning.,education,mid,6.3,6.7,5.6,6.1,5.6
Write social captions about email drip campaigns with A/B testing suggestions with distribution channels.,content_creation,mid,5.0,6.2,5.8,5.6,5.6
Summarize best practices for unit testing step by step.,software_engineering,mid,6.5,6.8,7.0,5.7,5.7
Design a rubric for formative assessment for high school students. Highlight potential pitfalls.,education,mid,7.0,5.0,5.5,6.2,5.7
Map a curriculum for Bloom’s taxonomy including assessment criteria with remediation ideas. Include metrics or KPIs.,education,mid,5.7,5.5,5.8,6.1,5.8
Plan a flipped classroom session on active learning strategies with classroom examples. Suggest best practices.,education,mid,6.6,5.1,5.1,5.9,5.2
Summarize techniques for thought leadership posts with storytelling frameworks including keyword research. Use real-world examples.,content_creation,mid,5.1,5.5,6.6,6.3,4.3
Analyze outcomes of student engagement metrics with scaffolding guides with remediation ideas. Explain to a beginner.,education,mid,6.6,6.8,6.2,6.2,5.1
Write social captions about blog topic clusters including keyword research with A/B testing suggestions.,content_creation,mid,7.0,5.5,6.6,6.5,5.6
Analyze security vulnerabilities with architecture diagrams step by step. Focus on practical applications.,software_engineering,mid,5.2,5.3,5.2,5.4,4.0
Evaluate architecture of Node.js with Express including alternative implementations.,software_engineering,mid,6.3,5.8,5.3,6.8,5.0
Analyze serverless architecture with code review notes covering edge cases. Consider edge cases.,software_engineering,mid,6.9,6.0,5.3,6.6,4.2
Plan a migration for API versioning with debugging tips with code examples.,software_engineering,mid,5.7,5.6,5.6,5.4,5.5
Draft a unit outline on inclusive pedagogy with extension tasks including real-world examples.,education,mid,5.6,6.0,6.1,6.4,6.0
Develop email campaigns for brand messaging including editorial calendar.,content_creation,mid,6.8,5.6,5.6,5.8,5.0
Develop collaborative projects for learning analytics aligned to learning outcomes. Explain to a beginner.,education,mid,5.4,6.7,6.9,5.3,5.3
Outline a guide on email drip campaigns covering SEO best practices with distribution channels. Suggest best practices.,content_creation,mid,5.4,6.2,5.5,6.1,5.4
Create scaffolding materials for flipped classroom models including assessment criteria. Explain to a beginner.,education,mid,6.3,5.5,6.8,5.6,4.7
Write unit tests for static code analysis with debugging tips. Include metrics or KPIs.,software_engineering,mid,5.9,5.3,5.1,6.7,5.5
Map a curriculum for STEM integration using adaptive learning.,education,mid,5.8,5.3,5.9,6.6,4.8
Create a lesson plan on blended learning using active learning. Suggest best practices.,education,mid,6.2,5.3,5.8,6.0,4.2
Analyze end-to-end testing step by step covering security trade-offs.,software_engineering,mid,6.4,6.0,6.7,5.3,4.7
Automate deployment for memory leaks including alternative implementations including deployment steps.,software_engineering,mid,5.1,6.1,5.9,5.6,4.6
Plan a webinar on thought leadership posts for email marketing for social and blog formats. Focus on practical applications.,content_creation,mid,6.6,6.2,6.7,6.6,5.1
Assess student performance in student engagement metrics including formative checks.,education,mid,5.2,5.2,5.6,6.8,5.4
Document TypeScript types with detailed bug analysis with architecture diagrams.,software_engineering,mid,5.1,5.2,6.9,5.5,6.0
Implement microservices with security audit checklist including deployment steps. Include metrics or KPIs.,software_engineering,mid,6.9,5.5,6.1,5.1,5.0
Refactor bug fixes with code review notes.,software_engineering,mid,5.3,6.7,6.7,6.0,5.4
Create a lesson plan on digital literacy with scaffolding guides.,education,mid,6.9,6.4,5.5,6.8,5.5
Outline a guide on conversion copywriting with engagement metrics with audience personas. Use real-world examples.,content_creation,mid,6.1,5.1,5.7,5.7,4.7
Fix bugs in performance profiling including alternative implementations. Provide step-by-step guidance.,software_engineering,mid,6.1,6.2,5.9,6.9,4.5
Review code for monitoring dashboards including deployment steps with code review notes. Consider edge cases.,software_engineering,mid,6.5,6.9,5.5,6.5,5.8
Facilitate peer review for Bloom’s taxonomy with peer evaluation covering collaborative projects. Include examples.,education,mid,5.2,5.4,6.2,6.5,4.1
Design a rubric for blended learning with differentiated activities using active learning.,education,mid,5.7,5.8,6.6,5.6,5.2
Automate deployment for microservices with debugging tips with code review notes. Provide step-by-step guidance.,software_engineering,mid,6.2,5.5,6.9,6.4,5.3
Refactor load testing with debugging tips.,software_engineering,mid,5.8,6.7,5.5,5.7,5.3
Evaluate architecture of end-to-end testing with detailed bug analysis with architecture diagrams.,software_engineering,mid,5.1,6.8,6.7,7.0,5.1
Optimize copy for SEO infographic design with A/B testing suggestions.,content_creation,mid,6.0,5.8,6.0,6.8,5.7
Debug unit testing with diagrams with architecture diagrams. Explain to a beginner.,software_engineering,mid,5.4,6.9,5.9,5.0,4.8
Develop collaborative projects for learning outcomes for blended learning with learning analytics suggestions.,education,mid,6.0,6.4,6.8,6.5,4.8
Write teacher notes about Bloom’s taxonomy with differentiated activities.,education,mid,5.2,5.5,6.9,5.6,5.2
Evaluate architecture of monitoring dashboards including deployment steps. Focus on practical applications.,software_engineering,mid,5.4,6.6,5.6,5.3,4.9
Develop collaborative projects for project-based learning covering collaborative projects.,education,mid,6.7,6.7,6.0,5.3,4.1
Configure CI/CD for monitoring dashboards with debugging tips.,software_engineering,mid,6.2,6.8,6.4,6.3,4.6
Compare approaches to interactive content for social and blog formats. Highlight potential pitfalls.,content_creation,mid,5.4,6.8,5.5,6.7,4.2
Plan a migration for end-to-end testing with detailed bug analysis. Suggest best practices.,software_engineering,mid,6.0,6.4,5.8,5.6,5.0
Refactor database indexing including alternative implementations.,software_engineering,mid,5.3,5.5,5.7,5.0,4.7
Debug dependency injection with CI/CD pipeline setup with detailed bug analysis. Highlight potential pitfalls.,software_engineering,mid,5.2,5.9,6.3,5.1,4.3
Investigate memory leaks in incident response with code examples. Include examples.,software_engineering,mid,5.9,5.4,5.5,6.2,4.3
Analyze outcomes of active learning strategies with classroom examples including real-world examples. Use real-world examples.,education,mid,5.2,5.2,5.1,6.9,5.3
Generate a list of brand messaging for email marketing for a product launch. Include metrics or KPIs.,content_creation,mid,6.2,6.5,6.3,6.4,5.4
Assess student performance in adaptive learning using active learning.,education,mid,6.5,6.2,5.9,6.2,5.9
Audit content for product launch copies with visual references. Include metrics or KPIs.,content_creation,mid,5.6,5.5,6.2,6.8,5.0
Write a blog post about brand voice guidelines for social and blog formats with visual references. Provide step-by-step guidance.,content_creation,mid,5.6,6.1,5.6,5.2,5.9
Analyze trends in viral hooks with examples and templates.,content_creation,mid,5.7,6.8,6.0,6.9,5.8
Write case studies on social media hooks including influencer mentions. Consider edge cases.,content_creation,mid,6.9,5.3,5.1,5.9,5.2
Write teacher notes about differentiated instruction covering collaborative projects using active learning. Consider edge cases.,education,mid,5.3,6.8,6.4,5.4,5.5
Develop email campaigns for blog topic clusters including conversion optimization tips.,content_creation,mid,6.0,6.1,6.0,5.0,4.4
Create a tutorial on performance profiling including refactoring steps.,software_engineering,mid,6.9,5.9,5.8,6.9,5.2
Draft a content strategy for customer journey mapping including editorial calendar.,content_creation,mid,5.7,6.8,5.8,6.6,4.3
Write educational guides for student engagement metrics for a 45-minute session.,education,mid,5.1,6.8,5.8,5.4,5.3
Map a curriculum for gamified learning with peer evaluation.,education,mid,6.6,6.6,5.2,5.1,4.5
Implement continuous testing with security audit checklist. Suggest best practices.,software_engineering,mid,7.0,6.1,7.0,6.3,5.5
Plan a webinar on SEO content pillars for a product launch with measurable KPIs. Consider edge cases.,content_creation,mid,5.7,6.0,5.8,6.2,4.9
Document REST APIs with code review notes for a production environment.,software_engineering,mid,6.4,5.8,6.8,6.1,4.0
Facilitate peer review for project rubrics with learning analytics suggestions with peer evaluation. Highlight potential pitfalls.,education,mid,6.8,5.4,5.6,5.3,5.8
Create assessment quizzes for differentiated instruction with peer evaluation.,education,mid,5.1,6.0,5.2,6.2,5.0
Write teacher notes about project-based learning for a 45-minute session covering collaborative projects. Use real-world examples.,education,mid,6.7,5.7,6.4,6.4,5.5
Analyze trends in engagement metrics including keyword research. Consider edge cases.,content_creation,mid,6.0,6.3,5.2,5.8,5.1
Debug load testing including pros and cons for a production environment.,software_engineering,mid,6.2,5.2,6.9,6.8,5.6
Develop collaborative projects for peer assessment with peer evaluation with microlearning exercises. Include metrics or KPIs.,education,mid,6.2,5.6,6.2,5.6,4.7
Optimize copy for SEO podcast scripts covering SEO best practices including editorial calendar.,content_creation,mid,5.4,6.7,5.6,6.4,4.1
Create a tutorial on serverless architecture for a production environment with debugging tips. Focus on practical applications.,software_engineering,mid,6.9,5.3,5.4,6.1,4.2
Investigate memory leaks in microservices with code review notes. Suggest best practices.,software_engineering,mid,5.1,6.9,5.4,6.6,4.1
Create scaffolding materials for learning analytics for blended learning using adaptive learning.,education,mid,6.6,6.0,6.2,5.4,4.7
Audit content for SEO content pillars covering SEO best practices with examples and templates. Include examples.,content_creation,mid,5.0,5.4,5.9,5.0,5.1
Refactor continuous testing with architecture diagrams.,software_engineering,mid,5.1,5.4,6.4,6.6,5.1
Summarize research on active learning strategies with competency tracking aligned to learning outcomes. Include metrics or KPIs.,education,mid,5.5,5.1,5.4,5.2,4.3
Assess security for security vulnerabilities step by step for a production environment. Include metrics or KPIs.,software_engineering,mid,7.0,5.3,5.8,6.6,5.2
Draft a content strategy for keyword clustering with examples and templates. Suggest best practices.,content_creation,mid,6.0,6.4,7.0,5.6,4.3
Refactor unit testing with testing strategies with architecture diagrams. Highlight potential pitfalls.,software_engineering,mid,5.5,5.4,5.5,5.0,5.5
Assess security for security vulnerabilities step by step with diagrams. Explain to a beginner.,software_engineering,mid,5.5,5.5,6.6,5.2,4.8
Create assessment quizzes for microlearning with peer evaluation covering collaborative projects. Consider edge cases.,education,mid,6.6,6.5,6.3,6.5,5.0
Write social captions about thought leadership posts for a B2B SaaS brand.,content_creation,mid,6.6,5.7,6.0,5.4,4.7
Investigate memory leaks in dependency injection with performance considerations with security audit checklist. Include metrics or KPIs.,software_engineering,mid,6.2,5.1,5.6,6.4,4.1
Design adaptive learning modules for formative assessment with microlearning exercises. Include metrics or KPIs.,education,mid,5.4,6.1,6.4,6.3,5.0
Create assessment quizzes for flipped classroom models including assessment criteria aligned to learning outcomes.,education,mid,6.9,6.3,6.0,5.4,5.3
Create infographics on keyword clustering with audience personas with engagement metrics.,content_creation,mid,6.2,5.5,5.1,6.6,5.8
Assess student performance in collaborative projects aligned to learning outcomes.,education,mid,5.6,6.8,5.9,6.3,5.0
Create infographics on landing page copy with measurable KPIs with A/B testing suggestions. Provide step-by-step guidance.,content_creation,mid,6.4,5.2,5.5,6.6,5.4
Create scaffolding materials for critical thinking exercises including real-world examples with peer evaluation.,education,mid,5.2,5.8,6.9,5.7,4.9
Analyze Node.js with Express covering edge cases.,software_engineering,mid,6.2,6.3,5.6,5.7,4.4
Create a tutorial on dependency injection with debugging tips. Consider edge cases.,software_engineering,mid,6.4,5.2,5.8,6.5,4.2
Debug OpenID Connect with code examples. Focus on practical applications.,software_engineering,mid,6.4,5.9,5.7,5.0,5.5
Draft a content strategy for podcast scripts with distribution channels.,content_creation,mid,6.4,6.0,6.7,6.6,5.6
Draft a proposal for API versioning with detailed bug analysis with diagrams.,software_engineering,mid,6.0,6.4,6.3,5.7,5.6
Automate deployment for refactoring legacy code including alternative implementations covering edge cases. Provide step-by-step guidance.,software_engineering,mid,5.9,6.8,6.6,5.7,4.3
Design a content brief for tone and style guides with storytelling frameworks.,content_creation,mid,6.4,5.7,6.4,6.4,4.5
Review code for event-driven systems including alternative implementations. Provide step-by-step guidance.,software_engineering,mid,5.7,6.1,6.3,6.0,5.7
Create a tutorial on Node.js with Express including refactoring steps.,software_engineering,mid,5.8,5.4,5.2,5.5,5.5
Debug static code analysis with debugging tips including deployment steps. Explain to a beginner.,software_engineering,mid,6.2,6.8,6.7,5.8,4.4
Design visual assets for storytelling techniques for email marketing. Highlight potential pitfalls.,content_creation,mid,6.8,6.7,6.8,7.0,4.1
Design a content brief for thought leadership posts with examples and templates with A/B testing suggestions. Provide step-by-step guidance.,content_creation,mid,6.7,5.7,5.4,6.6,4.1
Compare CI/CD pipelines with CI/CD pipeline setup.,software_engineering,mid,5.8,5.2,5.5,5.2,4.7
Produce a podcast episode on tone and style guides for a product launch covering SEO best practices.,content_creation,mid,5.5,7.0,5.3,5.1,4.3
Write a blog post about A/B testing headlines covering multichannel strategy with examples and templates. Focus on practical applications.,content_creation,mid,5.8,5.0,5.3,5.8,4.3
Write educational guides for project rubrics with peer evaluation with differentiated activities. Include examples.,education,mid,6.7,6.2,5.3,5.1,5.3
Write case studies on customer journey mapping covering multichannel strategy.,content_creation,mid,5.8,6.4,6.7,6.1,5.3
Design a rubric for formative assessment including assessment criteria with scaffolding guides. Use real-world examples.,education,mid,6.2,6.7,6.7,5.3,4.5
Create a tutorial on unit testing covering security trade-offs with diagrams.,software_engineering,mid,5.5,5.4,5.5,5.9,4.5
Debug database indexing with performance considerations with code review notes. Highlight potential pitfalls.,software_engineering,mid,5.9,6.0,5.6,6.4,4.0
Draft a unit outline on differentiated instruction covering collaborative projects including formative checks.,education,mid,5.9,6.5,5.2,6.3,4.1
Review code for database indexing with performance considerations covering edge cases. Explain to a beginner.,software_engineering,mid,5.4,6.8,7.0,6.0,4.7
Summarize research on lesson objectives with differentiated activities.,education,mid,5.4,5.4,6.9,6.8,5.6
Review code for distributed transactions with code review notes with architecture diagrams.,software_engineering,mid,5.8,6.1,5.2,7.0,5.6
Write teacher notes about gamified learning with microlearning exercises. Provide step-by-step guidance.,education,mid,6.4,5.9,6.8,5.7,5.5
Draft video scripts about newsletter strategy with distribution channels with A/B testing suggestions. Suggest best practices.,content_creation,mid,6.3,5.1,6.2,6.0,5.6
Draft a proposal for OpenID Connect with architecture diagrams. Suggest best practices.,software_engineering,mid,5.4,6.0,6.8,6.8,5.7
Design visual assets for tone and style guides with interactive elements.,content_creation,mid,6.3,5.9,6.0,6.2,5.6
Develop classroom activities for inclusive pedagogy with scaffolding guides with differentiated activities. Include metrics or KPIs.,education,mid,6.2,5.8,5.8,6.5,4.9
Generate a list of product launch copies with distribution channels including conversion optimization tips. Use real-world examples.,content_creation,mid,6.6,5.1,5.9,6.7,5.0
Write unit tests for code reviews with detailed bug analysis with diagrams. Focus on practical applications.,software_engineering,mid,5.2,6.4,5.1,5.3,5.9
Summarize best practices for API versioning with diagrams including refactoring steps.,software_engineering,mid,5.7,6.1,5.7,5.4,4.8
Compare approaches to keyword clustering with A/B testing suggestions.,content_creation,mid,7.0,5.4,5.2,6.0,5.6
Create infographics on product launch copies with examples and templates covering multichannel strategy.,content_creation,mid,7.0,6.0,7.0,6.3,4.5
Document Node.js with Express with performance benchmarks.,software_engineering,mid,5.1,5.8,6.4,6.9,5.0
Implement TypeScript types including deployment steps using real-world scenarios.,software_engineering,mid,5.4,6.2,6.0,5.3,5.2
Compare OpenID Connect with testing strategies.,software_engineering,mid,6.8,6.1,6.1,5.5,4.4
Design Kubernetes covering security trade-offs.,software_engineering,mid,5.8,5.3,6.8,6.3,5.5
Conduct load testing for code reviews covering security trade-offs including refactoring steps.,software_engineering,mid,6.6,6.5,5.8,6.0,4.6
Design microlearning modules on differentiated instruction with remediation ideas.,education,mid,6.1,6.6,6.1,5.3,5.6
Develop classroom activities for Bloom’s taxonomy using adaptive learning. Use real-world examples.,education,mid,6.6,6.8,6.4,6.1,5.5
Compare static code analysis including alternative implementations covering security trade-offs.,software_engineering,mid,5.0,6.5,5.7,6.3,5.4
Fix bugs in event-driven systems including alternative implementations.,software_engineering,mid,5.9,6.9,5.6,5.8,5.3
Write educational guides for edtech tools for a 45-minute session.,education,mid,6.5,5.4,5.9,6.9,4.5
Debug performance profiling with testing strategies. Include metrics or KPIs.,software_engineering,mid,6.9,5.2,6.7,5.7,5.8
Review code for feature toggles with CI/CD pipeline setup.,software_engineering,mid,5.3,5.8,5.8,6.2,4.8
Develop email campaigns for YouTube scripts including keyword research. Focus on practical applications.,content_creation,mid,6.7,6.5,5.7,6.2,5.3
Automate deployment for TypeScript types with code review notes with performance considerations.,software_engineering,mid,6.5,5.1,5.5,6.3,4.4
Compare OAuth 2.0 including alternative implementations.,software_engineering,mid,5.5,6.9,5.2,6.2,4.7
Develop gamified exercises on student engagement metrics including gamified exercises.,education,mid,6.7,5.4,6.5,6.1,5.9
Investigate memory leaks in incident response including pros and cons with code examples.,software_engineering,mid,6.6,5.3,6.0,6.6,5.5
Write social captions about landing page copy including conversion optimization tips. Use real-world examples.,content_creation,mid,6.9,5.3,6.9,5.8,4.4
Write educational guides for competency frameworks for a 45-minute session for blended learning.,education,mid,6.7,5.7,6.1,5.7,4.0
Develop collaborative projects for curriculum mapping for blended learning covering collaborative projects. Use real-world examples.,education,mid,6.2,7.0,6.6,6.4,4.9
Plan a migration for end-to-end testing including refactoring steps.,software_engineering,mid,5.9,5.9,6.9,7.0,5.2
Design adaptive learning modules for assessment rubrics with microlearning exercises using active learning. Provide step-by-step guidance.,education,mid,7.0,6.9,5.2,6.7,4.0
Fix bugs in static code analysis step by step.,software_engineering,mid,6.8,6.2,5.4,5.9,4.1
Write a blog post about viral hooks with audience personas.,content_creation,mid,6.2,5.5,5.1,6.0,5.9
Assess security for load testing covering edge cases.,software_engineering,mid,6.3,6.9,5.2,5.3,4.2
Optimize copy for SEO YouTube scripts with A/B testing suggestions.,content_creation,mid,6.1,5.7,5.5,5.9,5.0
Write unit tests for end-to-end testing with security audit checklist.,software_engineering,mid,7.0,6.7,6.8,6.7,5.8
Summarize techniques for YouTube scripts with interactive elements. Include examples.,content_creation,mid,6.3,5.4,5.1,6.3,4.4
Fix bugs in event-driven systems with performance benchmarks with detailed bug analysis. Focus on practical applications.,software_engineering,mid,6.8,6.7,5.3,5.1,4.7
Develop classroom activities for competency frameworks including gamified exercises. Highlight potential pitfalls.,education,mid,6.0,5.6,5.1,5.3,5.1
Summarize research on assessment rubrics with learning analytics suggestions using adaptive learning. Highlight potential pitfalls.,education,mid,6.5,5.1,5.2,5.3,5.0
Write educational guides for learning analytics including assessment criteria.,education,mid,5.7,5.3,5.0,5.2,4.0
Design a rubric for project-based learning covering collaborative projects with differentiated activities. Suggest best practices.,education,mid,6.3,5.2,5.2,6.1,5.0
Document GraphQL schemas covering security trade-offs.,software_engineering,mid,5.6,6.6,5.3,6.0,5.1
Evaluate architecture of database indexing covering edge cases for a production environment.,software_engineering,mid,5.7,6.8,6.1,6.8,4.2
Map a curriculum for inclusive pedagogy covering collaborative projects with remediation ideas.,education,mid,5.4,5.4,6.5,6.7,5.8
Write social captions about keyword clustering for social and blog formats.,content_creation,mid,6.6,5.7,5.6,5.4,4.3
Configure CI/CD for React state management including refactoring steps. Use real-world examples.,software_engineering,mid,6.1,6.7,6.8,5.7,5.2
Create assessment quizzes for differentiated instruction with differentiated activities. Explain to a beginner.,education,mid,5.2,5.9,5.3,5.8,4.6
Create scaffolding materials for gamified learning including real-world examples. Explain to a beginner.,education,mid,6.1,6.0,6.5,6.3,4.7
Write a blog post about engagement metrics covering SEO best practices with examples and templates.,content_creation,mid,5.8,5.9,6.2,5.1,5.9
Write a blog post about visual storytelling covering multichannel strategy including influencer mentions. Include examples.,content_creation,mid,5.5,5.8,6.1,6.4,5.2
Generate a list of brand messaging for social and blog formats with audience personas.,content_creation,mid,5.1,6.8,6.5,5.9,5.3
Develop collaborative projects for project rubrics for high school students.,education,mid,6.2,6.3,5.2,6.1,5.8
Generate a list of editorial calendars for a B2B SaaS brand for email marketing. Suggest best practices.,content_creation,mid,5.2,6.1,6.6,5.4,5.0
Assess security for CI/CD pipelines with performance considerations covering security trade-offs. Consider edge cases.,software_engineering,mid,6.9,5.0,5.9,6.8,5.6
Summarize research on edtech tools using active learning.,education,mid,7.0,5.4,5.9,5.6,5.3
Write unit tests for Node.js with Express with diagrams.,software_engineering,mid,6.4,6.9,6.0,5.9,4.4
Summarize research on learning outcomes with scaffolding guides for high school students. Consider edge cases.,education,mid,6.6,5.2,5.0,5.7,5.9
Write teacher notes about critical thinking exercises including formative checks.,education,mid,6.9,6.5,5.2,6.2,5.2
Plan a webinar on brand voice guidelines with interactive elements including keyword research. Highlight potential pitfalls.,content_creation,mid,5.1,6.3,6.2,5.8,4.7
Assess student performance in classroom management using adaptive learning.,education,mid,6.1,6.5,5.7,5.2,4.9
Compare end-to-end testing covering edge cases.,software_engineering,mid,5.8,7.0,6.9,5.9,4.8
Draft a proposal for Django ORM including alternative implementations. Consider edge cases.,software_engineering,mid,5.4,5.6,5.3,6.6,4.3
Optimize copy for SEO influencer collaborations with interactive elements.,content_creation,mid,6.3,6.6,6.7,5.7,4.9
Automate deployment for memory leaks using real-world scenarios.,software_engineering,mid,5.0,6.2,7.0,6.6,4.2
Design microlearning modules on inclusive pedagogy covering collaborative projects including assessment criteria.,education,mid,6.2,6.8,5.5,5.6,5.8
Configure CI/CD for end-to-end testing including refactoring steps. Suggest best practices.,software_engineering,mid,6.4,6.6,5.5,5.2,4.4
Write teacher notes about inclusive pedagogy with learning analytics suggestions with peer evaluation.,education,mid,5.0,5.6,6.1,6.3,4.4
Create an editorial plan for case study frameworks for social and blog formats with interactive elements. Include examples.,content_creation,mid,6.6,5.9,5.6,5.7,5.1
Write a blog post about blog topic clusters with examples and templates.,content_creation,mid,6.1,5.0,5.1,5.6,4.1
Facilitate peer review for educational psychology with scaffolding guides using active learning. Use real-world examples.,education,mid,6.2,5.5,6.5,6.4,5.7
Analyze trends in keyword clustering with engagement metrics. Use real-world examples.,content_creation,mid,5.2,7.0,5.7,6.7,4.6
Map a curriculum for learning analytics with competency tracking for high school students.,education,mid,5.9,6.0,6.3,6.8,4.7
Draft a unit outline on edtech tools for high school students with microlearning exercises. Explain to a beginner.,education,mid,5.2,6.9,5.6,6.5,5.4
Write a blog post about thought leadership posts including editorial calendar. Provide step-by-step guidance.,content_creation,mid,5.7,5.2,7.0,6.6,5.5
Document event-driven systems including deployment steps with debugging tips.,software_engineering,mid,6.5,5.6,6.0,5.9,4.5
Compare approaches to A/B testing headlines for a product launch with measurable KPIs. Highlight potential pitfalls.,content_creation,mid,5.2,6.2,6.2,6.2,5.9
Create interactive quizzes for product launch copies with distribution channels including influencer mentions.,content_creation,mid,5.6,5.8,6.7,5.7,5.9
Fix bugs in Kubernetes with architecture diagrams. Consider edge cases.,software_engineering,mid,5.3,6.5,5.5,6.7,4.9
Develop classroom activities for lesson objectives with remediation ideas for blended learning. Include metrics or KPIs.,education,mid,7.0,6.1,5.2,5.5,5.7
Audit content for keyword clustering with examples and templates with visual references. Use real-world examples.,content_creation,mid,5.8,7.0,7.0,6.7,5.4
Analyze outcomes of Bloom’s taxonomy with peer evaluation.,education,mid,5.8,7.0,6.2,5.3,5.3
Produce a podcast episode on podcast scripts with tone and style guidelines. Use real-world examples.,content_creation,mid,6.2,6.6,5.8,6.5,5.2
Document feature toggles including refactoring steps. Include examples.,software_engineering,mid,5.6,6.1,6.1,5.9,5.2
Debug clean architecture with code examples including alternative implementations. Include metrics or KPIs.,software_engineering,mid,6.2,5.9,5.3,6.6,5.5
Analyze REST APIs with architecture diagrams.,software_engineering,mid,6.8,5.1,6.3,5.2,5.0
Compare dependency injection with debugging tips for a production environment.,software_engineering,mid,6.3,6.0,6.3,5.0,6.0
Create an editorial plan for editorial calendars including keyword research with distribution channels. Suggest best practices.,content_creation,mid,5.7,6.9,6.6,6.3,5.2
Compare pedagogical methods for Bloom’s taxonomy aligned to learning outcomes with remediation ideas. Explain to a beginner.,education,mid,6.6,6.4,5.4,5.2,5.4
Draft a content strategy for infographic design with audience personas.,content_creation,mid,6.0,6.0,5.5,5.2,4.8
Implement serverless architecture with diagrams including pros and cons. Include examples.,software_engineering,mid,5.2,6.6,5.7,6.3,5.9
Compare static code analysis including deployment steps with performance benchmarks. Include metrics or KPIs.,software_engineering,mid,6.3,6.4,6.9,5.0,5.7
Create assessment quizzes for collaborative projects with competency tracking.,education,mid,6.2,6.0,6.0,5.4,4.3
Explain API versioning using real-world scenarios.,software_engineering,mid,6.7,6.0,6.3,6.4,5.9
Compare approaches to content gap analysis with distribution channels.,content_creation,mid,5.9,6.6,6.4,6.7,4.6
Document feature toggles including pros and cons with testing strategies.,software_engineering,mid,6.0,5.4,6.5,5.9,4.7
Map a curriculum for instructional scaffolding including formative checks. Focus on practical applications.,education,mid,6.2,5.7,6.6,6.1,4.3
Review code for unit testing including pros and cons with code examples.,software_engineering,mid,5.1,5.8,5.8,5.6,5.8
Write teacher notes about educational psychology with peer evaluation.,education,mid,6.8,5.2,6.1,6.4,4.0
Write educational guides for educational psychology aligned to learning outcomes. Highlight potential pitfalls.,education,mid,6.9,6.6,5.1,6.9,5.0
Design microservices including deployment steps including refactoring steps.,software_engineering,mid,6.5,6.0,5.6,6.4,4.0
Assess student performance in curriculum mapping with microlearning exercises with extension tasks.,education,mid,6.6,6.1,5.4,5.4,4.5
Write a blog post about newsletter strategy with engagement metrics.,content_creation,mid,6.5,5.7,6.0,6.4,5.7
Assess student performance in Bloom’s taxonomy including formative checks. Explain to a beginner.,education,mid,5.6,5.1,5.3,6.3,5.7
Draft a content strategy for keyword clustering with audience personas. Include examples.,content_creation,mid,6.9,5.7,6.8,5.9,5.6
Document TypeScript types including pros and cons. Suggest best practices.,software_engineering,mid,5.7,6.7,6.9,6.1,5.2
Draft video scripts about content repurposing with tone and style guidelines with audience personas. Consider edge cases.,content_creation,mid,6.7,6.9,6.9,6.4,4.9
Analyze trends in visual storytelling with visual references for email marketing.,content_creation,mid,5.5,6.4,5.1,7.0,5.2
Create interactive quizzes for editorial calendars with audience personas with visual references.,content_creation,mid,6.0,7.0,5.4,5.6,5.3
Explain fundamentals of formative assessment using active learning. Explain to a beginner.,education,mid,5.6,5.1,6.8,6.4,5.5
Create infographics on influencer collaborations for a B2B SaaS brand for email marketing. Provide step-by-step guidance.,content_creation,mid,5.1,6.8,6.1,5.5,4.2
Develop collaborative projects for STEM integration using adaptive learning with remediation ideas.,education,mid,5.8,5.8,5.3,6.1,5.5
Write social captions about engagement metrics including editorial calendar including conversion optimization tips.,content_creation,mid,5.4,5.6,5.9,5.5,4.9
Develop collaborative projects for flipped classroom models including real-world examples with peer evaluation. Use real-world examples.,education,mid,5.3,5.5,6.9,5.2,4.7
Create an editorial plan for editorial calendars with distribution channels. Include examples.,content_creation,mid,5.4,5.3,5.5,5.1,4.9
Generate a list of A/B testing headlines with interactive elements with measurable KPIs. Include metrics or KPIs.,content_creation,mid,6.3,5.9,6.6,6.3,5.9
Draft a content strategy for multichannel campaigns with audience personas with A/B testing suggestions.,content_creation,mid,6.2,6.9,6.2,5.9,4.6
Optimize copy for SEO social media hooks covering multichannel strategy.,content_creation,mid,5.9,5.1,6.3,5.1,5.7
Analyze load testing step by step covering edge cases. Provide step-by-step guidance.,software_engineering,mid,6.6,6.1,6.2,6.4,5.6
Design adaptive learning modules for edtech tools including gamified exercises.,education,mid,6.7,6.9,5.1,6.9,5.4
Document end-to-end testing covering edge cases. Explain to a beginner.,software_engineering,mid,6.3,5.2,5.8,6.6,5.9
Develop collaborative projects for blended learning with microlearning exercises covering collaborative projects. Include examples.,education,mid,6.5,6.3,5.3,5.4,5.1
Compare approaches to social media audit for email marketing with audience personas.,content_creation,mid,6.4,5.5,6.6,5.1,5.1
Compare approaches to interactive content including keyword research with measurable KPIs. Include examples.,content_creation,mid,6.7,6.5,5.5,5.4,5.5
Implement bug fixes including refactoring steps with performance considerations. Explain to a beginner.,software_engineering,mid,5.1,6.6,5.4,5.1,6.0
Develop gamified exercises on project rubrics with microlearning exercises.,education,mid,6.9,6.2,6.2,5.8,5.2
Document memory leaks including pros and cons with performance considerations. Use real-world examples.,software_engineering,mid,5.3,6.0,6.8,5.2,4.1
Refactor Python FastAPI step by step.,software_engineering,mid,5.8,6.6,6.7,6.3,4.5
Summarize best practices for monitoring dashboards including refactoring steps for a production environment.,software_engineering,mid,5.8,6.9,6.1,6.8,5.2
Write unit tests for security vulnerabilities with performance benchmarks. Highlight potential pitfalls.,software_engineering,mid,6.6,5.5,5.1,5.2,4.9
Summarize research on learning analytics with differentiated activities. Explain to a beginner.,education,mid,5.2,5.2,6.6,5.4,4.2
Summarize best practices for end-to-end testing covering security trade-offs. Consider edge cases.,software_engineering,mid,5.9,5.0,5.5,6.5,5.6
Plan a migration for monolith migration including pros and cons. Use real-world examples.,software_engineering,mid,5.9,5.5,5.6,6.7,4.3
Assess student performance in learning path design for high school students aligned to learning outcomes.,education,mid,5.2,6.3,5.6,5.4,4.8
Analyze outcomes of curriculum mapping including gamified exercises.,education,mid,5.0,5.5,5.9,5.1,4.2
Create assessment quizzes for differentiated instruction with remediation ideas for blended learning.,education,mid,6.7,5.8,5.5,6.0,4.9
Facilitate peer review for gamified learning covering collaborative projects.,education,mid,6.7,5.7,6.6,5.6,5.2
Create a lesson plan on gamified learning with microlearning exercises.,education,mid,5.6,6.7,6.9,6.0,4.5
Draft a proposal for OAuth 2.0 including pros and cons with performance considerations.,software_engineering,mid,6.0,5.8,6.5,5.6,5.8
Optimize performance of logging and observability for a production environment with detailed bug analysis.,software_engineering,mid,6.6,5.3,5.4,5.6,5.5
Configure CI/CD for API versioning with detailed bug analysis step by step.,software_engineering,mid,5.4,5.1,5.5,5.3,4.9
Design a content brief for long-form articles with tone and style guidelines with audience personas.,content_creation,mid,5.3,6.7,6.4,6.8,4.2
Conduct load testing for GraphQL schemas with code review notes. Consider edge cases.,software_engineering,mid,5.0,6.8,6.5,5.9,5.5
Design adaptive learning modules for learning outcomes covering collaborative projects with microlearning exercises. Suggest best practices.,education,mid,6.7,6.0,6.9,6.2,4.9
Write unit tests for serverless architecture with security audit checklist including deployment steps. Consider edge cases.,software_engineering,mid,6.3,5.9,7.0,5.7,4.9
Summarize research on adaptive learning with differentiated activities covering collaborative projects.,education,mid,5.6,5.8,5.3,5.1,5.3
Summarize research on educational psychology using adaptive learning with remediation ideas. Suggest best practices.,education,mid,6.5,6.5,6.2,6.7,5.8
Plan a migration for load testing including refactoring steps with security audit checklist.,software_engineering,mid,5.8,6.1,6.4,5.2,4.5
Analyze outcomes of Bloom’s taxonomy aligned to learning outcomes for high school students.,education,mid,5.0,5.2,5.5,5.9,5.4
Design a rubric for assessment rubrics using adaptive learning with microlearning exercises.,education,mid,5.5,6.6,6.8,6.1,4.7
Debug caching strategies with debugging tips.,software_engineering,mid,5.6,6.1,5.3,5.6,5.5
Draft video scripts about podcast scripts with interactive elements.,content_creation,mid,6.7,5.4,5.1,5.8,5.5
Develop collaborative projects for active learning strategies including real-world examples for blended learning.,education,mid,5.3,6.0,5.4,6.7,5.5
Write teacher notes about critical thinking exercises using adaptive learning.,education,mid,5.5,5.7,5.4,5.4,4.5
Write educational guides for project-based learning for a 45-minute session including formative checks.,education,mid,5.6,6.8,5.7,5.9,5.1
Analyze load testing with security audit checklist including refactoring steps. Use real-world examples.,software_engineering,mid,6.8,5.8,6.7,6.8,5.5
Outline a guide on infographic design with A/B testing suggestions with tone and style guidelines.,content_creation,mid,6.2,6.4,6.1,5.9,5.2
Draft a proposal for REST APIs including deployment steps. Include examples.,software_engineering,mid,6.5,6.9,5.4,6.8,5.2
Create interactive quizzes for social media hooks for email marketing with tone and style guidelines. Suggest best practices.,content_creation,mid,5.8,5.5,6.6,6.0,4.2
Draft a proposal for load testing with testing strategies. Use real-world examples.,software_engineering,mid,5.2,5.9,5.7,6.1,5.0
Create an editorial plan for viral hooks including keyword research.,content_creation,mid,5.7,5.7,5.5,6.8,5.4
Write social captions about brand voice guidelines with interactive elements including influencer mentions. Explain to a beginner.,content_creation,mid,6.1,6.2,5.8,6.5,5.6
Draft a content strategy for infographic design including editorial calendar with storytelling frameworks.,content_creation,mid,5.4,5.8,6.7,6.5,5.2
Automate deployment for security vulnerabilities step by step including refactoring steps.,software_engineering,mid,6.9,5.5,6.4,5.2,5.3
Design caching strategies using real-world scenarios.,software_engineering,mid,5.3,5.1,5.8,5.3,5.3
Design adaptive learning modules for collaborative projects for high school students with learning analytics suggestions. Consider edge cases.,education,mid,6.1,6.9,5.8,6.3,5.6
Create an editorial plan for infographic design with engagement metrics. Suggest best practices.,content_creation,mid,6.3,6.1,5.4,5.4,5.8
Create a lesson plan on digital literacy with differentiated activities.,education,mid,6.7,6.5,5.3,5.7,4.1
Plan a migration for end-to-end testing with code review notes. Include examples.,software_engineering,mid,5.3,5.9,6.7,6.4,4.9
Generate a list of newsletter strategy including conversion optimization tips including editorial calendar. Include examples.,content_creation,mid,5.9,5.4,6.9,5.1,4.7
Develop gamified exercises on lesson objectives aligned to learning outcomes for high school students. Highlight potential pitfalls.,education,mid,6.2,5.6,5.2,6.1,5.8
Create scaffolding materials for assessment rubrics using adaptive learning. Suggest best practices.,education,mid,5.0,6.7,6.6,5.7,5.2
Plan a webinar on SEO content pillars with tone and style guidelines with distribution channels.,content_creation,mid,6.5,5.5,5.4,6.5,4.9
Create infographics on YouTube scripts with engagement metrics. Provide step-by-step guidance.,content_creation,mid,5.9,5.9,5.4,6.8,5.3
Draft a content strategy for visual storytelling covering SEO best practices with visual references. Suggest best practices.,content_creation,mid,7.0,5.4,5.9,5.4,5.5
Design adaptive learning modules for project rubrics with competency tracking. Focus on practical applications.,education,mid,6.3,6.5,6.5,5.5,5.4
Fix bugs in performance profiling using real-world scenarios with CI/CD pipeline setup.,software_engineering,mid,5.3,6.0,5.3,5.5,5.8
Compare approaches to conversion copywriting including influencer mentions with distribution channels.,content_creation,mid,5.6,6.8,5.6,5.2,5.7
Create infographics on SEO content pillars with audience personas for social and blog formats.,content_creation,mid,5.8,5.1,6.9,5.4,5.7
Document OpenID Connect with CI/CD pipeline setup. Consider edge cases.,software_engineering,mid,5.2,6.6,6.1,5.1,5.3
Assess student performance in formative assessment using active learning. Provide step-by-step guidance.,education,mid,5.9,5.5,5.7,5.3,4.3
Summarize techniques for visual storytelling for a B2B SaaS brand.,content_creation,mid,5.4,6.3,5.4,6.4,4.8
Design a content brief for customer journey mapping covering SEO best practices including influencer mentions. Focus on practical applications.,content_creation,mid,5.0,6.4,5.9,5.8,4.2
Design microlearning modules on active learning strategies using active learning with classroom examples.,education,mid,5.7,6.6,5.6,6.5,4.2
Assess security for unit testing with code review notes including alternative implementations. Explain to a beginner.,software_engineering,mid,6.6,6.2,6.2,5.7,5.8
Write educational guides for assessment rubrics including formative checks. Highlight potential pitfalls.,education,mid,6.3,5.8,6.0,5.8,5.4
Document refactoring legacy code using real-world scenarios.,software_engineering,mid,5.8,6.1,6.8,6.0,5.9
Outline a guide on tone and style guides with examples and templates including keyword research. Highlight potential pitfalls.,content_creation,mid,5.9,5.3,6.2,5.8,4.4
Draft video scripts about social media audit covering multichannel strategy.,content_creation,mid,7.0,5.1,5.2,6.1,4.1
Draft video scripts about email drip campaigns covering multichannel strategy.,content_creation,mid,5.6,6.3,5.7,5.2,4.4
Compare approaches to podcast scripts for email marketing.,content_creation,mid,6.4,5.5,6.1,5.3,4.8
Refactor OAuth 2.0 with code examples with security audit checklist.,software_engineering,mid,5.2,5.7,5.9,5.4,5.0
Write educational guides for learning outcomes with classroom examples for blended learning. Use real-world examples.,education,mid,5.3,6.5,6.7,6.5,5.7
Map a curriculum for instructional scaffolding including assessment criteria. Explain to a beginner.,education,mid,5.0,5.2,5.5,5.2,4.1
Summarize techniques for multichannel campaigns with examples and templates.,content_creation,mid,5.6,6.2,6.2,6.7,5.3
Map a curriculum for active learning strategies including real-world examples including assessment criteria.,education,mid,6.4,5.6,7.0,6.2,5.3
Create assessment quizzes for project-based learning using adaptive learning with peer evaluation. Suggest best practices.,education,mid,6.9,5.7,5.8,5.2,5.9
Write social captions about conversion copywriting for social and blog formats for a B2B SaaS brand.,content_creation,mid,5.3,6.6,6.2,6.4,4.5
Design adaptive learning modules for critical thinking exercises including gamified exercises. Consider edge cases.,education,mid,6.4,6.7,5.6,5.4,5.4
Investigate memory leaks in logging and observability with CI/CD pipeline setup including refactoring steps.,software_engineering,mid,5.8,5.3,5.1,5.9,4.2
Create a tutorial on Docker containers with performance considerations including alternative implementations.,software_engineering,mid,6.8,5.3,5.6,5.7,5.6
Develop classroom activities for critical thinking exercises including gamified exercises. Consider edge cases.,education,mid,5.9,6.3,6.4,6.4,5.8
Compare end-to-end testing for a production environment. Provide step-by-step guidance.,software_engineering,mid,6.7,5.7,6.7,5.5,4.6
Optimize copy for SEO brand messaging including influencer mentions covering multichannel strategy. Explain to a beginner.,content_creation,mid,6.4,5.1,6.3,5.1,4.6
Draft a content strategy for storytelling techniques with tone and style guidelines.,content_creation,mid,6.6,5.9,5.2,5.7,4.4
Explain fundamentals of competency frameworks with remediation ideas. Consider edge cases.,education,mid,6.8,5.3,6.5,6.4,4.9
Analyze TypeScript types for a production environment.,software_engineering,mid,6.8,5.2,5.9,5.7,5.4
Audit content for brand messaging including editorial calendar. Focus on practical applications.,content_creation,mid,5.3,5.4,5.4,6.1,4.5
Analyze outcomes of critical thinking exercises with peer evaluation.,education,mid,6.4,5.7,6.5,5.1,5.1
Draft a proposal for event-driven systems with detailed bug analysis with code examples. Highlight potential pitfalls.,software_engineering,mid,6.1,5.0,5.7,6.4,5.0
Fix bugs in continuous testing for a production environment.,software_engineering,mid,6.3,5.9,6.5,6.2,5.8
Draft a unit outline on classroom management including assessment criteria with peer evaluation. Include metrics or KPIs.,education,mid,5.4,5.6,6.6,6.8,4.4
Draft video scripts about podcast scripts with engagement metrics. Provide step-by-step guidance.,content_creation,mid,5.1,6.4,6.7,6.5,5.6
Assess student performance in competency frameworks with peer evaluation using adaptive learning. Consider edge cases.,education,mid,6.9,5.1,5.0,6.8,5.0
Configure CI/CD for Docker containers including alternative implementations with detailed bug analysis.,software_engineering,mid,5.0,6.8,6.5,6.6,4.8
Create a tutorial on React state management with code examples with debugging tips.,software_engineering,mid,6.9,5.7,6.2,5.7,5.7
Develop collaborative projects for digital literacy including real-world examples. Focus on practical applications.,education,mid,6.0,6.8,6.5,6.0,4.5
Produce a podcast episode on landing page copy with engagement metrics.,content_creation,mid,5.3,5.1,5.8,5.5,4.1
Configure CI/CD for monolith migration with security audit checklist.,software_engineering,mid,6.7,5.5,5.9,6.8,4.7
Develop collaborative projects for project rubrics with extension tasks.,education,mid,6.8,5.9,6.7,5.2,4.6
Write case studies on influencer collaborations including editorial calendar. Consider edge cases.,content_creation,mid,6.9,5.7,5.2,6.1,5.9
Develop gamified exercises on digital literacy using active learning. Include metrics or KPIs.,education,mid,6.6,6.5,6.5,6.3,4.1
Fix bugs in feature toggles including deployment steps. Highlight potential pitfalls.,software_engineering,mid,6.1,6.3,5.2,5.6,5.1
Evaluate architecture of serverless architecture using real-world scenarios covering edge cases.,software_engineering,mid,5.8,6.9,6.7,6.1,5.6
Design visual assets for long-form articles including influencer mentions with interactive elements. Provide step-by-step guidance.,content_creation,mid,6.2,5.3,6.1,5.2,4.3
Review code for security vulnerabilities including pros and cons.,software_engineering,mid,5.7,6.9,6.2,6.0,4.1
Evaluate architecture of OpenID Connect step by step with security audit checklist. Explain to a beginner.,software_engineering,mid,5.2,6.9,6.0,6.5,4.4
Summarize best practices for monitoring dashboards with testing strategies. Use real-world examples.,software_engineering,mid,6.0,7.0,5.1,6.0,4.4
Write educational guides for collaborative projects using active learning. Suggest best practices.,education,mid,6.8,5.1,6.6,6.8,5.7
Audit content for content repurposing with interactive elements including influencer mentions.,content_creation,mid,6.3,6.1,6.9,6.6,5.8
Conduct load testing for unit testing with CI/CD pipeline setup covering security trade-offs.,software_engineering,mid,6.7,6.5,6.7,6.1,5.6
Optimize copy for SEO brand messaging for a B2B SaaS brand with measurable KPIs.,content_creation,mid,5.4,6.4,7.0,6.9,5.5
Write educational guides for digital literacy including real-world examples including assessment criteria.,education,mid,5.4,6.1,5.5,6.4,4.8
Create an editorial plan for product launch copies with measurable KPIs with visual references. Focus on practical applications.,content_creation,mid,6.0,5.5,5.9,5.5,6.0
Plan a webinar on infographic design with engagement metrics. Consider edge cases.,content_creation,mid,5.9,5.8,5.3,5.0,4.9
Outline a guide on multichannel campaigns covering SEO best practices.,content_creation,mid,5.2,5.6,6.2,5.1,4.2
Facilitate peer review for adaptive learning with learning analytics suggestions. Consider edge cases.,education,mid,7.0,5.3,5.3,6.4,4.2
Summarize best practices for clean architecture with performance considerations. Include examples.,software_engineering,mid,5.7,6.7,6.2,5.9,4.1
Create an editorial plan for editorial calendars for social and blog formats covering SEO best practices. Consider edge cases.,content_creation,mid,5.7,6.7,5.8,6.3,4.4
Design microlearning modules on learning path design with learning analytics suggestions.,education,mid,6.7,6.7,5.1,6.4,4.7
Produce a podcast episode on conversion copywriting including influencer mentions. Highlight potential pitfalls.,content_creation,mid,6.7,6.1,6.0,6.4,4.4
Analyze CI/CD pipelines with CI/CD pipeline setup. Consider edge cases.,software_engineering,mid,5.5,6.1,5.2,6.7,5.4
Develop collaborative projects for flipped classroom models including gamified exercises with learning analytics suggestions. Include metrics or KPIs.,education,mid,5.0,6.1,5.5,5.3,4.7
Analyze trends in social media hooks with storytelling frameworks. Explain to a beginner.,content_creation,mid,5.4,6.7,6.8,5.3,5.3
Design a rubric for peer assessment covering collaborative projects.,education,mid,6.7,5.2,5.1,5.8,4.2
Design a content brief for landing page copy with tone and style guidelines for a B2B SaaS brand.,content_creation,mid,5.5,5.7,5.3,6.3,5.6
Summarize research on flipped classroom models with extension tasks covering collaborative projects.,education,mid,5.2,6.2,5.2,5.7,4.2
Plan a webinar on product launch copies with tone and style guidelines.,content_creation,mid,5.5,6.7,6.2,6.6,4.0
Plan a migration for end-to-end testing with code examples including refactoring steps.,software_engineering,mid,6.4,5.4,6.7,6.9,6.0
Design a rubric for flipped classroom models with extension tasks. Suggest best practices.,education,mid,6.6,6.3,6.8,5.2,5.7
Create a tutorial on bug fixes with code review notes including deployment steps. Suggest best practices.,software_engineering,mid,6.7,5.1,5.8,6.2,5.5
Design logging and observability step by step.,software_engineering,mid,5.4,5.5,5.0,5.6,5.0
Develop classroom activities for active learning strategies with microlearning exercises.,education,mid,5.5,5.9,6.6,5.5,5.2
Produce a podcast episode on long-form articles with measurable KPIs.,content_creation,mid,6.1,6.7,6.1,5.5,5.7
Audit content for keyword clustering with tone and style guidelines. Explain to a beginner.,content_creation,mid,5.1,6.6,5.7,6.1,6.0
Evaluate architecture of continuous testing with performance considerations for a production environment.,software_engineering,mid,6.7,6.8,6.8,6.6,5.3
Plan a webinar on conversion copywriting with audience personas for email marketing. Consider edge cases.,content_creation,mid,5.1,6.5,5.9,5.0,4.2
Design adaptive learning modules for digital literacy with extension tasks including assessment criteria.,education,mid,6.7,5.3,5.7,5.6,5.3
Analyze CI/CD pipelines with code review notes. Suggest best practices.,software_engineering,mid,5.5,5.0,5.1,5.2,5.5
Evaluate architecture of microservices with architecture diagrams. Focus on practical applications.,software_engineering,mid,6.9,5.0,6.8,5.3,4.4
Summarize techniques for newsletter strategy with examples and templates including influencer mentions.,content_creation,mid,6.1,5.1,5.4,6.2,5.1
Investigate memory leaks in Kubernetes with debugging tips. Focus on practical applications.,software_engineering,mid,5.5,6.6,5.3,5.1,4.7
Design visual assets for product launch copies for social and blog formats.,content_creation,mid,6.8,5.6,6.6,6.1,5.9
Design visual assets for multichannel campaigns for social and blog formats.,content_creation,mid,5.2,5.1,6.1,5.1,5.1
Design visual assets for interactive content with examples and templates. Include metrics or KPIs.,content_creation,mid,5.1,5.4,6.4,5.8,5.8
Outline a guide on social media hooks with visual references.,content_creation,mid,5.9,6.7,5.3,5.4,5.8
Develop gamified exercises on peer assessment for high school students for blended learning. Consider edge cases.,education,mid,6.0,5.7,6.3,5.7,4.6
Optimize copy for SEO content repurposing covering SEO best practices with distribution channels.,content_creation,mid,5.3,6.8,6.0,5.1,5.6
Compare approaches to newsletter strategy for email marketing.,content_creation,mid,6.9,5.9,5.8,6.6,5.8
Plan a webinar on viral hooks with tone and style guidelines. Suggest best practices.,content_creation,mid,5.3,5.8,6.0,6.4,5.3
Draft a proposal for OAuth 2.0 with CI/CD pipeline setup with security audit checklist. Use real-world examples.,software_engineering,mid,6.3,7.0,5.7,5.3,5.6
Review code for performance profiling including refactoring steps. Use real-world examples.,software_engineering,mid,5.3,5.6,5.8,5.7,5.1
Generate a list of SEO content pillars with engagement metrics covering multichannel strategy. Provide step-by-step guidance.,content_creation,mid,5.3,6.8,6.7,5.3,5.2
Explain Kubernetes with performance benchmarks. Include metrics or KPIs.,software_engineering,mid,6.3,5.9,6.4,6.0,4.3
Outline a guide on interactive content for social and blog formats for a B2B SaaS brand.,content_creation,mid,5.4,6.9,5.3,6.5,4.5
Summarize techniques for interactive content for a B2B SaaS brand with engagement metrics. Use real-world examples.,content_creation,mid,5.3,6.8,6.9,5.8,5.2
Create interactive quizzes for YouTube scripts including editorial calendar with engagement metrics.,content_creation,mid,6.7,5.6,6.1,5.0,5.0
Draft video scripts about storytelling techniques with measurable KPIs.,content_creation,mid,6.4,5.1,5.8,5.5,5.7
Develop gamified exercises on lesson objectives for high school students with peer evaluation.,education,mid,6.8,6.2,5.2,5.8,4.2
Facilitate peer review for active learning strategies including real-world examples.,education,mid,6.0,6.0,6.3,6.1,4.4
Create a lesson plan on flipped classroom models with scaffolding guides with learning analytics suggestions.,education,mid,6.3,6.9,6.5,6.5,4.4
Create scaffolding materials for differentiated instruction including gamified exercises for blended learning.,education,mid,5.4,6.6,6.1,6.3,5.7
Analyze bug fixes for a production environment. Suggest best practices.,software_engineering,mid,5.8,5.0,6.3,6.9,5.6
Create interactive quizzes for SEO content pillars with A/B testing suggestions.,content_creation,mid,5.1,6.2,5.6,6.2,4.1
Summarize best practices for code reviews covering edge cases including deployment steps. Highlight potential pitfalls.,software_engineering,mid,6.9,5.6,6.9,7.0,5.0
Create assessment quizzes for competency frameworks including gamified exercises. Suggest best practices.,education,mid,6.1,5.8,5.2,6.5,5.7
Design microlearning modules on learning outcomes with competency tracking with classroom examples. Suggest best practices.,education,mid,5.8,6.3,6.5,5.3,5.8
Create scaffolding materials for collaborative projects with differentiated activities. Highlight potential pitfalls.,education,mid,6.3,6.2,6.1,5.5,5.5
Explain fundamentals of digital literacy including assessment criteria with microlearning exercises.,education,mid,5.5,6.8,5.4,5.3,5.3
Draft a unit outline on educational psychology covering collaborative projects aligned to learning outcomes. Suggest best practices.,education,mid,5.8,6.5,5.4,6.6,5.6
Refactor monolith migration including pros and cons. Use real-world examples.,software_engineering,mid,5.8,6.0,5.4,6.9,4.6
Create scaffolding materials for peer assessment with peer evaluation for high school students. Use real-world examples.,education,mid,5.2,5.0,5.7,6.3,4.1
Summarize techniques for YouTube scripts with tone and style guidelines. Include metrics or KPIs.,content_creation,mid,6.6,6.0,5.7,6.8,4.7
Create an editorial plan for viral hooks for email marketing. Focus on practical applications.,content_creation,mid,5.2,5.1,7.0,6.1,5.8
Write teacher notes about collaborative projects for high school students with extension tasks.,education,mid,5.7,6.0,6.1,6.6,5.2
Design visual assets for brand voice guidelines for a product launch. Highlight potential pitfalls.,content_creation,mid,6.8,5.1,6.4,5.6,5.7
Draft a unit outline on project-based learning using active learning. Consider edge cases.,education,mid,6.9,5.3,5.5,5.6,4.8
Create interactive quizzes for engagement metrics for a B2B SaaS brand.,content_creation,mid,6.2,6.4,5.7,5.2,4.0
Write social captions about landing page copy for social and blog formats.,content_creation,mid,6.4,5.8,5.3,5.9,5.3
Audit content for infographic design with audience personas.,content_creation,mid,6.0,6.4,6.1,5.5,4.3
Summarize research on curriculum mapping aligned to learning outcomes with competency tracking.,education,mid,6.4,6.3,5.9,5.5,5.0
Draft a unit outline on competency frameworks with microlearning exercises.,education,mid,5.5,7.0,6.1,5.4,4.9
Plan a webinar on podcast scripts with storytelling frameworks. Consider edge cases.,content_creation,mid,5.8,6.5,5.8,6.4,5.0
Compare pedagogical methods for microlearning for high school students with extension tasks. Include examples.,education,mid,6.8,6.0,6.4,5.4,5.3
Compare pedagogical methods for adaptive learning with learning analytics suggestions. Include metrics or KPIs.,education,mid,6.9,6.7,6.8,6.4,4.0
Design a rubric for competency frameworks including assessment criteria using adaptive learning.,education,mid,6.8,6.8,6.8,6.2,4.2
Create assessment quizzes for educational psychology with remediation ideas. Suggest best practices.,education,mid,6.7,5.6,5.9,6.0,5.7
Design monitoring dashboards covering security trade-offs.,software_engineering,mid,6.8,5.6,6.6,6.1,4.0
Configure CI/CD for load testing covering security trade-offs with architecture diagrams.,software_engineering,mid,6.2,5.2,5.1,6.2,5.6
Design visual assets for visual storytelling with visual references with examples and templates.,content_creation,mid,6.7,5.6,5.3,6.8,4.3
Write a blog post about customer journey mapping with engagement metrics including conversion optimization tips. Explain to a beginner.,content_creation,mid,6.4,6.4,7.0,5.8,4.9
Create assessment quizzes for instructional design patterns with learning analytics suggestions. Explain to a beginner.,education,mid,6.9,6.6,6.2,6.4,5.3
Assess security for monolith migration with architecture diagrams with CI/CD pipeline setup. Use real-world examples.,software_engineering,mid,5.2,6.4,5.8,6.5,5.1
Analyze trends in tone and style guides including keyword research with storytelling frameworks. Consider edge cases.,content_creation,mid,6.0,6.0,6.0,6.2,5.0
Write educational guides for Bloom’s taxonomy for high school students. Highlight potential pitfalls.,education,mid,6.8,6.8,6.0,5.4,4.5
Summarize best practices for incident response with code examples with CI/CD pipeline setup.,software_engineering,mid,6.9,6.5,6.7,6.1,5.9
Map a curriculum for flipped classroom models including formative checks aligned to learning outcomes.,education,mid,6.6,6.9,6.0,5.5,6.0
Optimize copy for SEO engagement metrics with interactive elements. Focus on practical applications.,content_creation,mid,6.5,5.2,6.6,5.0,5.1
Debug serverless architecture including refactoring steps with code review notes. Consider edge cases.,software_engineering,mid,5.2,6.4,5.6,7.0,5.7
Design visual assets for A/B testing headlines including editorial calendar covering multichannel strategy.,content_creation,mid,6.4,6.7,6.4,5.5,5.1
Implement Kubernetes step by step with detailed bug analysis. Include examples.,software_engineering,mid,6.0,5.3,6.9,5.8,4.9
Optimize performance of unit testing using real-world scenarios. Suggest best practices.,software_engineering,mid,6.8,5.6,6.1,6.3,5.9
Create interactive quizzes for storytelling techniques with audience personas.,content_creation,mid,6.2,5.1,5.5,6.0,4.9
Write unit tests for OpenID Connect with security audit checklist including refactoring steps.,software_engineering,mid,5.7,6.7,6.6,5.0,4.5
Summarize research on flipped classroom models covering collaborative projects including assessment criteria. Suggest best practices.,education,mid,6.0,5.8,5.1,6.2,5.6
Map a curriculum for STEM integration for blended learning.,education,mid,5.4,6.5,6.2,5.3,4.7
Compare pedagogical methods for edtech tools covering collaborative projects.,education,mid,5.6,5.2,5.3,5.0,4.5
Map a curriculum for classroom management with remediation ideas including real-world examples. Explain to a beginner.,education,mid,6.3,5.8,6.9,5.1,5.1
Produce a podcast episode on infographic design with visual references.,content_creation,mid,5.5,5.7,6.1,5.3,4.8
Design microlearning modules on flipped classroom models with learning analytics suggestions.,education,mid,6.0,6.1,6.1,5.3,4.1
Configure CI/CD for incident response using real-world scenarios. Use real-world examples.,software_engineering,mid,6.3,5.2,6.4,6.6,5.5
Conduct load testing for incident response with testing strategies. Highlight potential pitfalls.,software_engineering,mid,6.8,6.9,6.0,6.5,4.6
Write teacher notes about STEM integration including real-world examples covering collaborative projects.,education,mid,6.3,5.9,5.2,6.8,4.4
Design microlearning modules on peer assessment with extension tasks. Include metrics or KPIs.,education,mid,5.7,7.0,5.5,6.3,4.9
Map a curriculum for formative assessment with peer evaluation including assessment criteria.,education,mid,5.1,5.1,5.2,6.2,4.3
Configure CI/CD for code reviews with performance considerations.,software_engineering,mid,5.9,5.7,6.0,6.6,4.5
Develop email campaigns for blog topic clusters with audience personas for email marketing.,content_creation,mid,5.0,5.7,6.1,6.6,5.2
Audit content for YouTube scripts with storytelling frameworks. Highlight potential pitfalls.,content_creation,mid,6.8,6.8,6.6,5.8,5.6
Explain end-to-end testing including refactoring steps using real-world scenarios.,software_engineering,mid,6.7,7.0,6.0,5.4,4.8
Optimize copy for SEO engagement metrics for social and blog formats.,content_creation,mid,5.3,6.1,6.8,6.2,5.8
Draft video scripts about interactive content with visual references for email marketing. Highlight potential pitfalls.,content_creation,mid,5.4,6.4,5.6,6.2,5.0
Audit content for social media audit with examples and templates.,content_creation,mid,5.0,5.3,6.9,6.6,4.1
Summarize best practices for code reviews with architecture diagrams. Use real-world examples.,software_engineering,mid,6.7,5.3,6.9,5.1,4.8
Design a rubric for microlearning including formative checks covering collaborative projects.,education,mid,5.3,6.3,5.5,6.9,4.5
Draft a content strategy for customer journey mapping covering SEO best practices with engagement metrics. Highlight potential pitfalls.,content_creation,mid,5.8,5.1,6.8,5.8,5.1
Review code for GraphQL schemas with debugging tips including pros and cons.,software_engineering,mid,5.1,5.6,6.2,6.3,5.7
Optimize copy for SEO newsletter strategy with distribution channels.,content_creation,mid,5.6,6.5,5.7,5.9,4.5
Evaluate architecture of serverless architecture using real-world scenarios. Highlight potential pitfalls.,software_engineering,mid,5.8,6.2,5.2,6.5,4.9
Write unit tests for unit testing for a production environment with code review notes. Provide step-by-step guidance.,software_engineering,mid,6.2,6.5,5.2,5.3,4.2
Create interactive quizzes for content repurposing with storytelling frameworks.,content_creation,mid,6.7,6.5,5.8,5.9,4.5
Optimize copy for SEO viral hooks with storytelling frameworks.,content_creation,mid,6.0,5.5,6.7,6.1,4.8
Design visual assets for social media audit for social and blog formats.,content_creation,mid,6.9,6.6,5.1,6.7,4.3
Produce a podcast episode on infographic design with interactive elements. Use real-world examples.,content_creation,mid,5.2,6.2,6.7,5.8,4.5
Draft a unit outline on inclusive pedagogy with scaffolding guides including gamified exercises. Provide step-by-step guidance.,education,mid,6.6,6.0,5.8,6.3,5.2
Debug static code analysis including alternative implementations.,software_engineering,mid,5.5,6.7,6.2,6.1,5.7
Explain bug fixes with security audit checklist with testing strategies.,software_engineering,mid,5.8,5.9,5.6,5.7,4.9
Create interactive quizzes for A/B testing headlines including editorial calendar for a product launch.,content_creation,mid,5.5,6.2,6.9,6.7,5.5
Draft a unit outline on inclusive pedagogy covering collaborative projects. Provide step-by-step guidance.,education,mid,6.6,5.8,6.0,6.0,4.4
Create a tutorial on refactoring legacy code including alternative implementations with diagrams.,software_engineering,mid,5.3,6.3,6.8,6.2,4.1
Produce a podcast episode on interactive content with interactive elements. Include examples.,content_creation,mid,5.7,6.2,6.5,5.1,4.4
Develop collaborative projects for adaptive learning including gamified exercises with peer evaluation. Consider edge cases.,education,mid,6.9,5.2,5.9,6.1,6.0
Write teacher notes about competency frameworks aligned to learning outcomes for a 45-minute session.,education,mid,6.7,5.6,6.2,5.4,5.4
Generate a list of YouTube scripts with measurable KPIs. Highlight potential pitfalls.,content_creation,mid,5.4,6.4,6.7,6.4,4.8
Explain OpenID Connect with performance benchmarks with debugging tips. Include metrics or KPIs.,software_engineering,mid,5.8,5.9,6.9,6.3,4.9
Analyze outcomes of active learning strategies with extension tasks with microlearning exercises. Focus on practical applications.,education,mid,5.4,6.1,6.0,5.1,5.4
Analyze Kubernetes with performance considerations using real-world scenarios. Highlight potential pitfalls.,software_engineering,mid,6.3,5.5,6.0,7.0,4.0
Explain fundamentals of critical thinking exercises for a 45-minute session. Suggest best practices.,education,mid,5.2,6.7,5.5,6.6,4.4
Design microlearning modules on peer assessment for blended learning including formative checks. Include metrics or KPIs.,education,mid,6.2,6.0,6.1,5.4,5.5
Develop gamified exercises on learning analytics using active learning with extension tasks.,education,mid,6.8,6.7,6.8,5.4,4.2
Explain REST APIs with detailed bug analysis. Focus on practical applications.,software_engineering,mid,6.2,5.7,5.0,5.1,5.2
Optimize copy for SEO content repurposing with interactive elements with A/B testing suggestions. Highlight potential pitfalls.,content_creation,mid,5.9,5.2,7.0,6.1,4.2
Summarize research on instructional scaffolding including gamified exercises with remediation ideas.,education,mid,5.5,7.0,6.4,5.1,5.3
Review code for clean architecture with performance considerations. Highlight potential pitfalls.,software_engineering,mid,6.7,5.1,6.5,5.3,4.4
Design a rubric for collaborative projects covering collaborative projects.,education,mid,5.1,5.9,6.7,6.5,4.5
Develop classroom activities for formative assessment aligned to learning outcomes with microlearning exercises.,education,mid,5.4,6.4,5.3,5.9,5.4
Assess student performance in blended learning for blended learning.,education,mid,5.0,5.6,5.3,5.9,4.0
Create a tutorial on API versioning step by step. Include examples.,software_engineering,mid,6.1,5.4,6.4,6.8,5.3
Compare refactoring legacy code with architecture diagrams using real-world scenarios. Explain to a beginner.,software_engineering,mid,6.6,5.8,6.6,6.6,5.8
Plan a flipped classroom session on flipped classroom models with microlearning exercises. Highlight potential pitfalls.,education,mid,5.1,5.6,6.9,6.7,5.5
Draft a content strategy for keyword clustering for email marketing. Focus on practical applications.,content_creation,mid,5.5,5.5,5.9,6.1,4.6
Write teacher notes about Bloom’s taxonomy including real-world examples with competency tracking.,education,mid,6.7,5.4,6.8,6.3,4.4
Map a curriculum for active learning strategies with classroom examples for a 45-minute session. Highlight potential pitfalls.,education,mid,5.5,5.8,7.0,5.8,5.5
Draft video scripts about blog topic clusters with visual references with tone and style guidelines. Include metrics or KPIs.,content_creation,mid,6.8,5.1,5.6,5.0,4.1
Review code for refactoring legacy code with performance considerations covering security trade-offs. Consider edge cases.,software_engineering,mid,5.8,6.4,6.2,6.9,4.4
Plan a migration for monolith migration with code examples.,software_engineering,mid,5.8,5.7,6.7,5.3,4.2
Plan a migration for REST APIs including deployment steps with diagrams. Explain to a beginner.,software_engineering,mid,5.6,5.2,5.2,6.2,5.3
Automate deployment for TypeScript types with code review notes. Use real-world examples.,software_engineering,mid,5.2,6.9,6.6,6.5,5.7
Refactor performance profiling covering security trade-offs including pros and cons.,software_engineering,mid,5.7,6.0,5.2,6.3,4.1
Outline a guide on case study frameworks with distribution channels. Include examples.,content_creation,mid,5.3,5.3,5.4,6.4,4.9
Design adaptive learning modules for curriculum mapping aligned to learning outcomes. Provide step-by-step guidance.,education,mid,5.9,5.7,6.3,5.3,5.0
Design microlearning modules on differentiated instruction including assessment criteria including formative checks. Consider edge cases.,education,mid,6.0,6.4,7.0,6.2,4.6
Outline a guide on product launch copies with visual references for social and blog formats. Consider edge cases.,content_creation,mid,5.4,5.6,6.9,6.3,4.7
Conduct load testing for serverless architecture with testing strategies with diagrams. Include metrics or KPIs.,software_engineering,mid,6.9,6.1,6.5,6.3,4.1
Draft a content strategy for email drip campaigns for a product launch. Include metrics or KPIs.,content_creation,mid,5.2,6.7,5.2,6.8,5.8
Document incident response including pros and cons for a production environment. Consider edge cases.,software_engineering,mid,6.8,6.8,6.1,6.8,4.8
Design microlearning modules on educational psychology including real-world examples for a 45-minute session.,education,mid,6.9,5.1,5.2,5.6,5.9
Design adaptive learning modules for competency frameworks with remediation ideas for a 45-minute session. Include metrics or KPIs.,education,mid,5.9,6.3,5.4,5.7,4.3
Document Python FastAPI including pros and cons.,software_engineering,mid,6.9,6.2,5.6,6.0,5.2
Assess student performance in peer assessment including gamified exercises using adaptive learning. Highlight potential pitfalls.,education,mid,6.2,6.5,6.8,7.0,5.5
Create a tutorial on dependency injection covering security trade-offs with performance benchmarks.,software_engineering,mid,6.7,6.0,5.3,5.8,4.5
Summarize best practices for incident response with CI/CD pipeline setup. Consider edge cases.,software_engineering,mid,5.7,7.0,6.1,5.1,4.3
Design a rubric for differentiated instruction including gamified exercises with competency tracking.,education,mid,5.2,6.4,6.9,6.9,5.5
Design microlearning modules on digital literacy with competency tracking. Use real-world examples.,education,mid,5.8,6.7,6.9,6.0,4.8
Plan a flipped classroom session on learning path design with remediation ideas.,education,mid,5.9,5.2,5.1,6.5,4.9
Analyze outcomes of project rubrics for high school students.,education,mid,6.6,6.0,5.3,5.5,5.2
Generate a list of visual storytelling with tone and style guidelines for social and blog formats. Provide step-by-step guidance.,content_creation,mid,6.9,6.6,5.2,5.3,4.5
Generate a list of content repurposing covering SEO best practices for a product launch.,content_creation,mid,5.4,5.4,6.2,5.6,4.6
Develop email campaigns for infographic design with measurable KPIs.,content_creation,mid,5.1,5.7,5.8,6.2,5.5
Implement continuous testing covering security trade-offs step by step.,software_engineering,mid,5.9,6.6,5.8,5.8,5.4
Create interactive quizzes for case study frameworks with distribution channels for a product launch.,content_creation,mid,5.1,5.1,5.1,5.6,4.8
Review code for serverless architecture with testing strategies including alternative implementations. Explain to a beginner.,software_engineering,mid,5.7,6.0,5.4,5.3,4.6
Refactor unit testing including alternative implementations.,software_engineering,mid,5.6,5.1,5.1,6.9,5.9
Develop email campaigns for YouTube scripts including influencer mentions for social and blog formats. Explain to a beginner.,content_creation,mid,6.2,5.1,5.1,6.3,4.6
Plan a flipped classroom session on peer assessment including gamified exercises with learning analytics suggestions. Focus on practical applications.,education,mid,5.8,5.2,7.0,6.2,4.8
Assess student performance in edtech tools with peer evaluation including real-world examples. Suggest best practices.,education,mid,7.0,5.3,5.7,6.3,4.4
Draft a content strategy for viral hooks with examples and templates with engagement metrics.,content_creation,mid,5.8,6.8,5.0,6.0,5.6
Design Python FastAPI with code review notes including pros and cons. Consider edge cases.,software_engineering,mid,6.2,6.3,5.1,6.3,5.1
Design microlearning modules on gamified learning for a 45-minute session including gamified exercises.,education,mid,6.6,6.1,6.3,5.2,4.9
Design distributed transactions including refactoring steps.,software_engineering,mid,5.8,5.4,5.0,5.0,4.4
Develop collaborative projects for STEM integration with remediation ideas with scaffolding guides.,education,mid,5.2,6.8,6.0,6.3,5.4
Create infographics on multichannel campaigns including keyword research. Include metrics or KPIs.,content_creation,mid,5.1,6.9,6.2,6.3,4.5
Create scaffolding materials for STEM integration with peer evaluation with classroom examples.,education,mid,6.6,5.3,6.1,5.1,5.4
Generate a list of A/B testing headlines for social and blog formats. Focus on practical applications.,content_creation,mid,5.7,6.0,5.2,5.5,4.1
Design microlearning modules on learning analytics aligned to learning outcomes with peer evaluation.,education,mid,6.5,6.1,5.3,5.6,5.0
Develop collaborative projects for educational psychology with remediation ideas with classroom examples. Consider edge cases.,education,mid,5.6,6.6,5.6,5.9,5.3
Fix bugs in serverless architecture with diagrams. Include metrics or KPIs.,software_engineering,mid,5.5,6.5,5.4,6.3,4.7
Summarize techniques for engagement metrics with audience personas. Suggest best practices.,content_creation,mid,5.8,5.8,6.3,5.6,6.0
Assess student performance in project-based learning covering collaborative projects with microlearning exercises.,education,mid,6.7,5.3,5.9,6.9,5.2
Draft a content strategy for viral hooks with visual references. Consider edge cases.,content_creation,mid,5.4,5.8,5.2,5.2,4.4
Develop collaborative projects for project rubrics with competency tracking with microlearning exercises.,education,mid,6.6,5.5,6.5,6.7,4.1
Document feature toggles step by step. Explain to a beginner.,software_engineering,mid,5.3,5.5,5.8,5.9,4.3
Review code for Django ORM with architecture diagrams. Use real-world examples.,software_engineering,mid,6.6,6.8,6.8,6.0,5.1
Write case studies on thought leadership posts with interactive elements. Consider edge cases.,content_creation,mid,6.7,5.3,6.7,6.2,5.7
Facilitate peer review for assessment rubrics with remediation ideas.,education,mid,6.5,5.4,6.5,6.7,4.4
Plan a flipped classroom session on inclusive pedagogy including gamified exercises with microlearning exercises.,education,mid,5.2,5.3,6.6,5.5,5.5
Create infographics on viral hooks covering multichannel strategy.,content_creation,mid,5.4,6.3,5.3,5.5,4.2
Map a curriculum for educational psychology for blended learning.,education,mid,5.8,5.6,6.1,6.5,5.4
Develop classroom activities for differentiated instruction including assessment criteria. Use real-world examples.,education,mid,6.7,7.0,6.2,5.7,5.2
Plan a webinar on multichannel campaigns covering SEO best practices with distribution channels. Provide step-by-step guidance.,content_creation,mid,6.6,5.5,5.8,5.8,5.9
Conduct load testing for incident response with CI/CD pipeline setup with security audit checklist.,software_engineering,mid,6.4,5.7,6.5,6.9,5.1
Develop gamified exercises on flipped classroom models with microlearning exercises with competency tracking. Include examples.,education,mid,6.1,6.7,5.9,6.2,4.9
Draft video scripts about influencer collaborations covering multichannel strategy covering SEO best practices.,content_creation,mid,6.6,5.9,5.5,6.1,4.5
Write social captions about multichannel campaigns with distribution channels with engagement metrics. Consider edge cases.,content_creation,mid,6.4,5.1,6.0,6.4,5.4
Create infographics on influencer collaborations with storytelling frameworks.,content_creation,mid,6.1,5.4,6.4,5.1,5.4
Produce a podcast episode on conversion copywriting for a B2B SaaS brand with interactive elements. Include metrics or KPIs.,content_creation,mid,5.4,6.0,6.1,6.9,5.5
Write case studies on keyword clustering including keyword research. Include metrics or KPIs.,content_creation,mid,6.2,6.9,6.1,6.7,5.5
Compare logging and observability with testing strategies. Focus on practical applications.,software_engineering,mid,5.8,6.1,6.4,5.2,6.0
Outline a guide on infographic design for a B2B SaaS brand. Include metrics or KPIs.,content_creation,mid,5.8,6.6,5.5,6.0,4.5
Automate deployment for Docker containers with detailed bug analysis.,software_engineering,mid,5.3,6.0,5.2,5.6,5.4
Produce a podcast episode on infographic design with examples and templates for social and blog formats. Consider edge cases.,content_creation,mid,5.6,5.1,5.2,5.2,5.3
Create an editorial plan for viral hooks for email marketing for a product launch. Focus on practical applications.,content_creation,mid,5.0,6.3,6.6,6.3,4.4
Map a curriculum for inclusive pedagogy including real-world examples.,education,mid,6.1,5.1,5.6,5.2,4.5
Write unit tests for continuous testing covering security trade-offs. Highlight potential pitfalls.,software_engineering,mid,5.7,5.1,6.3,5.5,4.7
Write educational guides for learning outcomes with peer evaluation.,education,mid,5.8,6.4,6.2,6.4,4.6
Develop gamified exercises on digital literacy using active learning.,education,mid,6.2,6.8,6.9,5.5,4.8
Write social captions about conversion copywriting with visual references including keyword research. Provide step-by-step guidance.,content_creation,mid,5.7,5.6,6.6,5.1,4.7
Create interactive quizzes for multichannel campaigns with visual references covering multichannel strategy.,content_creation,mid,5.2,5.2,6.6,5.1,4.2
Create assessment quizzes for educational psychology aligned to learning outcomes. Use real-world examples.,education,mid,5.7,5.4,5.1,6.1,4.8
Draft video scripts about influencer collaborations for a B2B SaaS brand with distribution channels.,content_creation,mid,5.4,5.8,5.7,5.5,4.7
Draft a unit outline on instructional design patterns using active learning.,education,mid,5.3,6.4,5.1,5.7,4.7
Explain serverless architecture with architecture diagrams.,software_engineering,mid,6.5,6.6,6.3,5.0,4.4
Produce a podcast episode on A/B testing headlines including conversion optimization tips. Include metrics or KPIs.,content_creation,mid,6.0,6.9,5.3,6.1,5.3
Explain distributed transactions with code examples with detailed bug analysis.,software_engineering,mid,5.7,6.8,5.5,6.5,4.9
Create scaffolding materials for lesson objectives including real-world examples.,education,mid,5.8,6.2,5.5,6.9,5.9
Plan a flipped classroom session on student engagement metrics with extension tasks. Include examples.,education,mid,6.4,6.7,6.8,5.9,5.0
Review code for code reviews with code review notes. Consider edge cases.,software_engineering,mid,5.4,5.6,5.3,6.6,4.2
Develop collaborative projects for STEM integration with extension tasks.,education,mid,5.7,6.5,6.8,5.5,5.1
Explain OpenID Connect with code examples with performance considerations. Include examples.,software_engineering,mid,5.5,5.7,6.4,6.6,5.8
Design adaptive learning modules for microlearning aligned to learning outcomes with competency tracking.,education,mid,5.5,6.9,5.1,6.5,5.5
Write a blog post about storytelling techniques covering multichannel strategy.,content_creation,mid,6.8,6.3,5.7,6.0,5.9
Explain fundamentals of project rubrics including assessment criteria with scaffolding guides.,education,mid,5.5,5.6,5.6,6.0,4.3
Write unit tests for event-driven systems for a production environment with architecture diagrams.,software_engineering,mid,6.6,6.2,5.5,6.9,5.0
Analyze serverless architecture covering security trade-offs including alternative implementations. Include metrics or KPIs.,software_engineering,mid,5.1,6.1,6.9,6.2,4.2
Design adaptive learning modules for project-based learning including real-world examples with differentiated activities. Include examples.,education,mid,6.7,5.1,5.0,5.1,5.5
Automate deployment for static code analysis with code examples with testing strategies.,software_engineering,mid,6.5,7.0,5.7,6.0,5.6
Optimize performance of clean architecture step by step.,software_engineering,mid,6.4,6.2,5.2,6.6,4.6
Facilitate peer review for critical thinking exercises with differentiated activities including gamified exercises.,education,mid,5.1,6.1,6.6,5.1,4.8
Assess student performance in gamified learning including real-world examples.,education,mid,5.9,5.8,6.6,6.9,5.0
Create a lesson plan on digital literacy using adaptive learning using active learning. Consider edge cases.,education,mid,6.8,6.2,5.7,5.5,5.8
Refactor REST APIs with detailed bug analysis. Use real-world examples.,software_engineering,mid,6.6,5.9,6.7,5.4,4.0
Facilitate peer review for flipped classroom models with microlearning exercises with extension tasks.,education,mid,6.1,6.7,6.4,5.1,4.1
Develop gamified exercises on critical thinking exercises with remediation ideas with scaffolding guides. Provide step-by-step guidance.,education,mid,6.1,5.9,5.6,6.7,5.9
Summarize best practices for Python FastAPI with debugging tips with architecture diagrams.,software_engineering,mid,5.7,6.3,7.0,6.7,4.4
Develop classroom activities for STEM integration for a 45-minute session.,education,mid,6.7,5.4,6.2,5.6,4.7
Create interactive quizzes for influencer collaborations including keyword research with distribution channels.,content_creation,mid,6.2,6.4,6.6,5.0,4.7
Design adaptive learning modules for Bloom’s taxonomy using active learning including formative checks. Explain to a beginner.,education,mid,6.8,7.0,5.9,6.3,5.6
Design microlearning modules on differentiated instruction with extension tasks.,education,mid,6.0,6.4,6.2,6.7,5.6
Document continuous testing covering security trade-offs.,software_engineering,mid,5.1,6.4,6.8,6.2,5.7
Create a tutorial on performance profiling including alternative implementations. Provide step-by-step guidance.,software_engineering,mid,5.5,6.3,5.2,6.1,5.9
Evaluate architecture of microservices including alternative implementations.,software_engineering,mid,5.7,6.3,6.9,5.1,4.3
Assess security for Python FastAPI including alternative implementations including pros and cons. Focus on practical applications.,software_engineering,mid,5.4,5.9,6.6,5.9,5.1
Fix bugs in memory leaks including deployment steps.,software_engineering,mid,5.5,7.0,5.4,5.2,4.3
Configure CI/CD for GraphQL schemas with code review notes.,software_engineering,mid,5.1,7.0,5.9,6.2,5.1
Develop classroom activities for inclusive pedagogy using active learning.,education,mid,6.6,6.6,6.9,6.2,4.2
Evaluate architecture of bug fixes including alternative implementations with performance considerations. Provide step-by-step guidance.,software_engineering,mid,6.4,5.9,5.7,6.9,5.4
Design a rubric for microlearning with peer evaluation.,education,mid,6.0,6.6,5.1,6.9,6.0
Implement continuous testing with security audit checklist.,software_engineering,mid,5.5,5.8,6.8,6.2,5.0
Develop email campaigns for brand voice guidelines with audience personas covering SEO best practices.,content_creation,mid,5.0,5.6,6.8,5.5,5.9
Design a content brief for customer journey mapping with storytelling frameworks with examples and templates. Include metrics or KPIs.,content_creation,mid,6.0,6.7,6.1,5.6,4.4
Plan a webinar on podcast scripts with examples and templates. Explain to a beginner.,content_creation,mid,6.3,6.4,5.7,6.9,5.0
Automate deployment for performance profiling with performance considerations.,software_engineering,mid,5.2,6.5,6.4,5.4,5.5
Design a content brief for customer journey mapping covering multichannel strategy with tone and style guidelines.,content_creation,mid,6.1,5.7,6.4,5.8,5.0
Draft a content strategy for newsletter strategy for a B2B SaaS brand. Focus on practical applications.,content_creation,mid,6.5,6.7,6.2,6.4,5.5
Explain fundamentals of lesson objectives with competency tracking.,education,mid,6.5,6.0,5.3,5.4,4.7
Refactor REST APIs with testing strategies including alternative implementations.,software_engineering,mid,6.6,6.2,6.4,7.0,5.9
Summarize best practices for React state management with performance considerations.,software_engineering,mid,6.5,6.6,5.7,5.6,4.1
Draft a unit outline on learning analytics with extension tasks. Provide step-by-step guidance.,education,mid,6.3,5.3,5.8,6.9,5.9
Conduct load testing for OpenID Connect including pros and cons.,software_engineering,mid,5.4,6.0,6.4,6.1,4.1
Draft a content strategy for email drip campaigns with engagement metrics.,content_creation,mid,6.6,6.5,5.4,6.3,4.6
Write educational guides for curriculum mapping using active learning for a 45-minute session. Highlight potential pitfalls.,education,mid,7.0,6.1,6.6,5.3,4.6
Summarize techniques for case study frameworks with interactive elements with examples and templates. Provide step-by-step guidance.,content_creation,mid,5.6,6.2,6.2,5.4,4.7
Compare pedagogical methods for critical thinking exercises for a 45-minute session with remediation ideas. Explain to a beginner.,education,mid,6.0,5.1,5.4,5.6,5.8
Map a curriculum for competency frameworks including real-world examples.,education,mid,5.9,6.4,6.9,5.6,4.3
Configure CI/CD for logging and observability with diagrams for a production environment. Include examples.,software_engineering,mid,7.0,5.2,6.7,6.4,4.4
Write case studies on social media audit with storytelling frameworks for a product launch.,content_creation,mid,5.3,5.3,5.9,5.4,4.7
Draft video scripts about landing page copy for a product launch.,content_creation,mid,5.8,6.8,5.7,6.9,4.9
Write unit tests for CI/CD pipelines with code examples. Include examples.,software_engineering,mid,6.1,6.2,5.7,5.3,4.5
Compare approaches to A/B testing headlines for a B2B SaaS brand including keyword research. Focus on practical applications.,content_creation,mid,6.1,5.6,6.0,6.3,4.1
Design visual assets for influencer collaborations with storytelling frameworks with audience personas.,content_creation,mid,6.5,6.4,6.7,7.0,4.4
Debug clean architecture including deployment steps. Use real-world examples.,software_engineering,mid,5.5,6.0,7.0,6.6,4.5
Write educational guides for learning outcomes with classroom examples.,education,mid,6.4,6.5,6.5,5.2,4.6
Produce a podcast episode on product launch copies with visual references. Include examples.,content_creation,mid,6.0,6.3,5.3,6.5,5.1
Fix bugs in monitoring dashboards with CI/CD pipeline setup. Include examples.,software_engineering,mid,6.6,7.0,5.2,6.0,4.0
Investigate memory leaks in microservices including refactoring steps. Suggest best practices.,software_engineering,mid,6.0,6.9,5.4,6.6,5.3
Design refactoring legacy code with CI/CD pipeline setup. Highlight potential pitfalls.,software_engineering,mid,6.7,5.8,5.9,5.1,4.4
Analyze trends in brand voice guidelines including editorial calendar for social and blog formats. Include metrics or KPIs.,content_creation,mid,6.8,5.1,6.2,5.5,4.6
Conduct load testing for microservices with performance benchmarks. Include examples.,software_engineering,mid,5.4,5.5,6.2,5.0,4.9
Create a tutorial on OAuth 2.0 with testing strategies including pros and cons. Highlight potential pitfalls.,software_engineering,mid,6.7,6.8,5.8,6.8,4.3
Compare pedagogical methods for digital literacy covering collaborative projects.,education,mid,5.1,5.1,5.5,5.2,6.0
Design a rubric for competency frameworks including gamified exercises including assessment criteria. Suggest best practices.,education,mid,7.0,5.3,6.7,6.1,5.3
Design a content brief for storytelling techniques with engagement metrics. Include examples.,content_creation,mid,5.9,6.8,5.1,5.0,5.5
Explain fundamentals of learning path design with peer evaluation.,education,mid,6.2,6.6,6.6,5.9,4.1
Create assessment quizzes for peer assessment with competency tracking with scaffolding guides.,education,mid,6.5,5.7,6.3,6.3,4.4
Summarize best practices for OpenID Connect including deployment steps with testing strategies. Include metrics or KPIs.,software_engineering,mid,7.0,6.8,7.0,6.4,6.0
Implement OpenID Connect with performance considerations. Consider edge cases.,software_engineering,mid,5.3,5.7,6.7,6.2,4.4
Create scaffolding materials for instructional scaffolding with microlearning exercises. Highlight potential pitfalls.,education,mid,5.2,6.2,6.8,7.0,5.1
Plan a webinar on keyword clustering covering SEO best practices with A/B testing suggestions.,content_creation,mid,6.4,6.3,5.6,5.6,4.4
Evaluate architecture of code reviews with code review notes covering edge cases. Focus on practical applications.,software_engineering,mid,5.4,5.1,6.1,5.3,5.4
Develop collaborative projects for differentiated instruction with microlearning exercises. Provide step-by-step guidance.,education,mid,5.2,6.7,5.1,6.6,4.5
Write social captions about newsletter strategy for email marketing with tone and style guidelines. Suggest best practices.,content_creation,mid,6.8,5.2,5.7,5.2,4.6
Write social captions about social media hooks including keyword research.,content_creation,mid,5.6,5.0,6.6,5.6,4.2
Summarize research on adaptive learning with competency tracking including real-world examples. Provide step-by-step guidance.,education,mid,5.5,6.7,5.8,6.5,5.0
Explain fundamentals of learning path design with peer evaluation. Consider edge cases.,education,mid,7.0,5.6,6.0,5.6,4.4
Evaluate architecture of Django ORM including refactoring steps. Include examples.,software_engineering,mid,6.1,6.8,6.6,7.0,4.4
Write a blog post about email drip campaigns with A/B testing suggestions with measurable KPIs. Consider edge cases.,content_creation,mid,6.7,6.0,5.2,6.1,4.2
Develop email campaigns for social media hooks with examples and templates with A/B testing suggestions.,content_creation,mid,6.2,6.3,5.1,6.4,5.7
Conduct load testing for caching strategies with debugging tips.,software_engineering,mid,6.5,6.5,5.8,6.7,4.7
Create a tutorial on incident response with CI/CD pipeline setup. Provide step-by-step guidance.,software_engineering,mid,6.3,6.4,5.5,5.8,5.3
Summarize research on educational psychology with extension tasks including real-world examples.,education,mid,5.1,5.6,6.8,6.7,5.2
Fix bugs in API versioning with diagrams including alternative implementations. Suggest best practices.,software_engineering,mid,5.2,6.2,6.5,5.8,5.8
Draft video scripts about influencer collaborations with examples and templates including influencer mentions.,content_creation,mid,6.7,6.0,5.1,6.0,4.0
Produce a podcast episode on editorial calendars including conversion optimization tips. Provide step-by-step guidance.,content_creation,mid,5.5,6.4,6.3,5.8,5.1
Explain Django ORM step by step with debugging tips. Include metrics or KPIs.,software_engineering,mid,5.8,6.2,5.8,6.5,5.6
Investigate memory leaks in unit testing covering security trade-offs.,software_engineering,mid,5.7,5.2,6.2,6.9,4.5
Design visual assets for content repurposing with examples and templates with storytelling frameworks. Consider edge cases.,content_creation,mid,5.5,5.5,5.8,6.5,5.5
Explain fundamentals of student engagement metrics with microlearning exercises.,education,mid,6.8,6.9,5.8,5.6,5.6
Analyze outcomes of differentiated instruction with learning analytics suggestions. Include examples.,education,mid,5.4,6.2,6.9,6.2,4.1
Produce a podcast episode on newsletter strategy including conversion optimization tips including keyword research. Consider edge cases.,content_creation,mid,6.0,6.8,5.8,6.6,4.2
Write educational guides for assessment rubrics including assessment criteria with scaffolding guides. Include metrics or KPIs.,education,mid,6.8,6.5,5.2,5.6,5.7
Design a content brief for storytelling techniques with visual references.,content_creation,mid,5.6,5.9,5.8,5.8,5.6
Fix bugs in distributed transactions with performance benchmarks including alternative implementations. Consider edge cases.,software_engineering,mid,5.5,6.2,6.6,6.9,5.4
Design a rubric for classroom management for high school students.,education,mid,5.4,5.1,6.8,6.1,5.0
Assess student performance in competency frameworks with differentiated activities with extension tasks.,education,mid,5.1,5.4,5.3,6.3,5.9
Develop gamified exercises on adaptive learning with scaffolding guides with extension tasks.,education,mid,5.2,5.5,6.9,6.0,4.4
Refactor monolith migration with security audit checklist with debugging tips. Include metrics or KPIs.,software_engineering,mid,6.9,6.3,5.1,5.2,5.7
Create infographics on landing page copy with measurable KPIs.,content_creation,mid,6.4,6.1,6.1,5.4,4.4
Design a rubric for collaborative projects for blended learning. Highlight potential pitfalls.,education,mid,6.6,5.4,6.9,6.4,5.8
Develop email campaigns for interactive content with distribution channels.,content_creation,mid,5.1,5.2,6.3,5.0,5.8
Create interactive quizzes for visual storytelling with visual references.,content_creation,mid,5.1,6.3,5.9,7.0,4.4
Write educational guides for peer assessment with differentiated activities including formative checks.,education,mid,6.6,6.1,5.1,6.6,4.8
Write unit tests for caching strategies with architecture diagrams. Focus on practical applications.,software_engineering,mid,5.3,6.1,5.5,5.6,4.1
Plan a flipped classroom session on student engagement metrics including gamified exercises. Suggest best practices.,education,mid,6.8,5.1,6.3,6.1,4.1
Design adaptive learning modules for STEM integration aligned to learning outcomes. Use real-world examples.,education,mid,5.1,6.2,6.8,5.3,6.0
Plan a migration for event-driven systems with diagrams with detailed bug analysis. Use real-world examples.,software_engineering,mid,5.1,6.1,5.2,5.7,4.6
Draft a unit outline on STEM integration including formative checks. Suggest best practices.,education,mid,6.0,5.8,7.0,5.4,5.0
Analyze feature toggles with detailed bug analysis step by step.,software_engineering,mid,5.9,5.8,6.9,6.9,5.2
Review code for Django ORM step by step. Provide step-by-step guidance.,software_engineering,mid,6.3,6.8,5.2,6.4,5.1
Optimize performance of database indexing including refactoring steps.,software_engineering,mid,5.7,6.8,6.6,5.6,5.3
Refactor Django ORM with CI/CD pipeline setup. Explain to a beginner.,software_engineering,mid,6.1,6.8,6.1,6.3,5.9
Configure CI/CD for Kubernetes including refactoring steps.,software_engineering,mid,6.6,7.0,6.7,6.1,5.8
Design a content brief for YouTube scripts for a product launch covering SEO best practices. Consider edge cases.,content_creation,mid,6.9,6.5,6.6,6.6,5.9
Produce a podcast episode on landing page copy with storytelling frameworks with tone and style guidelines. Provide step-by-step guidance.,content_creation,mid,6.3,5.8,6.3,5.1,4.2
Assess security for refactoring legacy code with code examples with debugging tips. Explain to a beginner.,software_engineering,mid,5.7,6.3,5.3,5.3,4.8
Design a rubric for digital literacy for blended learning with remediation ideas. Use real-world examples.,education,mid,6.5,6.0,6.7,5.0,4.9
Write teacher notes about instructional design patterns including real-world examples with differentiated activities. Focus on practical applications.,education,mid,6.0,5.3,5.0,6.5,5.9
Implement CI/CD pipelines with code review notes.,software_engineering,mid,5.9,6.4,6.1,6.0,5.2
Write teacher notes about formative assessment with peer evaluation including formative checks.,education,mid,6.4,5.2,5.8,6.1,6.0
Produce a podcast episode on social media audit with tone and style guidelines. Include metrics or KPIs.,content_creation,mid,5.4,5.6,6.6,5.7,5.2
Generate a list of interactive content for a B2B SaaS brand with visual references. Highlight potential pitfalls.,content_creation,mid,6.0,6.2,6.8,5.3,4.8
Implement performance profiling with testing strategies. Include examples.,software_engineering,mid,6.2,5.2,6.4,6.8,4.9
Write unit tests for refactoring legacy code with CI/CD pipeline setup.,software_engineering,mid,6.5,6.8,5.9,6.6,5.2
Design a content brief for YouTube scripts covering multichannel strategy.,content_creation,mid,6.6,6.4,6.6,6.9,5.2
Plan a migration for GraphQL schemas including alternative implementations. Include metrics or KPIs.,software_engineering,mid,6.6,6.0,6.6,6.7,5.3
Draft a content strategy for visual storytelling with tone and style guidelines including influencer mentions.,content_creation,mid,5.9,5.6,7.0,7.0,4.9
Create scaffolding materials for curriculum mapping using active learning. Highlight potential pitfalls.,education,mid,5.1,5.4,5.4,6.6,4.7
Write a blog post about influencer collaborations with A/B testing suggestions. Include metrics or KPIs.,content_creation,mid,6.6,6.7,5.5,6.2,5.0
Explain static code analysis with CI/CD pipeline setup.,software_engineering,mid,6.5,6.2,6.2,6.7,5.0
Investigate memory leaks in CI/CD pipelines with CI/CD pipeline setup with performance benchmarks.,software_engineering,mid,5.4,5.1,5.8,5.3,4.2
Assess student performance in learning path design covering collaborative projects.,education,mid,5.1,5.3,5.1,6.4,5.3
Create a lesson plan on curriculum mapping with remediation ideas.,education,mid,6.2,5.3,6.4,6.1,5.4
Create a tutorial on Kubernetes with code review notes including refactoring steps. Explain to a beginner.,software_engineering,mid,6.6,5.4,6.4,5.5,5.0
Investigate memory leaks in refactoring legacy code including refactoring steps.,software_engineering,mid,6.7,6.9,5.2,5.7,4.0
Draft video scripts about infographic design with storytelling frameworks with visual references. Provide step-by-step guidance.,content_creation,mid,5.3,5.3,6.8,6.8,5.3
Design a rubric for student engagement metrics with peer evaluation with scaffolding guides. Provide step-by-step guidance.,education,mid,5.8,6.4,6.0,5.3,5.7
Design a rubric for critical thinking exercises for high school students including assessment criteria. Use real-world examples.,education,mid,6.8,6.6,6.3,5.3,4.5
Evaluate architecture of code reviews including alternative implementations. Explain to a beginner.,software_engineering,mid,6.2,5.0,6.8,5.3,5.0
Assess student performance in critical thinking exercises with scaffolding guides covering collaborative projects. Explain to a beginner.,education,mid,6.9,5.4,5.3,5.4,5.3
Optimize copy for SEO long-form articles for email marketing.,content_creation,mid,6.6,5.7,6.4,6.0,4.1
Create scaffolding materials for classroom management with differentiated activities with classroom examples.,education,mid,5.8,5.2,6.4,6.6,5.1
Document performance profiling for a production environment.,software_engineering,mid,6.2,5.8,5.9,5.9,6.0
Develop gamified exercises on learning outcomes using active learning with scaffolding guides. Consider edge cases.,education,mid,5.7,5.1,5.2,6.2,4.4
Automate deployment for Docker containers with debugging tips.,software_engineering,mid,5.8,6.8,6.1,6.4,4.3
Map a curriculum for critical thinking exercises with peer evaluation. Include metrics or KPIs.,education,mid,5.8,6.2,6.6,6.3,5.2
Implement React state management including refactoring steps.,software_engineering,mid,6.1,5.0,6.2,6.0,5.9
Assess student performance in project-based learning using active learning.,education,mid,5.6,6.5,6.4,6.7,5.2
Explain fundamentals of peer assessment with competency tracking. Focus on practical applications.,education,mid,6.2,6.8,6.4,6.3,5.7
Debug static code analysis with security audit checklist including pros and cons.,software_engineering,mid,6.5,5.2,6.0,5.3,6.0
Write case studies on influencer collaborations covering multichannel strategy. Highlight potential pitfalls.,content_creation,mid,5.4,6.6,5.4,5.5,4.0
Facilitate peer review for edtech tools using adaptive learning with classroom examples. Focus on practical applications.,education,mid,6.5,5.9,6.3,5.8,5.7
Create an editorial plan for customer journey mapping including influencer mentions. Focus on practical applications.,content_creation,mid,5.1,6.9,6.6,6.0,4.6
Explain fundamentals of classroom management with classroom examples. Explain to a beginner.,education,mid,6.0,6.5,6.2,5.6,4.3
Write a blog post about thought leadership posts for a B2B SaaS brand covering SEO best practices.,content_creation,mid,5.7,6.4,6.2,5.8,5.6
Draft a unit outline on learning analytics using active learning. Suggest best practices.,education,mid,6.8,5.7,5.9,6.6,5.0
Facilitate peer review for lesson objectives with peer evaluation with extension tasks.,education,mid,5.1,5.2,5.6,6.6,5.2
Write unit tests for OpenID Connect covering edge cases with architecture diagrams.,software_engineering,mid,5.5,5.5,6.8,5.7,4.8
Create assessment quizzes for competency frameworks with microlearning exercises for blended learning. Highlight potential pitfalls.,education,mid,5.7,6.5,5.5,5.5,5.4
Write a blog post about landing page copy covering SEO best practices with tone and style guidelines. Highlight potential pitfalls.,content_creation,mid,5.3,5.3,5.1,5.6,4.1
Explain fundamentals of project rubrics with classroom examples including real-world examples. Include metrics or KPIs.,education,mid,5.4,5.3,5.0,6.4,4.8
Write a blog post about tone and style guides with engagement metrics covering SEO best practices.,content_creation,mid,6.5,5.5,6.9,6.1,5.4
Assess student performance in formative assessment including assessment criteria. Provide step-by-step guidance.,education,mid,5.4,6.6,5.6,5.6,4.3
Analyze trends in infographic design with engagement metrics with storytelling frameworks. Explain to a beginner.,content_creation,mid,6.8,6.5,6.4,6.6,4.5
Plan a migration for dependency injection including refactoring steps.,software_engineering,mid,5.5,5.0,6.4,6.6,5.5
Assess student performance in learning outcomes with peer evaluation including real-world examples.,education,mid,6.8,6.2,5.2,6.6,5.1
Plan a webinar on podcast scripts with distribution channels covering SEO best practices.,content_creation,mid,6.3,5.2,6.1,5.2,5.6
Create scaffolding materials for project-based learning with competency tracking with remediation ideas. Highlight potential pitfalls.,education,mid,5.7,6.3,6.1,6.8,4.3
Design a content brief for A/B testing headlines with measurable KPIs. Consider edge cases.,content_creation,mid,6.4,6.3,6.1,6.0,5.3
Develop email campaigns for content gap analysis for email marketing. Include examples.,content_creation,mid,6.6,5.9,5.2,7.0,5.6
Write teacher notes about Bloom’s taxonomy with remediation ideas. Consider edge cases.,education,mid,6.5,6.2,6.5,5.4,4.4
Implement memory leaks using real-world scenarios. Use real-world examples.,software_engineering,mid,5.9,5.0,6.6,5.1,5.0
Design a rubric for project-based learning aligned to learning outcomes.,education,mid,6.1,6.6,6.6,5.1,4.7
Fix bugs in load testing covering edge cases. Suggest best practices.,software_engineering,mid,6.9,5.2,5.7,5.2,5.4
Audit content for content repurposing including conversion optimization tips for a B2B SaaS brand. Include examples.,content_creation,mid,6.0,6.9,5.1,7.0,5.7
Draft a content strategy for editorial calendars including editorial calendar including conversion optimization tips.,content_creation,mid,5.4,5.3,6.5,6.6,4.9
Assess student performance in instructional design patterns including assessment criteria.,education,mid,5.4,6.0,5.3,6.8,5.2
Investigate memory leaks in incident response with CI/CD pipeline setup. Include metrics or KPIs.,software_engineering,mid,6.9,5.3,6.7,6.4,5.8
Investigate memory leaks in React state management covering edge cases. Include metrics or KPIs.,software_engineering,mid,6.9,5.0,5.6,5.3,4.3
Summarize techniques for podcast scripts with distribution channels for a B2B SaaS brand. Use real-world examples.,content_creation,mid,5.6,6.1,6.4,6.1,4.4
Fix bugs in database indexing with testing strategies. Consider edge cases.,software_engineering,mid,5.6,5.6,5.5,6.8,4.3
Write educational guides for formative assessment for blended learning covering collaborative projects.,education,mid,5.4,5.1,6.7,6.0,4.7
Develop classroom activities for blended learning with competency tracking.,education,mid,7.0,6.1,5.4,6.7,4.4
Optimize copy for SEO landing page copy with visual references with examples and templates. Use real-world examples.,content_creation,mid,5.4,5.6,5.6,5.4,5.6
Facilitate peer review for competency frameworks aligned to learning outcomes with extension tasks.,education,mid,5.0,6.0,6.5,5.5,5.6
Compare CI/CD pipelines with performance benchmarks.,software_engineering,mid,6.6,6.2,6.6,5.0,4.8
Create infographics on brand messaging with visual references.,content_creation,mid,5.9,6.6,5.5,5.5,4.4
Develop email campaigns for viral hooks with interactive elements including conversion optimization tips.,content_creation,mid,5.3,5.4,5.7,6.2,4.8
Review code for security vulnerabilities with diagrams. Use real-world examples.,software_engineering,mid,5.8,6.3,5.5,6.5,5.1
Audit content for viral hooks for social and blog formats for email marketing. Include examples.,content_creation,mid,5.0,5.0,6.6,5.6,4.6
Audit content for podcast scripts with distribution channels.,content_creation,mid,6.7,5.3,6.3,5.5,5.3
Implement OAuth 2.0 with performance benchmarks covering security trade-offs. Use real-world examples.,software_engineering,mid,5.6,5.6,6.1,5.0,5.3
Design a rubric for flipped classroom models including assessment criteria with microlearning exercises. Provide step-by-step guidance.,education,mid,5.3,5.3,6.8,6.3,5.3
Create an editorial plan for content gap analysis with audience personas. Provide step-by-step guidance.,content_creation,mid,6.9,6.1,6.0,6.5,4.8
Assess security for database indexing step by step. Consider edge cases.,software_engineering,mid,5.6,5.8,5.4,5.7,4.4
Produce a podcast episode on visual storytelling with tone and style guidelines covering multichannel strategy.,content_creation,mid,6.7,5.0,5.0,6.2,5.0
Write case studies on visual storytelling with distribution channels. Focus on practical applications.,content_creation,mid,6.2,5.8,5.8,5.0,4.4
Document microservices using real-world scenarios including alternative implementations. Provide step-by-step guidance.,software_engineering,mid,5.4,5.9,6.0,6.6,5.4
Design adaptive learning modules for adaptive learning using active learning with classroom examples.,education,mid,7.0,6.5,6.2,6.9,5.8
Automate deployment for React state management using real-world scenarios. Highlight potential pitfalls.,software_engineering,mid,5.8,6.3,5.6,6.8,4.5
Review code for Django ORM including refactoring steps with code review notes.,software_engineering,mid,5.5,6.8,5.4,6.3,5.4
Produce a podcast episode on social media hooks including conversion optimization tips with examples and templates. Include metrics or KPIs.,content_creation,mid,5.7,6.1,5.6,5.4,4.6
Draft a proposal for Django ORM with architecture diagrams.,software_engineering,mid,6.7,5.5,7.0,5.4,4.3
Draft a unit outline on instructional scaffolding covering collaborative projects using adaptive learning. Focus on practical applications.,education,mid,5.7,5.8,5.7,6.6,4.5
Create interactive quizzes for email drip campaigns including editorial calendar.,content_creation,mid,6.2,6.1,5.4,5.2,4.8
Plan a migration for memory leaks with performance considerations including refactoring steps. Suggest best practices.,software_engineering,mid,6.0,6.7,5.6,6.3,4.2
Compare approaches to case study frameworks with storytelling frameworks. Provide step-by-step guidance.,content_creation,mid,6.7,6.5,6.9,6.7,4.2
Explain fundamentals of classroom management with extension tasks with learning analytics suggestions. Focus on practical applications.,education,mid,5.8,5.3,5.6,5.3,5.5
Design a content brief for brand messaging for email marketing covering multichannel strategy.,content_creation,mid,6.0,6.5,5.9,6.4,5.6
Fix bugs in CI/CD pipelines covering security trade-offs.,software_engineering,mid,5.7,5.3,5.2,6.2,4.3
Develop email campaigns for tone and style guides with audience personas. Use real-world examples.,content_creation,mid,5.2,5.7,6.5,6.9,4.3
Debug distributed transactions with security audit checklist. Explain to a beginner.,software_engineering,mid,5.8,5.5,6.3,6.8,4.6
Plan a webinar on keyword clustering with interactive elements. Consider edge cases.,content_creation,mid,6.0,6.7,5.1,5.9,4.3
Plan a webinar on interactive content covering SEO best practices. Include examples.,content_creation,mid,6.1,6.1,5.3,6.5,4.0
Map a curriculum for active learning strategies with differentiated activities.,education,mid,5.5,5.3,5.6,5.9,4.2
Analyze outcomes of STEM integration with competency tracking. Focus on practical applications.,education,mid,5.5,5.6,5.9,6.9,4.3
Optimize performance of CI/CD pipelines with performance considerations with code review notes. Explain to a beginner.,software_engineering,mid,5.3,5.5,6.0,5.9,5.9
Write a blog post about brand voice guidelines covering SEO best practices. Suggest best practices.,content_creation,mid,5.7,5.1,6.8,6.0,5.3
Assess student performance in Bloom’s taxonomy with differentiated activities.,education,mid,5.0,6.2,5.5,6.1,6.0
Design visual assets for YouTube scripts with examples and templates with interactive elements. Highlight potential pitfalls.,content_creation,mid,6.6,5.3,6.4,6.6,4.3
Create a tutorial on dependency injection including alternative implementations using real-world scenarios.,software_engineering,mid,5.2,5.8,6.7,5.5,5.5
Optimize copy for SEO podcast scripts with distribution channels including keyword research. Provide step-by-step guidance.,content_creation,mid,6.9,5.9,6.8,5.5,5.2
Write educational guides for project-based learning with learning analytics suggestions.,education,mid,6.8,6.1,6.0,6.3,4.4
Explain fundamentals of inclusive pedagogy with learning analytics suggestions. Include examples.,education,mid,6.5,5.7,5.1,6.2,5.8
Optimize copy for SEO brand voice guidelines for a product launch with interactive elements. Highlight potential pitfalls.,content_creation,mid,6.1,5.9,6.6,6.5,4.2
Analyze dependency injection with architecture diagrams with performance considerations. Include metrics or KPIs.,software_engineering,mid,5.2,6.1,6.8,6.8,4.7
Design a rubric for critical thinking exercises with remediation ideas including gamified exercises.,education,mid,6.4,5.8,6.9,6.9,5.8
Map a curriculum for blended learning with competency tracking. Consider edge cases.,education,mid,5.5,5.3,5.3,5.2,5.7
Create interactive quizzes for podcast scripts with distribution channels with A/B testing suggestions.,content_creation,mid,5.2,6.6,6.8,6.0,4.0
Implement event-driven systems with diagrams.,software_engineering,mid,5.8,5.9,5.8,5.5,5.6
Configure CI/CD for microservices with code review notes.,software_engineering,mid,6.4,6.5,6.9,5.9,4.2
Compare API versioning with code examples.,software_engineering,mid,5.9,5.0,6.7,6.1,4.9
Analyze distributed transactions with architecture diagrams including alternative implementations. Highlight potential pitfalls.,software_engineering,mid,5.5,5.2,6.6,5.8,5.2
Develop collaborative projects for active learning strategies including real-world examples. Explain to a beginner.,education,mid,6.3,5.9,5.1,5.8,5.9
Design a content brief for content gap analysis including editorial calendar.,content_creation,mid,5.3,5.3,5.1,6.4,4.6
Summarize research on edtech tools with peer evaluation with differentiated activities. Highlight potential pitfalls.,education,mid,5.6,5.8,6.9,6.9,4.5
Design visual assets for content gap analysis including editorial calendar. Use real-world examples.,content_creation,mid,5.7,5.1,5.3,6.2,4.3
Write social captions about interactive content covering multichannel strategy with audience personas. Consider edge cases.,content_creation,mid,5.6,6.8,6.5,6.7,5.6
Design end-to-end testing with CI/CD pipeline setup.,software_engineering,mid,6.5,5.7,6.8,5.5,5.1
Analyze trends in YouTube scripts covering SEO best practices.,content_creation,mid,5.2,6.7,6.6,5.6,4.1
Facilitate peer review for assessment rubrics with competency tracking including assessment criteria. Focus on practical applications.,education,mid,6.5,6.0,5.5,5.8,5.7
Create an editorial plan for product launch copies including conversion optimization tips with audience personas. Suggest best practices.,content_creation,mid,6.3,5.1,6.6,6.3,5.8
Develop gamified exercises on inclusive pedagogy with classroom examples including formative checks. Highlight potential pitfalls.,education,mid,5.7,5.3,5.7,6.6,4.3
Draft video scripts about social media audit including influencer mentions. Suggest best practices.,content_creation,mid,5.5,6.9,6.7,5.9,5.9
Evaluate architecture of database indexing with detailed bug analysis using real-world scenarios.,software_engineering,mid,6.3,6.3,5.8,6.5,4.2
Optimize performance of microservices with performance considerations including refactoring steps.,software_engineering,mid,6.5,6.8,5.7,6.3,5.7
Draft video scripts about content gap analysis including influencer mentions. Use real-world examples.,content_creation,mid,5.6,6.6,5.3,6.3,5.9
Facilitate peer review for peer assessment for high school students using active learning.,education,mid,6.7,5.0,6.2,5.5,4.8
Write case studies on case study frameworks with A/B testing suggestions for social and blog formats. Focus on practical applications.,content_creation,mid,6.1,5.4,5.6,6.7,4.3
Draft a unit outline on digital literacy with peer evaluation. Explain to a beginner.,education,mid,6.5,6.1,6.0,6.5,5.8
Design adaptive learning modules for student engagement metrics including assessment criteria.,education,mid,5.1,6.7,5.5,5.5,5.2
Analyze outcomes of assessment rubrics with classroom examples.,education,mid,6.0,6.6,6.5,5.3,4.5
Investigate memory leaks in Kubernetes with security audit checklist with detailed bug analysis.,software_engineering,mid,5.5,6.5,5.2,5.5,5.6
Create an editorial plan for brand messaging with audience personas with A/B testing suggestions. Explain to a beginner.,content_creation,mid,5.4,5.5,5.5,5.4,4.9
Review code for API versioning with testing strategies.,software_engineering,mid,6.5,6.3,6.6,6.5,5.2
Plan a flipped classroom session on edtech tools including gamified exercises for high school students. Explain to a beginner.,education,mid,6.9,5.2,5.4,6.7,5.9
Plan a webinar on tone and style guides including keyword research.,content_creation,mid,5.0,5.9,5.3,5.3,5.4
Design Node.js with Express with architecture diagrams. Explain to a beginner.,software_engineering,mid,5.3,5.9,5.5,6.3,5.0
Write teacher notes about classroom management including gamified exercises with remediation ideas. Focus on practical applications.,education,mid,6.2,6.6,6.2,5.5,4.0
Summarize research on flipped classroom models using adaptive learning. Use real-world examples.,education,mid,6.1,6.6,7.0,5.9,5.1
Summarize best practices for feature toggles including pros and cons covering security trade-offs. Suggest best practices.,software_engineering,mid,5.4,5.0,5.2,6.0,5.5
Create infographics on landing page copy for a B2B SaaS brand for social and blog formats. Provide step-by-step guidance.,content_creation,mid,6.7,6.8,5.7,6.2,5.5
Outline a guide on social media hooks for a B2B SaaS brand. Include metrics or KPIs.,content_creation,mid,5.5,5.4,5.9,5.2,4.9
Compare caching strategies using real-world scenarios.,software_engineering,mid,5.5,5.1,5.5,6.3,4.4
Conduct load testing for distributed transactions including refactoring steps.,software_engineering,mid,5.4,5.6,5.8,5.1,4.7
Write case studies on newsletter strategy for email marketing.,content_creation,mid,5.6,6.1,6.5,6.7,5.2
Automate deployment for event-driven systems using real-world scenarios.,software_engineering,mid,6.6,5.9,5.8,5.5,4.6
Document security vulnerabilities step by step. Include examples.,software_engineering,mid,5.9,6.3,6.1,6.1,5.8
Draft a content strategy for landing page copy with distribution channels.,content_creation,mid,6.6,6.8,5.7,5.6,5.1
Plan a webinar on viral hooks including conversion optimization tips covering SEO best practices. Suggest best practices.,content_creation,mid,5.3,5.2,5.1,5.9,4.7
Design adaptive learning modules for competency frameworks for a 45-minute session covering collaborative projects. Suggest best practices.,education,mid,5.7,7.0,5.9,6.5,4.5
Fix bugs in CI/CD pipelines including pros and cons. Explain to a beginner.,software_engineering,mid,5.1,6.5,5.2,6.5,5.8
Analyze trends in YouTube scripts with interactive elements with distribution channels. Focus on practical applications.,content_creation,mid,6.7,6.9,5.5,5.9,5.0
Summarize techniques for A/B testing headlines including keyword research.,content_creation,mid,6.5,5.2,5.6,6.0,5.5
Develop gamified exercises on project-based learning using active learning.,education,mid,5.6,6.7,6.5,5.4,4.8
Draft a unit outline on flipped classroom models with competency tracking.,education,mid,6.4,5.5,5.9,5.7,5.0
Write case studies on YouTube scripts with distribution channels for a product launch. Include examples.,content_creation,mid,6.0,6.4,6.1,6.3,5.8
Write social captions about podcast scripts for email marketing for a product launch. Highlight potential pitfalls.,content_creation,mid,5.4,6.7,6.6,6.3,5.8
Develop classroom activities for critical thinking exercises with differentiated activities for a 45-minute session. Use real-world examples.,education,mid,5.2,6.6,6.3,6.5,4.1
Debug memory leaks with CI/CD pipeline setup covering security trade-offs.,software_engineering,mid,7.0,6.2,6.7,6.3,4.6
Review code for static code analysis with diagrams.,software_engineering,mid,6.8,6.5,6.0,6.0,4.4
Design microlearning modules on project rubrics with classroom examples using active learning.,education,mid,5.4,5.9,5.3,5.4,4.3
Automate deployment for Python FastAPI with performance considerations. Consider edge cases.,software_engineering,mid,5.8,5.9,5.0,5.1,5.1
Design microlearning modules on assessment rubrics including formative checks.,education,mid,5.2,6.7,6.8,5.3,4.3
Map a curriculum for project-based learning with remediation ideas using active learning.,education,mid,5.2,6.1,5.9,5.8,5.9
Write unit tests for security vulnerabilities including deployment steps including alternative implementations. Suggest best practices.,software_engineering,mid,5.1,6.6,6.9,6.5,4.4
Design microlearning modules on inclusive pedagogy for a 45-minute session. Explain to a beginner.,education,mid,6.7,5.6,5.2,6.9,6.0
Design microlearning modules on edtech tools with competency tracking for a 45-minute session. Consider edge cases.,education,mid,5.7,6.4,6.8,6.9,4.5
Write social captions about A/B testing headlines with examples and templates for social and blog formats. Use real-world examples.,content_creation,mid,5.2,6.8,6.7,6.7,5.5
Design a content brief for product launch copies with storytelling frameworks.,content_creation,mid,5.5,6.2,6.0,5.9,5.6
Generate a list of content gap analysis with measurable KPIs including editorial calendar. Provide step-by-step guidance.,content_creation,mid,5.6,6.8,5.2,6.2,4.3
Document OAuth 2.0 with testing strategies. Highlight potential pitfalls.,software_engineering,mid,6.6,5.6,6.6,5.9,5.9
Analyze trends in interactive content with tone and style guidelines including keyword research.,content_creation,mid,6.3,7.0,6.0,6.9,4.1
Generate a list of newsletter strategy with storytelling frameworks.,content_creation,mid,7.0,5.2,6.7,6.9,5.7
Plan a migration for GraphQL schemas with architecture diagrams including pros and cons. Consider edge cases.,software_engineering,mid,6.0,5.1,5.0,5.5,4.3
Create infographics on interactive content with storytelling frameworks with interactive elements.,content_creation,mid,5.0,5.8,5.4,6.4,5.1
Evaluate architecture of refactoring legacy code including deployment steps.,software_engineering,mid,5.4,6.9,5.2,6.2,4.2
Write social captions about storytelling techniques with A/B testing suggestions covering multichannel strategy.,content_creation,mid,5.4,6.9,5.5,5.8,5.7
Map a curriculum for formative assessment using active learning.,education,mid,5.3,5.6,5.4,6.1,4.1
Facilitate peer review for formative assessment with extension tasks with classroom examples. Focus on practical applications.,education,mid,5.8,6.5,6.2,6.9,5.0
Compare memory leaks including deployment steps with architecture diagrams. Use real-world examples.,software_engineering,mid,6.4,6.8,6.4,5.5,5.0
Create scaffolding materials for flipped classroom models for high school students for blended learning.,education,mid,5.5,5.7,6.7,6.6,5.2
Analyze outcomes of student engagement metrics with competency tracking with microlearning exercises.,education,mid,5.7,6.5,6.5,6.6,4.3
Create an editorial plan for visual storytelling with interactive elements.,content_creation,mid,6.7,5.0,5.1,6.4,5.8
Draft video scripts about multichannel campaigns including influencer mentions with measurable KPIs. Focus on practical applications.,content_creation,mid,6.3,5.2,6.1,6.2,4.3
Design feature toggles with performance considerations with debugging tips. Highlight potential pitfalls.,software_engineering,mid,6.0,6.1,6.1,6.5,6.0
Plan a webinar on influencer collaborations with A/B testing suggestions including keyword research. Suggest best practices.,content_creation,mid,6.8,6.6,6.9,5.1,4.5
Summarize techniques for conversion copywriting with visual references including editorial calendar.,content_creation,mid,5.6,6.7,6.9,5.2,4.6
Draft a unit outline on flipped classroom models including assessment criteria with peer evaluation.,education,mid,6.4,6.6,5.8,6.6,4.6
Analyze outcomes of collaborative projects with differentiated activities.,education,mid,5.2,5.2,6.3,5.2,5.6
Outline a guide on infographic design including editorial calendar including influencer mentions. Focus on practical applications.,content_creation,mid,5.2,5.4,5.1,7.0,4.3
Create a tutorial on end-to-end testing using real-world scenarios. Use real-world examples.,software_engineering,mid,5.1,6.3,5.1,6.2,4.1
Investigate memory leaks in caching strategies with security audit checklist including refactoring steps. Use real-world examples.,software_engineering,mid,5.0,5.6,5.9,6.7,4.1
Plan a migration for TypeScript types covering edge cases. Use real-world examples.,software_engineering,mid,5.6,5.0,6.8,5.4,4.9
Configure CI/CD for caching strategies with code examples. Use real-world examples.,software_engineering,mid,6.8,5.7,5.7,6.7,4.7
Compare approaches to storytelling techniques with engagement metrics.,content_creation,mid,6.0,6.4,6.5,6.8,5.5
Develop email campaigns for social media hooks for a B2B SaaS brand. Focus on practical applications.,content_creation,mid,6.1,5.4,6.9,6.6,5.8
Explain fundamentals of instructional design patterns including formative checks.,education,mid,6.1,5.5,5.5,6.4,5.6
Analyze trends in content gap analysis for email marketing with distribution channels. Highlight potential pitfalls.,content_creation,mid,6.7,6.5,5.6,5.2,4.4
Write educational guides for flipped classroom models with scaffolding guides.,education,mid,5.9,5.4,6.7,5.8,4.2
Design microlearning modules on gamified learning aligned to learning outcomes. Provide step-by-step guidance.,education,mid,5.4,6.5,5.5,6.4,5.2
Optimize performance of code reviews covering edge cases. Include examples.,software_engineering,mid,6.0,6.6,6.5,6.3,4.5
Create a tutorial on caching strategies with diagrams.,software_engineering,mid,5.2,6.0,6.8,6.9,6.0
Summarize techniques for viral hooks including influencer mentions with measurable KPIs.,content_creation,mid,5.8,5.2,5.2,6.7,5.7
Outline a guide on influencer collaborations for a product launch.,content_creation,mid,6.0,6.9,6.9,5.6,5.3
Write social captions about viral hooks including editorial calendar with interactive elements.,content_creation,mid,6.9,6.4,6.1,6.4,4.7
Analyze continuous testing with testing strategies including alternative implementations. Include metrics or KPIs.,software_engineering,mid,6.2,6.6,6.9,5.5,4.0
Document serverless architecture covering edge cases with architecture diagrams. Provide step-by-step guidance.,software_engineering,mid,5.3,6.7,5.3,5.5,4.3
Design a content brief for landing page copy including influencer mentions with audience personas.,content_creation,mid,6.5,5.2,5.5,5.3,4.5
Explain Kubernetes with code review notes. Suggest best practices.,software_engineering,mid,6.1,7.0,7.0,6.7,5.2
Design a rubric for formative assessment for a 45-minute session with scaffolding guides. Include metrics or KPIs.,education,mid,6.6,6.8,6.3,6.9,5.9
Compare approaches to editorial calendars with interactive elements including keyword research. Use real-world examples.,content_creation,mid,5.3,6.0,5.0,5.5,4.4
Draft a unit outline on inclusive pedagogy for a 45-minute session including formative checks.,education,mid,7.0,5.2,7.0,5.3,4.8
Draft a unit outline on digital literacy including formative checks with classroom examples.,education,mid,6.0,6.0,7.0,6.0,5.7
Create an editorial plan for case study frameworks with audience personas with engagement metrics. Focus on practical applications.,content_creation,mid,6.1,5.8,6.5,5.9,5.0
Compare pedagogical methods for lesson objectives with scaffolding guides.,education,mid,5.2,6.3,5.8,6.9,5.1
Create infographics on podcast scripts including keyword research with engagement metrics. Suggest best practices.,content_creation,mid,5.1,5.8,6.2,5.5,5.6
Write case studies on social media audit covering multichannel strategy.,content_creation,mid,5.3,7.0,6.9,5.6,5.9
Compare monitoring dashboards including deployment steps. Include examples.,software_engineering,mid,5.0,6.3,5.3,5.9,5.8
Plan a flipped classroom session on instructional scaffolding aligned to learning outcomes. Suggest best practices.,education,mid,5.5,6.1,6.9,5.1,5.7
Document monolith migration with testing strategies with debugging tips.,software_engineering,mid,6.2,5.2,6.0,6.1,4.8
Map a curriculum for learning analytics including formative checks. Include examples.,education,mid,6.8,6.0,5.4,5.1,4.8
Plan a migration for performance profiling with CI/CD pipeline setup with performance considerations. Include examples.,software_engineering,mid,7.0,6.7,6.2,6.9,5.2
Create an editorial plan for social media audit with distribution channels. Focus on practical applications.,content_creation,mid,5.0,5.2,5.6,6.8,4.4
Write educational guides for inclusive pedagogy with remediation ideas including formative checks. Include metrics or KPIs.,education,mid,5.6,6.4,5.1,6.3,5.0
Develop gamified exercises on curriculum mapping including assessment criteria.,education,mid,5.1,5.4,6.5,6.6,4.0
Design a content brief for editorial calendars with measurable KPIs. Focus on practical applications.,content_creation,mid,6.8,6.9,5.6,6.5,5.2
Create infographics on landing page copy including keyword research.,content_creation,mid,5.8,5.5,5.8,6.9,4.2
Optimize copy for SEO visual storytelling covering multichannel strategy with engagement metrics. Consider edge cases.,content_creation,mid,5.6,6.6,5.4,6.4,4.9
Compare pedagogical methods for assessment rubrics with differentiated activities using adaptive learning.,education,mid,6.8,6.3,6.1,6.0,4.8
Summarize research on inclusive pedagogy including assessment criteria using adaptive learning. Explain to a beginner.,education,mid,5.4,6.7,5.6,5.5,4.7
Plan a webinar on editorial calendars with A/B testing suggestions with visual references. Focus on practical applications.,content_creation,mid,6.8,5.3,6.2,5.4,4.7
Analyze outcomes of flipped classroom models with competency tracking using adaptive learning.,education,mid,6.6,5.6,6.0,5.0,4.6
Create interactive quizzes for keyword clustering with measurable KPIs. Provide step-by-step guidance.,content_creation,mid,6.5,6.0,6.4,5.6,4.7
Assess student performance in inclusive pedagogy covering collaborative projects for high school students. Include metrics or KPIs.,education,mid,6.8,6.3,6.5,6.2,4.3
Design adaptive learning modules for digital literacy using active learning with differentiated activities.,education,mid,5.7,6.4,6.7,6.0,5.0
Develop gamified exercises on educational psychology for a 45-minute session.,education,mid,5.7,6.5,6.3,5.2,4.3
Investigate memory leaks in REST APIs with architecture diagrams with CI/CD pipeline setup.,software_engineering,mid,5.1,6.6,6.8,6.7,5.5
Analyze outcomes of curriculum mapping for a 45-minute session with remediation ideas.,education,mid,6.6,5.2,5.9,5.7,4.1
Write a blog post about YouTube scripts including editorial calendar with audience personas.,content_creation,mid,5.7,6.2,5.9,5.6,5.0
Optimize performance of React state management covering security trade-offs with security audit checklist. Focus on practical applications.,software_engineering,mid,6.7,5.1,6.7,6.8,4.7
Write teacher notes about gamified learning with competency tracking.,education,mid,6.4,5.6,6.6,5.9,4.3
Document code reviews for a production environment including refactoring steps.,software_engineering,mid,6.9,6.5,5.5,6.2,5.7
Configure CI/CD for feature toggles with performance considerations with performance benchmarks.,software_engineering,mid,6.9,6.9,5.9,6.1,4.3
Outline a guide on visual storytelling for a product launch with examples and templates. Consider edge cases.,content_creation,mid,5.4,6.8,6.8,5.7,5.0
Develop gamified exercises on Bloom’s taxonomy with classroom examples including real-world examples. Include metrics or KPIs.,education,mid,5.2,5.5,6.2,6.8,4.1
Assess security for unit testing with debugging tips covering edge cases. Focus on practical applications.,software_engineering,mid,6.7,6.2,5.8,6.1,5.7
Create assessment quizzes for project-based learning with learning analytics suggestions. Provide step-by-step guidance.,education,mid,5.9,5.3,5.8,5.3,5.7
Analyze trends in editorial calendars with tone and style guidelines including influencer mentions.,content_creation,mid,6.2,6.2,6.2,5.2,4.2
Design a rubric for curriculum mapping aligned to learning outcomes. Include examples.,education,mid,6.0,6.4,7.0,5.5,4.0
Create a tutorial on TypeScript types including refactoring steps.,software_engineering,mid,6.7,6.2,5.1,6.9,5.4
Create a lesson plan on educational psychology including real-world examples.,education,mid,7.0,6.1,5.9,5.3,4.8
Analyze trends in blog topic clusters for a product launch with storytelling frameworks. Consider edge cases.,content_creation,mid,5.2,6.7,6.8,5.9,5.3
Create scaffolding materials for Bloom’s taxonomy for blended learning with scaffolding guides. Include metrics or KPIs.,education,mid,5.4,5.4,5.2,7.0,4.0
Review code for unit testing with code examples covering edge cases.,software_engineering,mid,6.8,5.2,6.1,5.6,5.5
Fix bugs in TypeScript types covering edge cases. Suggest best practices.,software_engineering,mid,6.0,6.8,5.5,6.4,5.3
Draft a content strategy for viral hooks for a B2B SaaS brand with distribution channels. Use real-world examples.,content_creation,mid,6.8,5.4,6.0,5.9,5.5
Configure CI/CD for Python FastAPI including refactoring steps with security audit checklist. Highlight potential pitfalls.,software_engineering,mid,5.4,5.3,6.2,6.5,4.0
Assess security for event-driven systems with diagrams. Use real-world examples.,software_engineering,mid,6.3,5.7,5.1,5.9,4.6
Analyze bug fixes with performance benchmarks. Include examples.,software_engineering,mid,5.9,5.8,5.7,5.0,6.0
Design a content brief for brand messaging with engagement metrics covering SEO best practices. Include examples.,content_creation,mid,5.2,5.4,5.3,6.9,5.7
Write teacher notes about project-based learning with competency tracking.,education,mid,6.5,6.5,6.7,5.7,5.3
Design a content brief for viral hooks including conversion optimization tips with interactive elements. Include metrics or KPIs.,content_creation,mid,6.4,6.5,6.3,5.3,5.4
Audit content for storytelling techniques with measurable KPIs.,content_creation,mid,6.0,6.6,6.8,5.7,4.1
Automate deployment for microservices with CI/CD pipeline setup. Consider edge cases.,software_engineering,mid,6.0,6.2,5.7,6.5,4.2
Compare approaches to podcast scripts for a product launch.,content_creation,mid,6.6,6.1,6.4,6.1,5.6
Generate a list of interactive content with audience personas.,content_creation,mid,6.4,5.0,5.1,6.3,4.8
Analyze trends in interactive content with visual references. Highlight potential pitfalls.,content_creation,mid,6.6,6.6,6.0,6.0,4.1
Create scaffolding materials for peer assessment with microlearning exercises with peer evaluation. Consider edge cases.,education,mid,6.9,6.7,5.9,6.5,4.9
Design microlearning modules on project rubrics with extension tasks.,education,mid,5.6,6.3,6.5,5.3,4.9
Draft video scripts about newsletter strategy with distribution channels including conversion optimization tips. Include metrics or KPIs.,content_creation,mid,6.9,5.5,5.7,6.7,4.4
Write case studies on customer journey mapping including conversion optimization tips with visual references.,content_creation,mid,5.6,6.9,5.3,6.4,4.7
Summarize research on curriculum mapping with peer evaluation including gamified exercises.,education,mid,5.6,5.0,6.8,6.6,5.8
Plan a flipped classroom session on blended learning for a 45-minute session with competency tracking.,education,mid,5.9,5.5,6.0,5.8,4.3
Draft a proposal for code reviews with performance benchmarks step by step.,software_engineering,mid,5.4,5.5,6.5,5.6,4.0
Document feature toggles with code examples. Provide step-by-step guidance.,software_engineering,mid,5.3,5.3,5.6,7.0,4.5
Investigate memory leaks in bug fixes covering edge cases including deployment steps. Include examples.,software_engineering,mid,6.7,5.3,6.1,6.6,6.0
Optimize performance of event-driven systems including pros and cons.,software_engineering,mid,5.0,6.1,5.8,6.4,4.2
Create a lesson plan on educational psychology for blended learning including formative checks. Provide step-by-step guidance.,education,mid,6.9,6.9,5.6,5.2,4.4
Fix bugs in Python FastAPI for a production environment. Highlight potential pitfalls.,software_engineering,mid,6.1,5.8,5.3,6.2,5.9
Plan a migration for Docker containers with performance considerations.,software_engineering,mid,6.1,6.7,5.3,5.4,6.0
Create a tutorial on OAuth 2.0 covering security trade-offs for a production environment. Focus on practical applications.,software_engineering,mid,6.8,6.7,5.1,6.6,5.4
Write a blog post about content repurposing for social and blog formats for a B2B SaaS brand. Use real-world examples.,content_creation,mid,5.8,6.5,5.8,5.8,4.9
Write social captions about product launch copies with interactive elements. Use real-world examples.,content_creation,mid,7.0,5.9,5.5,6.9,4.3
Develop email campaigns for engagement metrics for a product launch for social and blog formats.,content_creation,mid,6.5,5.7,5.1,6.3,5.6
Outline a guide on podcast scripts covering multichannel strategy with examples and templates. Include metrics or KPIs.,content_creation,mid,5.9,5.9,5.3,6.2,4.8
Create interactive quizzes for social media audit including conversion optimization tips for social and blog formats. Use real-world examples.,content_creation,mid,5.7,5.0,6.9,5.3,4.1
Draft a proposal for Kubernetes using real-world scenarios.,software_engineering,mid,5.9,5.4,6.2,5.3,4.5
Design Python FastAPI with code examples.,software_engineering,mid,6.0,5.0,5.5,6.1,4.7
Create interactive quizzes for brand messaging covering multichannel strategy for social and blog formats. Include examples.,content_creation,mid,6.1,5.5,6.2,6.2,5.3
Summarize research on lesson objectives with differentiated activities. Suggest best practices.,education,mid,6.5,5.3,5.8,6.7,4.5
Develop classroom activities for learning analytics aligned to learning outcomes.,education,mid,5.6,6.2,5.4,5.9,5.5
Review code for monitoring dashboards with security audit checklist. Highlight potential pitfalls.,software_engineering,mid,6.8,6.3,5.6,6.9,5.9
Map a curriculum for project-based learning with competency tracking. Provide step-by-step guidance.,education,mid,6.7,6.5,5.2,5.0,5.4
Develop email campaigns for storytelling techniques for email marketing with interactive elements.,content_creation,mid,7.0,5.2,6.8,6.7,4.9
Facilitate peer review for learning analytics with classroom examples.,education,mid,6.6,5.2,5.9,6.3,4.1
Produce a podcast episode on case study frameworks with visual references with tone and style guidelines.,content_creation,mid,5.8,6.2,6.0,6.6,5.0
Design visual assets for brand messaging covering multichannel strategy.,content_creation,mid,5.3,5.4,6.8,5.5,5.2
Implement OpenID Connect with CI/CD pipeline setup. Highlight potential pitfalls.,software_engineering,mid,5.6,6.9,6.2,6.3,5.7
Investigate memory leaks in static code analysis including refactoring steps with testing strategies.,software_engineering,mid,5.0,6.3,6.2,5.4,4.5
Plan a flipped classroom session on differentiated instruction with learning analytics suggestions. Include metrics or KPIs.,education,mid,6.3,5.7,5.4,6.5,4.4
Write educational guides for learning path design for high school students.,education,mid,5.4,5.8,5.5,6.4,5.7
Write unit tests for dependency injection with detailed bug analysis.,software_engineering,mid,6.4,6.2,5.1,6.7,6.0
Compare approaches to social media audit with measurable KPIs. Consider edge cases.,content_creation,mid,5.4,5.3,6.5,5.2,4.6
Plan a migration for Docker containers with security audit checklist with code examples.,software_engineering,mid,5.2,6.0,6.9,6.0,5.1
Generate a list of visual storytelling with interactive elements covering SEO best practices.,content_creation,mid,6.6,6.8,6.3,5.2,5.8
Write teacher notes about curriculum mapping including assessment criteria with peer evaluation.,education,mid,6.8,5.6,5.1,6.9,4.9
Optimize copy for SEO brand messaging covering SEO best practices covering multichannel strategy.,content_creation,mid,6.2,5.9,6.8,5.4,5.5
Create scaffolding materials for formative assessment with microlearning exercises with competency tracking.,education,mid,5.5,5.6,5.5,6.5,5.7
Draft a content strategy for customer journey mapping with audience personas with visual references. Include metrics or KPIs.,content_creation,mid,5.8,6.7,6.7,6.0,4.9
Conduct load testing for load testing with detailed bug analysis. Include examples.,software_engineering,mid,5.7,6.7,6.7,6.0,4.8
Fix bugs in code reviews including refactoring steps.,software_engineering,mid,6.0,5.7,6.3,6.8,5.0
Optimize copy for SEO viral hooks with A/B testing suggestions for social and blog formats. Focus on practical applications.,content_creation,mid,5.5,5.7,5.6,6.0,5.6
Write unit tests for Kubernetes covering security trade-offs with architecture diagrams. Focus on practical applications.,software_engineering,mid,5.4,6.4,5.2,6.4,5.4
Investigate memory leaks in database indexing with diagrams.,software_engineering,mid,6.5,5.2,6.6,5.1,4.2
Evaluate architecture of Kubernetes with architecture diagrams step by step.,software_engineering,mid,5.0,5.8,5.6,6.4,5.8
Compare serverless architecture with security audit checklist.,software_engineering,mid,5.3,5.4,5.3,6.0,5.9
Create assessment quizzes for competency frameworks including assessment criteria using active learning. Highlight potential pitfalls.,education,mid,5.1,6.3,6.2,6.6,4.4
Optimize copy for SEO social media audit including editorial calendar. Suggest best practices.,content_creation,mid,5.5,6.6,7.0,6.0,4.6
Facilitate peer review for project-based learning using adaptive learning with learning analytics suggestions. Explain to a beginner.,education,mid,6.5,5.5,6.0,6.5,4.4
Debug OpenID Connect covering edge cases step by step. Consider edge cases.,software_engineering,mid,5.9,5.6,6.5,6.8,5.4
Investigate memory leaks in TypeScript types including deployment steps. Include examples.,software_engineering,mid,5.9,6.7,5.5,5.2,4.4
Automate deployment for microservices with CI/CD pipeline setup using real-world scenarios. Use real-world examples.,software_engineering,mid,6.3,6.3,6.5,7.0,4.5
Design adaptive learning modules for lesson objectives aligned to learning outcomes with peer evaluation. Explain to a beginner.,education,mid,5.0,5.7,5.5,5.9,4.5
Explain fundamentals of lesson objectives with peer evaluation for high school students.,education,mid,6.7,5.3,5.8,6.0,5.9
Debug performance profiling with security audit checklist. Focus on practical applications.,software_engineering,mid,5.3,5.1,5.1,5.1,4.8
Design a rubric for formative assessment with remediation ideas covering collaborative projects. Explain to a beginner.,education,mid,6.7,6.0,5.8,5.9,4.7
Generate a list of brand messaging including conversion optimization tips. Suggest best practices.,content_creation,mid,6.5,5.5,6.6,5.8,5.1
Analyze trends in interactive content for a product launch. Suggest best practices.,content_creation,mid,6.6,6.3,6.3,5.9,4.7
Design a rubric for active learning strategies with extension tasks using adaptive learning. Provide step-by-step guidance.,education,mid,5.6,5.9,6.4,5.6,5.0
Develop collaborative projects for critical thinking exercises with remediation ideas including real-world examples. Use real-world examples.,education,mid,5.4,5.3,5.8,6.8,4.6
Draft a content strategy for blog topic clusters for a B2B SaaS brand. Focus on practical applications.,content_creation,mid,6.3,6.9,5.7,6.2,5.0
Create a lesson plan on instructional scaffolding including gamified exercises.,education,mid,5.6,6.6,6.9,5.6,4.4
Design visual assets for brand messaging with measurable KPIs with audience personas. Consider edge cases.,content_creation,mid,5.5,5.9,6.3,5.8,5.9
Write social captions about influencer collaborations with engagement metrics for social and blog formats. Explain to a beginner.,content_creation,mid,6.0,6.3,6.8,5.3,4.7
Design a rubric for educational psychology with peer evaluation using active learning. Explain to a beginner.,education,mid,5.2,5.4,6.5,6.2,4.3
Draft video scripts about YouTube scripts covering multichannel strategy. Focus on practical applications.,content_creation,mid,6.2,6.0,6.3,6.4,4.7
Debug TypeScript types with code examples including pros and cons.,software_engineering,mid,6.2,5.7,6.7,5.1,4.2
Configure CI/CD for GraphQL schemas including refactoring steps. Include examples.,software_engineering,mid,6.8,6.3,5.7,5.6,5.8
Outline a guide on YouTube scripts covering SEO best practices with engagement metrics. Focus on practical applications.,content_creation,mid,6.4,5.7,6.7,6.1,4.5
Create an editorial plan for keyword clustering with examples and templates including conversion optimization tips.,content_creation,mid,6.0,6.0,5.8,5.9,5.0
Assess student performance in digital literacy with classroom examples using adaptive learning.,education,mid,5.1,6.4,6.9,6.6,4.1
Configure CI/CD for Node.js with Express including deployment steps with CI/CD pipeline setup. Include examples.,software_engineering,mid,6.6,6.6,5.5,5.9,4.3
Create interactive quizzes for customer journey mapping with interactive elements covering SEO best practices. Include metrics or KPIs.,content_creation,mid,6.9,5.3,5.2,6.2,6.0
Create scaffolding materials for instructional design patterns with extension tasks. Include examples.,education,mid,5.9,5.1,6.4,5.4,4.1
Optimize performance of microservices with code examples.,software_engineering,mid,6.2,5.1,6.2,5.5,4.3
Produce a podcast episode on blog topic clusters with distribution channels. Include metrics or KPIs.,content_creation,mid,5.1,7.0,6.5,6.4,4.4
Develop classroom activities for competency frameworks with microlearning exercises. Consider edge cases.,education,mid,5.5,6.6,6.2,6.8,4.1
Design a rubric for curriculum mapping with scaffolding guides. Provide step-by-step guidance.,education,mid,5.9,6.0,6.6,5.3,5.8
Outline a guide on infographic design for email marketing.,content_creation,mid,5.9,5.1,5.8,5.2,4.1
Compare incident response with testing strategies. Use real-world examples.,software_engineering,mid,6.6,6.3,6.5,6.6,5.4
Investigate memory leaks in microservices for a production environment with performance considerations.,software_engineering,mid,6.2,5.4,6.8,5.6,5.0
Develop email campaigns for brand voice guidelines with visual references with tone and style guidelines. Use real-world examples.,content_creation,mid,5.3,5.8,5.5,5.6,4.8
Summarize best practices for API versioning with architecture diagrams.,software_engineering,mid,5.8,6.9,6.1,6.4,4.5
Write teacher notes about active learning strategies with classroom examples. Include metrics or KPIs.,education,mid,6.2,5.2,6.5,6.6,4.9
Configure CI/CD for security vulnerabilities including pros and cons including deployment steps.,software_engineering,mid,6.8,6.1,6.7,6.7,6.0
Write a blog post about conversion copywriting for email marketing with interactive elements.,content_creation,mid,5.6,6.8,5.6,6.1,4.5
Outline a guide on viral hooks for a product launch.,content_creation,mid,6.4,5.6,6.1,6.8,4.4
Draft video scripts about podcast scripts including editorial calendar with distribution channels. Suggest best practices.,content_creation,mid,5.5,6.1,6.7,5.8,5.9
Summarize techniques for A/B testing headlines including editorial calendar. Include metrics or KPIs.,content_creation,mid,6.6,5.7,5.7,6.3,4.3
Write a blog post about long-form articles with distribution channels. Suggest best practices.,content_creation,mid,6.7,6.0,5.3,5.3,4.9
Draft a content strategy for engagement metrics with storytelling frameworks.,content_creation,mid,5.6,6.2,6.0,5.6,4.3
Analyze static code analysis with performance benchmarks. Focus on practical applications.,software_engineering,mid,6.3,7.0,6.4,5.9,4.2
Debug microservices including pros and cons covering security trade-offs.,software_engineering,mid,6.9,5.9,5.6,5.2,5.4
Produce a podcast episode on influencer collaborations with engagement metrics including influencer mentions.,content_creation,mid,5.2,5.4,5.1,5.1,4.3
Write social captions about YouTube scripts with storytelling frameworks.,content_creation,mid,6.6,5.6,6.3,5.5,5.5
Develop email campaigns for email drip campaigns with A/B testing suggestions covering SEO best practices. Explain to a beginner.,content_creation,mid,6.6,5.9,6.7,6.8,4.7
Design adaptive learning modules for differentiated instruction with competency tracking.,education,mid,6.0,6.2,6.5,6.9,5.2
Write educational guides for differentiated instruction using active learning with extension tasks. Include examples.,education,mid,6.0,5.9,5.3,5.2,4.8
Generate a list of thought leadership posts with audience personas.,content_creation,mid,5.3,5.2,5.0,5.1,5.2
Develop gamified exercises on digital literacy with remediation ideas with classroom examples.,education,mid,6.4,6.9,6.7,5.8,5.5
Generate a list of landing page copy including editorial calendar with visual references. Include metrics or KPIs.,content_creation,mid,5.1,6.9,5.8,5.9,4.1
Design adaptive learning modules for inclusive pedagogy aligned to learning outcomes.,education,mid,5.1,6.6,5.0,5.5,5.5
Plan a flipped classroom session on STEM integration with classroom examples. Focus on practical applications.,education,mid,6.4,6.2,6.7,5.3,5.1
Configure CI/CD for event-driven systems including alternative implementations with testing strategies.,software_engineering,mid,5.3,5.5,6.1,5.7,5.7
Analyze Docker containers with diagrams.,software_engineering,mid,5.3,6.6,5.6,6.2,5.2
Draft a proposal for static code analysis with diagrams step by step. Use real-world examples.,software_engineering,mid,6.5,5.9,5.0,5.3,4.6
Fix bugs in Kubernetes with diagrams for a production environment. Focus on practical applications.,software_engineering,mid,6.7,5.8,6.3,6.7,4.5
Create infographics on YouTube scripts with A/B testing suggestions including conversion optimization tips.,content_creation,mid,6.9,5.7,5.5,6.6,4.4
Compare approaches to YouTube scripts with examples and templates with measurable KPIs. Suggest best practices.,content_creation,mid,5.1,6.1,7.0,5.2,4.7
Summarize best practices for static code analysis for a production environment. Suggest best practices.,software_engineering,mid,6.0,6.1,6.9,5.3,5.1
Design visual assets for influencer collaborations with engagement metrics with A/B testing suggestions.,content_creation,mid,5.9,5.5,6.5,6.7,5.5
Develop gamified exercises on lesson objectives with remediation ideas.,education,mid,6.1,5.2,6.0,6.2,5.4
Design a rubric for assessment rubrics using active learning aligned to learning outcomes. Use real-world examples.,education,mid,6.9,6.0,6.3,5.4,4.4
Design adaptive learning modules for student engagement metrics covering collaborative projects.,education,mid,5.5,5.5,6.8,5.7,5.3
Draft a unit outline on learning analytics with extension tasks.,education,mid,6.4,6.0,6.7,5.2,5.1
Create infographics on infographic design including keyword research.,content_creation,mid,5.4,6.1,5.2,6.2,4.4
Optimize performance of continuous testing including refactoring steps.,software_engineering,mid,6.8,5.5,5.6,6.7,5.8
Optimize performance of monitoring dashboards for a production environment including deployment steps. Use real-world examples.,software_engineering,mid,6.4,6.4,6.5,6.6,4.4
Design microlearning modules on microlearning covering collaborative projects with scaffolding guides. Include examples.,education,mid,5.2,5.1,6.0,6.2,5.9
Develop gamified exercises on gamified learning covering collaborative projects including real-world examples. Focus on practical applications.,education,mid,5.6,5.5,5.9,6.5,4.8
Analyze outcomes of student engagement metrics for a 45-minute session. Provide step-by-step guidance.,education,mid,6.6,6.9,5.1,7.0,5.4
Create infographics on blog topic clusters covering SEO best practices covering multichannel strategy.,content_creation,mid,6.0,5.9,6.8,5.2,4.4
Conduct load testing for refactoring legacy code including deployment steps covering edge cases.,software_engineering,mid,6.2,6.0,6.9,5.5,5.2
Design microlearning modules on STEM integration including gamified exercises for high school students.,education,mid,5.3,5.4,6.6,5.8,4.8
Summarize best practices for microservices with diagrams with debugging tips.,software_engineering,mid,5.3,6.6,5.1,6.6,4.6
Create assessment quizzes for peer assessment with learning analytics suggestions. Highlight potential pitfalls.,education,mid,5.4,5.9,6.3,6.2,4.3
Develop collaborative projects for formative assessment for blended learning with peer evaluation. Suggest best practices.,education,mid,6.7,6.5,5.2,5.4,4.3
Plan a webinar on newsletter strategy with tone and style guidelines. Suggest best practices.,content_creation,mid,7.0,5.2,6.1,6.5,5.7
Design visual assets for case study frameworks with visual references.,content_creation,mid,5.6,6.3,6.3,5.2,5.5
Summarize techniques for interactive content including editorial calendar for social and blog formats.,content_creation,mid,5.8,5.9,6.9,5.1,5.5
Draft a content strategy for newsletter strategy with A/B testing suggestions.,content_creation,mid,5.0,5.4,6.8,6.0,4.3
Investigate memory leaks in incident response including pros and cons with diagrams. Explain to a beginner.,software_engineering,mid,5.0,5.3,6.2,6.8,5.1
Write unit tests for serverless architecture with performance benchmarks with detailed bug analysis.,software_engineering,mid,6.8,6.5,5.5,6.0,5.2
Assess student performance in lesson objectives for a 45-minute session including gamified exercises. Focus on practical applications.,education,mid,5.1,6.3,6.9,7.0,4.2
Analyze trends in storytelling techniques covering SEO best practices with audience personas. Consider edge cases.,content_creation,mid,5.9,6.3,5.7,5.3,5.5
Evaluate architecture of serverless architecture with diagrams.,software_engineering,mid,5.9,6.4,6.2,5.3,5.2
Plan a migration for Kubernetes with CI/CD pipeline setup. Explain to a beginner.,software_engineering,mid,6.9,6.8,5.6,6.8,4.3
Debug refactoring legacy code including deployment steps. Use real-world examples.,software_engineering,mid,6.0,5.3,6.0,6.1,5.4
Debug Node.js with Express with performance benchmarks with detailed bug analysis.,software_engineering,mid,6.3,5.6,5.3,5.4,4.8
Plan a migration for load testing including pros and cons.,software_engineering,mid,6.0,5.7,6.6,5.2,5.0
Create an editorial plan for brand voice guidelines with visual references.,content_creation,mid,7.0,6.9,7.0,6.1,5.9
Write educational guides for differentiated instruction with differentiated activities.,education,mid,5.0,6.2,5.0,7.0,5.3
Design visual assets for content gap analysis including keyword research. Provide step-by-step guidance.,content_creation,mid,6.3,6.5,5.2,5.0,5.2
Document Python FastAPI with security audit checklist.,software_engineering,mid,5.1,6.8,6.6,5.7,5.8
Generate a list of case study frameworks for social and blog formats including editorial calendar. Include metrics or KPIs.,content_creation,mid,6.7,6.8,6.4,5.7,4.6
Generate a list of blog topic clusters for social and blog formats.,content_creation,mid,5.0,6.6,5.5,6.2,5.6
Compare pedagogical methods for learning path design for blended learning with microlearning exercises.,education,mid,6.2,5.2,5.6,6.9,4.3
Create an editorial plan for infographic design with A/B testing suggestions. Focus on practical applications.,content_creation,mid,5.9,5.7,5.9,5.7,4.3
Fix bugs in dependency injection covering security trade-offs. Highlight potential pitfalls.,software_engineering,mid,5.7,5.1,6.8,6.5,4.6
Explain distributed transactions with architecture diagrams.,software_engineering,mid,5.8,6.8,5.4,5.3,4.9
Draft a content strategy for influencer collaborations for a product launch.,content_creation,mid,6.7,6.9,5.8,5.8,4.0
Draft a content strategy for content gap analysis for social and blog formats. Include metrics or KPIs.,content_creation,mid,6.2,6.4,5.4,6.0,4.6
Draft a content strategy for infographic design with examples and templates.,content_creation,mid,5.2,6.1,6.4,5.3,4.6
Summarize techniques for influencer collaborations with examples and templates with interactive elements. Use real-world examples.,content_creation,mid,5.5,5.4,5.9,5.1,4.6
Automate deployment for microservices step by step.,software_engineering,mid,6.2,6.1,5.0,6.2,5.6
Plan a flipped classroom session on collaborative projects for high school students with scaffolding guides.,education,mid,6.7,6.4,6.1,6.6,4.2
Automate deployment for memory leaks including pros and cons. Consider edge cases.,software_engineering,mid,5.3,5.0,6.9,5.1,5.2
Review code for distributed transactions with architecture diagrams. Focus on practical applications.,software_engineering,mid,5.9,5.8,5.6,5.8,5.0
Write educational guides for curriculum mapping with peer evaluation. Include metrics or KPIs.,education,mid,5.8,6.8,5.3,5.2,4.0
Create assessment quizzes for STEM integration with scaffolding guides. Suggest best practices.,education,mid,5.9,5.5,5.7,5.5,4.2
Plan a migration for Python FastAPI for a production environment.,software_engineering,mid,6.6,5.5,6.6,5.7,5.3
Conduct load testing for serverless architecture covering edge cases with CI/CD pipeline setup. Highlight potential pitfalls.,software_engineering,mid,6.4,5.1,5.6,6.0,4.2
Analyze trends in social media audit with tone and style guidelines with engagement metrics.,content_creation,mid,5.9,5.2,5.1,5.6,5.6
Write case studies on conversion copywriting for email marketing including editorial calendar. Highlight potential pitfalls.,content_creation,mid,5.7,5.4,6.1,6.1,5.1
Plan a flipped classroom session on inclusive pedagogy aligned to learning outcomes. Use real-world examples.,education,mid,5.1,5.9,5.7,5.7,5.7
Draft video scripts about tone and style guides covering multichannel strategy with visual references.,content_creation,mid,6.7,6.8,6.1,5.8,5.7
Optimize copy for SEO tone and style guides for email marketing for social and blog formats. Provide step-by-step guidance.,content_creation,mid,5.1,5.9,6.0,5.5,5.4
Analyze trends in content repurposing with visual references.,content_creation,mid,5.3,6.8,5.0,5.9,4.2
Summarize techniques for case study frameworks for social and blog formats with storytelling frameworks.,content_creation,mid,5.9,5.4,6.6,6.1,4.5
Write a blog post about social media audit with audience personas.,content_creation,mid,6.6,6.2,5.3,5.2,5.3
Create a tutorial on continuous testing with security audit checklist including refactoring steps.,software_engineering,mid,5.2,6.2,6.1,6.6,4.3
Design feature toggles with performance considerations with performance benchmarks. Use real-world examples.,software_engineering,mid,5.3,5.3,6.0,5.9,4.6
Analyze outcomes of lesson objectives including formative checks for a 45-minute session.,education,mid,5.9,5.3,5.2,6.2,5.9
Map a curriculum for assessment rubrics with learning analytics suggestions for blended learning.,education,mid,6.0,5.4,5.3,5.0,5.8
Plan a flipped classroom session on microlearning with classroom examples including assessment criteria. Explain to a beginner.,education,mid,5.6,5.5,5.7,5.7,4.7
Develop gamified exercises on Bloom’s taxonomy with differentiated activities.,education,mid,5.8,6.8,6.6,5.8,4.4
Compare pedagogical methods for student engagement metrics including assessment criteria including formative checks. Consider edge cases.,education,mid,6.0,7.0,6.0,6.1,5.5
Write teacher notes about collaborative projects with competency tracking with learning analytics suggestions. Include examples.,education,mid,6.2,6.5,6.7,6.4,5.6
Review code for load testing including alternative implementations. Include metrics or KPIs.,software_engineering,mid,5.8,5.3,6.2,5.8,4.6
Optimize copy for SEO keyword clustering with tone and style guidelines including editorial calendar.,content_creation,mid,6.9,5.5,5.8,7.0,4.8
Map a curriculum for STEM integration for blended learning for a 45-minute session. Provide step-by-step guidance.,education,mid,5.5,6.2,5.6,5.5,4.1
Analyze trends in conversion copywriting including influencer mentions with examples and templates.,content_creation,mid,5.8,5.6,5.8,6.9,5.6
Review code for feature toggles for a production environment with code review notes.,software_engineering,mid,6.3,5.4,6.4,5.5,5.4
Draft a unit outline on competency frameworks with competency tracking. Consider edge cases.,education,mid,5.5,5.7,5.0,6.3,6.0
Compare Python FastAPI covering security trade-offs including alternative implementations.,software_engineering,mid,5.9,6.4,5.9,5.8,4.9
Configure CI/CD for Docker containers with performance considerations with architecture diagrams.,software_engineering,mid,6.9,5.2,6.5,6.0,4.9
Document GraphQL schemas with performance considerations.,software_engineering,mid,6.6,6.6,5.5,5.6,4.8
Map a curriculum for Bloom’s taxonomy with microlearning exercises with classroom examples. Focus on practical applications.,education,mid,5.6,5.9,6.4,6.4,5.7
Investigate memory leaks in serverless architecture with diagrams. Include metrics or KPIs.,software_engineering,mid,6.3,6.5,6.3,6.6,4.3
Facilitate peer review for active learning strategies for blended learning. Suggest best practices.,education,mid,5.9,5.9,5.2,6.8,4.4
Implement load testing with code review notes. Include examples.,software_engineering,mid,5.4,5.9,6.5,6.1,5.1
Plan a webinar on social media audit with distribution channels.,content_creation,mid,6.8,5.2,5.5,6.0,4.9
Facilitate peer review for gamified learning for a 45-minute session including real-world examples. Consider edge cases.,education,mid,6.3,5.4,6.1,6.4,5.6
Configure CI/CD for unit testing covering edge cases. Suggest best practices.,software_engineering,mid,5.6,5.1,6.1,5.7,5.5
Evaluate architecture of serverless architecture with detailed bug analysis. Highlight potential pitfalls.,software_engineering,mid,6.8,5.1,5.5,6.6,5.3
Create infographics on YouTube scripts including editorial calendar with storytelling frameworks.,content_creation,mid,5.6,5.2,5.3,6.5,5.3
Create infographics on A/B testing headlines covering SEO best practices for email marketing. Provide step-by-step guidance.,content_creation,mid,6.0,6.9,6.2,5.7,4.6
Analyze performance profiling with architecture diagrams with code review notes. Provide step-by-step guidance.,software_engineering,mid,5.5,6.8,5.7,5.0,5.2
Create infographics on brand voice guidelines with tone and style guidelines.,content_creation,mid,5.3,6.6,6.5,6.6,5.9
Compare pedagogical methods for adaptive learning with competency tracking.,education,mid,5.3,5.9,6.8,7.0,5.5
Compare approaches to newsletter strategy for social and blog formats.,content_creation,mid,6.5,6.5,5.7,6.7,5.6
Plan a webinar on tone and style guides including influencer mentions for a product launch.,content_creation,mid,6.9,6.8,5.4,6.0,6.0
Evaluate architecture of distributed transactions with performance considerations with code review notes.,software_engineering,mid,5.3,5.0,5.4,5.5,5.9
Outline a guide on YouTube scripts with storytelling frameworks. Suggest best practices.,content_creation,mid,5.1,6.8,6.8,6.0,5.3
Explain caching strategies with code examples. Highlight potential pitfalls.,software_engineering,mid,6.2,6.1,5.2,6.9,4.7
Map a curriculum for blended learning for blended learning aligned to learning outcomes. Focus on practical applications.,education,mid,6.9,5.1,5.7,6.9,5.7
Assess student performance in formative assessment with competency tracking.,education,mid,5.9,6.3,5.6,6.6,5.8
Draft a proposal for load testing covering security trade-offs. Explain to a beginner.,software_engineering,mid,6.4,5.1,5.1,5.7,5.4
Draft a unit outline on inclusive pedagogy including gamified exercises with classroom examples.,education,mid,6.2,6.0,5.9,6.2,4.6
Design CI/CD pipelines with diagrams with security audit checklist. Suggest best practices.,software_engineering,mid,5.9,6.3,5.4,6.6,4.6
Map a curriculum for flipped classroom models with competency tracking.,education,mid,6.8,5.2,5.8,6.8,4.7
Create interactive quizzes for brand messaging for email marketing with visual references.,content_creation,mid,5.4,6.1,6.2,5.2,4.4
Configure CI/CD for event-driven systems using real-world scenarios with detailed bug analysis. Provide step-by-step guidance.,software_engineering,mid,5.3,5.9,6.8,5.4,5.5
Summarize best practices for serverless architecture with performance benchmarks. Include metrics or KPIs.,software_engineering,mid,6.8,6.8,6.2,7.0,4.9
Develop gamified exercises on student engagement metrics including assessment criteria aligned to learning outcomes. Use real-world examples.,education,mid,5.7,6.9,6.0,6.0,4.3
Review code for API versioning with testing strategies covering edge cases. Focus on practical applications.,software_engineering,mid,6.9,6.1,5.4,6.4,4.9
Plan a flipped classroom session on educational psychology with competency tracking. Suggest best practices.,education,mid,5.0,5.8,5.6,7.0,5.7
Compare clean architecture with performance benchmarks with code review notes.,software_engineering,mid,6.6,6.9,6.6,7.0,5.4
Analyze outcomes of adaptive learning with scaffolding guides. Include metrics or KPIs.,education,mid,5.8,5.8,5.6,6.8,5.2
Create assessment quizzes for Bloom’s taxonomy with peer evaluation. Include metrics or KPIs.,education,mid,6.3,6.9,6.6,6.3,5.5
Write teacher notes about digital literacy for a 45-minute session.,education,mid,6.9,5.4,6.7,6.3,5.9
Draft a proposal for code reviews covering security trade-offs.,software_engineering,mid,6.3,6.5,6.4,5.8,4.6
Develop collaborative projects for learning outcomes using adaptive learning. Include metrics or KPIs.,education,mid,5.9,6.1,5.7,5.4,4.5
Design OAuth 2.0 covering security trade-offs with architecture diagrams.,software_engineering,mid,5.7,6.2,6.9,5.1,4.6
Produce a podcast episode on newsletter strategy covering multichannel strategy including keyword research. Suggest best practices.,content_creation,mid,5.2,6.4,5.8,6.4,4.3
Draft a proposal for dependency injection with CI/CD pipeline setup.,software_engineering,mid,6.6,6.4,6.4,6.6,4.9
Draft a content strategy for editorial calendars including conversion optimization tips. Include examples.,content_creation,mid,5.1,5.2,5.5,6.1,5.6
Design a rubric for blended learning with competency tracking.,education,mid,5.6,6.8,6.4,6.3,4.8
Compare approaches to editorial calendars for email marketing for social and blog formats.,content_creation,mid,5.0,5.1,5.8,5.6,5.8
Generate a list of keyword clustering covering multichannel strategy with engagement metrics. Include examples.,content_creation,mid,6.6,5.5,6.0,6.8,4.4
Audit content for email drip campaigns for a product launch. Highlight potential pitfalls.,content_creation,mid,5.5,6.2,6.3,6.1,6.0
Explain fundamentals of student engagement metrics with peer evaluation using adaptive learning.,education,mid,7.0,5.4,5.6,6.1,5.9
Plan a webinar on product launch copies for a B2B SaaS brand with audience personas.,content_creation,mid,5.5,5.6,5.4,6.7,5.4
Develop email campaigns for brand messaging with interactive elements.,content_creation,mid,5.8,5.3,5.4,5.9,4.7
Create interactive quizzes for editorial calendars including keyword research for a product launch. Include metrics or KPIs.,content_creation,mid,5.6,5.3,6.7,5.9,4.2
Evaluate architecture of serverless architecture with debugging tips. Explain to a beginner.,software_engineering,mid,6.2,6.2,5.2,5.6,5.1
Optimize performance of database indexing with detailed bug analysis with code examples. Include examples.,software_engineering,mid,6.5,6.2,6.4,6.8,4.2
Design a content brief for infographic design with storytelling frameworks. Provide step-by-step guidance.,content_creation,mid,5.9,5.5,6.6,6.8,5.3
Implement CI/CD pipelines including pros and cons for a production environment. Include metrics or KPIs.,software_engineering,mid,5.4,5.1,6.6,5.5,5.0
Create a tutorial on memory leaks step by step. Include examples.,software_engineering,mid,6.2,5.4,5.6,6.3,4.6
Implement dependency injection covering security trade-offs with architecture diagrams. Provide step-by-step guidance.,software_engineering,mid,6.0,5.5,5.3,6.4,5.4
Write social captions about social media hooks with audience personas.,content_creation,mid,5.7,6.2,6.2,5.3,6.0
Compare pedagogical methods for critical thinking exercises with peer evaluation for a 45-minute session. Explain to a beginner.,education,mid,5.4,5.6,5.0,6.0,4.7
Draft video scripts about product launch copies with measurable KPIs. Include metrics or KPIs.,content_creation,mid,5.1,6.5,6.5,6.5,4.2
Develop email campaigns for social media hooks with tone and style guidelines. Focus on practical applications.,content_creation,mid,6.4,5.8,7.0,7.0,5.5
Draft a unit outline on active learning strategies with extension tasks.,education,mid,6.5,6.9,6.1,6.3,5.4
Create an editorial plan for editorial calendars with measurable KPIs with engagement metrics. Provide step-by-step guidance.,content_creation,mid,5.7,5.5,5.3,6.1,5.5
Facilitate peer review for instructional design patterns with remediation ideas including formative checks. Use real-world examples.,education,mid,6.1,6.5,6.7,5.2,5.0
Write case studies on customer journey mapping with tone and style guidelines. Highlight potential pitfalls.,content_creation,mid,6.6,6.4,6.7,6.0,4.2
Develop email campaigns for brand messaging with tone and style guidelines covering SEO best practices.,content_creation,mid,6.1,6.6,5.6,6.1,4.2
Develop email campaigns for email drip campaigns including keyword research including conversion optimization tips.,content_creation,mid,6.8,6.1,6.6,5.8,4.8
Plan a webinar on influencer collaborations with measurable KPIs. Focus on practical applications.,content_creation,mid,5.6,5.7,6.6,6.2,5.9
Draft video scripts about content gap analysis with A/B testing suggestions.,content_creation,mid,5.4,5.4,6.5,5.6,5.2
Create a lesson plan on inclusive pedagogy with learning analytics suggestions with scaffolding guides.,education,mid,6.2,5.8,5.2,6.8,4.0
Debug Docker containers with detailed bug analysis. Focus on practical applications.,software_engineering,mid,6.4,5.0,5.3,6.6,4.7
Draft video scripts about blog topic clusters with interactive elements with examples and templates.,content_creation,mid,6.6,5.6,6.8,6.2,5.9
Draft a content strategy for content gap analysis for a product launch for a B2B SaaS brand. Focus on practical applications.,content_creation,mid,6.9,5.2,5.1,6.2,4.6
Optimize performance of Kubernetes for a production environment with architecture diagrams. Use real-world examples.,software_engineering,mid,5.3,5.8,6.3,6.9,4.2
Create infographics on editorial calendars with interactive elements.,content_creation,mid,5.0,6.3,5.1,5.7,4.1
Refactor clean architecture with testing strategies. Provide step-by-step guidance.,software_engineering,mid,5.4,6.7,6.8,5.9,5.8
Draft video scripts about landing page copy for email marketing.,content_creation,mid,5.6,6.3,6.2,5.6,5.1
Design a content brief for viral hooks covering multichannel strategy. Use real-world examples.,content_creation,mid,6.3,6.1,6.8,5.1,4.4
Automate deployment for Python FastAPI step by step with debugging tips. Highlight potential pitfalls.,software_engineering,mid,6.7,5.5,5.5,6.3,5.5
Assess security for logging and observability using real-world scenarios.,software_engineering,mid,6.3,5.6,6.8,5.1,6.0
Develop classroom activities for edtech tools with competency tracking. Focus on practical applications.,education,mid,6.7,6.1,6.5,5.5,5.2
Summarize best practices for end-to-end testing covering edge cases including refactoring steps. Consider edge cases.,software_engineering,mid,5.2,5.0,5.9,6.1,4.9
Create a lesson plan on competency frameworks with differentiated activities for a 45-minute session.,education,mid,6.9,5.9,5.5,6.4,4.1
Plan a flipped classroom session on competency frameworks including assessment criteria for high school students. Suggest best practices.,education,mid,5.8,5.9,5.4,6.7,4.8
Assess student performance in competency frameworks with scaffolding guides with remediation ideas.,education,mid,6.6,6.4,5.8,5.1,4.6
Explain refactoring legacy code with debugging tips for a production environment. Include metrics or KPIs.,software_engineering,mid,5.0,6.6,6.0,5.9,4.7
Design adaptive learning modules for critical thinking exercises including assessment criteria. Suggest best practices.,education,mid,6.9,6.3,6.9,5.3,4.4
Explain fundamentals of competency frameworks using adaptive learning.,education,mid,5.7,6.6,6.6,6.4,4.1
Assess security for monitoring dashboards covering edge cases with diagrams. Consider edge cases.,software_engineering,mid,6.2,5.5,5.7,5.8,4.3
Design a content brief for SEO content pillars with A/B testing suggestions with interactive elements.,content_creation,mid,6.7,6.3,5.4,6.5,4.9
Automate deployment for bug fixes with security audit checklist. Suggest best practices.,software_engineering,mid,5.4,6.8,6.0,6.4,4.7
Create an editorial plan for multichannel campaigns with audience personas. Use real-world examples.,content_creation,mid,5.0,5.8,5.1,5.3,4.7
Audit content for blog topic clusters with storytelling frameworks. Suggest best practices.,content_creation,mid,5.6,5.2,7.0,5.3,5.7
Create an editorial plan for content repurposing including influencer mentions.,content_creation,mid,6.1,5.1,5.9,5.9,5.1
Generate a list of product launch copies with examples and templates for a B2B SaaS brand. Highlight potential pitfalls.,content_creation,mid,6.4,5.0,6.7,5.9,4.5
Create scaffolding materials for learning analytics with classroom examples.,education,mid,6.7,7.0,5.9,6.3,4.9
Compare Django ORM with code review notes.,software_engineering,mid,5.0,6.6,5.7,6.9,5.3
Compare pedagogical methods for learning outcomes with scaffolding guides using adaptive learning.,education,mid,5.6,6.2,5.0,6.4,5.7
Create a tutorial on serverless architecture with debugging tips with diagrams.,software_engineering,mid,6.3,5.8,6.9,6.4,5.6
Plan a webinar on tone and style guides with A/B testing suggestions. Suggest best practices.,content_creation,mid,6.2,6.3,6.7,6.8,5.5
Create interactive quizzes for viral hooks including conversion optimization tips with distribution channels.,content_creation,mid,6.4,5.8,6.5,5.5,4.9
Plan a migration for React state management step by step covering edge cases.,software_engineering,mid,5.0,5.1,6.5,6.8,5.3
Draft video scripts about visual storytelling with distribution channels for a product launch.,content_creation,mid,5.6,5.0,5.3,6.7,4.6
Develop gamified exercises on peer assessment including assessment criteria.,education,mid,5.7,6.3,5.5,6.7,5.4
Create assessment quizzes for formative assessment including gamified exercises aligned to learning outcomes. Suggest best practices.,education,mid,6.7,6.5,6.1,5.7,5.9
Create assessment quizzes for instructional scaffolding using adaptive learning.,education,mid,5.0,6.6,5.6,5.5,5.1
Assess student performance in differentiated instruction aligned to learning outcomes. Suggest best practices.,education,mid,5.9,5.3,7.0,6.3,5.8
Compare GraphQL schemas with performance considerations.,software_engineering,mid,5.3,5.1,5.7,6.3,4.6
Facilitate peer review for educational psychology with learning analytics suggestions using adaptive learning.,education,mid,6.7,6.6,6.5,5.0,4.9
Fix bugs in Kubernetes with security audit checklist. Explain to a beginner.,software_engineering,mid,5.4,5.8,5.6,5.8,4.2
Create an editorial plan for product launch copies including influencer mentions including conversion optimization tips. Provide step-by-step guidance.,content_creation,mid,6.1,6.8,6.0,6.7,5.8
Draft video scripts about product launch copies with examples and templates with engagement metrics. Focus on practical applications.,content_creation,mid,6.6,6.2,6.4,6.0,5.7
Optimize performance of database indexing covering edge cases.,software_engineering,mid,6.0,5.4,6.9,6.7,4.9
Design a rubric for lesson objectives with peer evaluation. Suggest best practices.,education,mid,6.6,5.9,6.4,6.7,5.2
Write case studies on multichannel campaigns including keyword research with interactive elements.,content_creation,mid,6.8,5.6,5.4,5.9,4.9
Summarize best practices for Python FastAPI with code examples with CI/CD pipeline setup. Use real-world examples.,software_engineering,mid,6.9,5.2,5.5,7.0,5.3
Fix bugs in OpenID Connect with performance considerations with code review notes.,software_engineering,mid,6.2,6.6,6.0,6.5,5.3
Summarize best practices for Node.js with Express covering edge cases for a production environment.,software_engineering,mid,5.9,5.4,5.2,5.2,5.9
Explain fundamentals of learning analytics including gamified exercises with differentiated activities. Include examples.,education,mid,5.0,6.8,6.7,5.3,5.7
Create interactive quizzes for YouTube scripts covering multichannel strategy with distribution channels. Include examples.,content_creation,mid,5.7,5.1,5.7,6.8,5.3
Design a rubric for STEM integration with remediation ideas.,education,mid,6.7,5.2,7.0,6.4,4.3
Facilitate peer review for inclusive pedagogy with classroom examples. Include metrics or KPIs.,education,mid,5.8,5.9,6.5,5.9,5.7
Write unit tests for clean architecture including refactoring steps for a production environment.,software_engineering,mid,6.8,5.3,5.3,6.0,5.6
Create interactive quizzes for brand messaging with measurable KPIs. Explain to a beginner.,content_creation,mid,5.4,5.8,5.7,6.5,5.1
Create assessment quizzes for competency frameworks with peer evaluation.,education,mid,6.3,5.5,6.1,5.7,5.4
Review code for bug fixes with code examples. Include examples.,software_engineering,mid,6.9,5.0,6.9,6.6,4.7
Summarize research on instructional scaffolding for a 45-minute session.,education,mid,5.1,6.4,5.7,6.3,4.3
Fix bugs in security vulnerabilities with diagrams with testing strategies. Focus on practical applications.,software_engineering,mid,6.0,5.1,5.2,6.5,4.7
Summarize best practices for Docker containers including refactoring steps step by step.,software_engineering,mid,5.5,6.6,5.2,5.9,5.4
Assess student performance in curriculum mapping using adaptive learning with learning analytics suggestions. Include metrics or KPIs.,education,mid,6.8,6.4,6.8,6.7,5.7
Plan a flipped classroom session on edtech tools with classroom examples.,education,mid,6.4,6.1,6.1,6.4,5.1
Analyze trends in brand voice guidelines for a B2B SaaS brand with engagement metrics.,content_creation,mid,6.3,6.8,6.2,6.2,4.7
Create interactive quizzes for storytelling techniques for a product launch with tone and style guidelines.,content_creation,mid,6.4,6.4,6.9,6.5,4.1
Design clean architecture with security audit checklist with diagrams. Include metrics or KPIs.,software_engineering,mid,5.2,6.6,6.3,5.4,5.0
Investigate memory leaks in incident response with diagrams.,software_engineering,mid,6.1,6.8,7.0,5.8,6.0
Design adaptive learning modules for instructional design patterns with peer evaluation. Include metrics or KPIs.,education,mid,6.5,5.7,6.6,5.6,4.5
Write teacher notes about curriculum mapping including formative checks aligned to learning outcomes. Focus on practical applications.,education,mid,6.9,5.8,5.6,6.5,4.3
Write social captions about keyword clustering covering multichannel strategy with measurable KPIs. Use real-world examples.,content_creation,mid,5.1,7.0,6.9,7.0,5.3
Optimize copy for SEO multichannel campaigns with tone and style guidelines including editorial calendar. Provide step-by-step guidance.,content_creation,mid,5.6,5.4,5.0,6.6,6.0
Create interactive quizzes for conversion copywriting including influencer mentions for social and blog formats. Use real-world examples.,content_creation,mid,5.8,5.7,5.1,5.6,4.2
Develop gamified exercises on peer assessment with learning analytics suggestions with peer evaluation. Consider edge cases.,education,mid,6.8,6.7,6.3,5.2,5.9
Create an editorial plan for visual storytelling for email marketing with A/B testing suggestions. Highlight potential pitfalls.,content_creation,mid,5.6,5.1,6.4,6.8,5.2
Develop gamified exercises on formative assessment with microlearning exercises.,education,mid,5.3,7.0,5.3,5.6,4.2
Create infographics on interactive content with audience personas. Include metrics or KPIs.,content_creation,mid,7.0,6.1,6.4,6.0,4.3
Analyze trends in storytelling techniques covering multichannel strategy.,content_creation,mid,5.9,6.1,6.8,5.1,5.2
Develop classroom activities for project-based learning for high school students.,education,mid,6.1,6.9,6.1,6.8,5.7
Assess student performance in collaborative projects with classroom examples.,education,mid,5.4,6.8,6.6,6.9,4.4
Summarize techniques for email drip campaigns with examples and templates with tone and style guidelines.,content_creation,mid,5.2,5.3,5.9,6.9,5.8
Draft video scripts about YouTube scripts with distribution channels.,content_creation,mid,6.1,5.3,5.2,5.1,6.0
Review code for code reviews with diagrams with debugging tips. Explain to a beginner.,software_engineering,mid,5.4,5.9,6.0,5.9,4.3
Explain fundamentals of learning outcomes for a 45-minute session.,education,mid,5.5,6.9,5.4,5.5,5.2
Write a blog post about brand messaging with engagement metrics covering multichannel strategy. Provide step-by-step guidance.,content_creation,mid,5.7,5.7,6.9,6.0,4.3
Design visual assets for podcast scripts covering SEO best practices. Highlight potential pitfalls.,content_creation,mid,6.8,6.2,6.2,6.5,5.0
Investigate memory leaks in incident response covering security trade-offs.,software_engineering,mid,6.7,5.3,6.3,5.6,5.8
Write teacher notes about microlearning with remediation ideas with differentiated activities.,education,mid,5.1,6.4,6.2,6.6,4.7
Map a curriculum for digital literacy covering collaborative projects. Suggest best practices.,education,mid,6.4,6.4,5.6,6.6,4.9
Draft a proposal for Node.js with Express including deployment steps covering edge cases.,software_engineering,mid,6.7,7.0,5.4,5.4,4.3
Compare GraphQL schemas including refactoring steps. Include metrics or KPIs.,software_engineering,mid,6.9,6.8,6.2,6.4,4.1
Investigate memory leaks in feature toggles with security audit checklist with debugging tips. Suggest best practices.,software_engineering,mid,5.4,5.7,6.4,6.4,5.3
Develop gamified exercises on inclusive pedagogy with competency tracking.,education,mid,5.9,7.0,6.8,5.6,5.6
Analyze outcomes of microlearning for high school students with scaffolding guides. Consider edge cases.,education,mid,6.6,6.6,6.7,6.1,5.6
Analyze trends in YouTube scripts including influencer mentions. Include metrics or KPIs.,content_creation,mid,6.0,6.8,6.9,5.0,5.9
Develop collaborative projects for project rubrics for blended learning using adaptive learning.,education,mid,5.4,6.6,5.6,5.3,4.2
Evaluate architecture of caching strategies with debugging tips.,software_engineering,mid,5.3,6.1,5.1,6.4,5.0
Design microlearning modules on curriculum mapping including assessment criteria aligned to learning outcomes. Explain to a beginner.,education,mid,6.3,5.8,5.6,5.1,4.5
Plan a migration for monitoring dashboards including deployment steps with diagrams. Suggest best practices.,software_engineering,mid,6.1,6.2,5.3,5.1,4.2
Fix bugs in TypeScript types with diagrams. Suggest best practices.,software_engineering,mid,5.4,5.2,5.7,6.0,4.7
Design a content brief for storytelling techniques with A/B testing suggestions.,content_creation,mid,6.9,6.5,5.3,6.4,4.9
Design adaptive learning modules for peer assessment with scaffolding guides.,education,mid,6.7,5.9,5.1,6.0,4.5
Facilitate peer review for classroom management with scaffolding guides.,education,mid,5.3,6.4,5.5,6.3,4.8
Audit content for content repurposing with distribution channels.,content_creation,mid,5.0,6.4,6.7,6.5,5.1
Document monitoring dashboards using real-world scenarios. Highlight potential pitfalls.,software_engineering,mid,5.9,6.0,5.3,5.1,4.1
Develop classroom activities for flipped classroom models including gamified exercises. Suggest best practices.,education,mid,5.1,5.0,5.8,5.4,5.3
Compare Kubernetes with CI/CD pipeline setup. Consider edge cases.,software_engineering,mid,6.0,6.6,6.3,6.0,5.1
Automate deployment for CI/CD pipelines with diagrams. Include examples.,software_engineering,mid,5.2,5.4,5.1,6.1,5.8
Assess security for dependency injection with detailed bug analysis covering security trade-offs.,software_engineering,mid,5.9,5.6,5.6,6.1,5.8
Create a tutorial on dependency injection including refactoring steps for a production environment. Include examples.,software_engineering,mid,6.0,5.6,5.4,5.9,6.0
Review code for REST APIs for a production environment.,software_engineering,mid,5.3,5.8,6.9,5.8,5.6
Refactor logging and observability with detailed bug analysis. Include examples.,software_engineering,mid,5.8,6.4,6.2,5.4,4.2
Compare approaches to infographic design including conversion optimization tips.,content_creation,mid,5.9,5.6,6.7,5.2,4.1
Summarize techniques for customer journey mapping covering SEO best practices. Use real-world examples.,content_creation,mid,5.6,5.7,6.6,6.0,4.6
Optimize copy for SEO newsletter strategy with A/B testing suggestions.,content_creation,mid,6.0,6.4,6.2,5.2,5.5
Review code for TypeScript types for a production environment with performance benchmarks.,software_engineering,mid,5.5,6.8,6.3,5.3,4.4
Summarize techniques for social media audit including keyword research including editorial calendar. Include metrics or KPIs.,content_creation,mid,6.7,5.5,5.8,6.9,4.0
Plan a migration for serverless architecture with CI/CD pipeline setup.,software_engineering,mid,6.6,6.1,5.2,5.6,4.4
Create a tutorial on refactoring legacy code including deployment steps.,software_engineering,mid,6.6,5.7,5.1,5.2,5.1
Explain CI/CD pipelines with debugging tips.,software_engineering,mid,6.2,6.0,5.4,5.0,4.1
Design Kubernetes using real-world scenarios.,software_engineering,mid,5.7,5.9,5.7,6.4,4.2
Write case studies on A/B testing headlines for email marketing with examples and templates.,content_creation,mid,6.5,6.6,5.8,6.5,6.0
Analyze outcomes of digital literacy for a 45-minute session including assessment criteria. Include metrics or KPIs.,education,mid,6.8,6.7,5.5,7.0,4.3
Debug unit testing step by step with performance benchmarks.,software_engineering,mid,6.6,5.5,5.1,5.3,5.7
Draft a content strategy for storytelling techniques for a product launch with tone and style guidelines.,content_creation,mid,6.9,6.3,5.7,6.3,5.5
Investigate memory leaks in performance profiling covering security trade-offs with CI/CD pipeline setup. Focus on practical applications.,software_engineering,mid,6.7,7.0,6.7,5.8,5.0
Evaluate architecture of memory leaks including pros and cons with architecture diagrams.,software_engineering,mid,6.8,5.8,6.4,5.4,4.7
Compare React state management with debugging tips.,software_engineering,mid,5.9,6.9,5.9,6.4,5.0
Outline a guide on social media hooks with measurable KPIs for a B2B SaaS brand.,content_creation,mid,5.7,5.4,6.0,5.8,5.5
Assess student performance in learning analytics aligned to learning outcomes.,education,mid,5.7,6.1,6.3,5.9,5.6
Create assessment quizzes for differentiated instruction including formative checks. Highlight potential pitfalls.,education,mid,6.9,6.2,6.5,5.7,5.7
Analyze outcomes of project-based learning with competency tracking.,education,mid,6.3,6.7,6.5,6.1,4.2
Configure CI/CD for code reviews with code review notes.,software_engineering,mid,5.7,6.6,6.6,6.3,4.1
Develop collaborative projects for STEM integration with differentiated activities using adaptive learning. Provide step-by-step guidance.,education,mid,6.8,5.8,6.0,5.2,4.7
Design a content brief for infographic design with audience personas. Suggest best practices.,content_creation,mid,6.2,6.6,5.2,5.3,4.1
Audit content for case study frameworks including conversion optimization tips. Use real-world examples.,content_creation,mid,5.1,6.8,6.1,6.2,5.4
Summarize best practices for GraphQL schemas step by step with code examples. Consider edge cases.,software_engineering,mid,6.7,6.2,5.2,5.1,5.3
Outline a guide on viral hooks with tone and style guidelines with measurable KPIs. Include examples.,content_creation,mid,5.1,6.5,5.8,5.3,4.5
Summarize best practices for Django ORM with code review notes covering security trade-offs. Provide step-by-step guidance.,software_engineering,mid,5.5,6.9,5.1,5.7,4.1
Summarize techniques for content repurposing including influencer mentions. Explain to a beginner.,content_creation,mid,6.1,5.6,5.5,6.4,4.2
Investigate memory leaks in refactoring legacy code with CI/CD pipeline setup. Provide step-by-step guidance.,software_engineering,mid,5.1,6.2,5.5,6.5,5.2
Outline a guide on brand voice guidelines covering SEO best practices covering multichannel strategy. Suggest best practices.,content_creation,mid,5.9,5.4,5.5,6.1,5.1
Write teacher notes about lesson objectives with peer evaluation covering collaborative projects.,education,mid,5.2,5.5,6.5,5.2,4.4
Map a curriculum for classroom management covering collaborative projects. Include examples.,education,mid,5.6,5.3,5.4,5.8,4.5
Conduct load testing for Docker containers with code review notes including deployment steps.,software_engineering,mid,6.1,5.9,5.8,6.4,5.0
Create assessment quizzes for instructional scaffolding with classroom examples.,education,mid,6.1,5.0,6.8,6.7,5.0
Analyze trends in storytelling techniques including editorial calendar with engagement metrics.,content_creation,mid,6.2,6.8,6.2,7.0,4.1
Compare clean architecture with architecture diagrams.,software_engineering,mid,6.9,6.9,6.4,6.3,4.1
Optimize copy for SEO newsletter strategy for email marketing. Suggest best practices.,content_creation,mid,5.4,5.7,6.3,5.5,5.3
Debug code reviews with detailed bug analysis. Include examples.,software_engineering,mid,6.0,6.0,6.7,5.7,4.7
Develop classroom activities for classroom management with scaffolding guides covering collaborative projects. Use real-world examples.,education,mid,6.9,5.5,5.4,6.8,5.3
Compare pedagogical methods for learning path design with peer evaluation.,education,mid,5.5,6.1,5.5,5.6,5.0
Create scaffolding materials for project-based learning using adaptive learning.,education,mid,5.3,6.5,6.3,6.7,5.4
Configure CI/CD for refactoring legacy code with CI/CD pipeline setup.,software_engineering,mid,5.1,5.0,5.6,5.3,5.6
Analyze outcomes of learning analytics with competency tracking.,education,mid,6.6,6.1,6.7,6.0,4.7
Evaluate architecture of TypeScript types including alternative implementations. Highlight potential pitfalls.,software_engineering,mid,5.0,6.9,6.1,5.8,5.1
Debug memory leaks with architecture diagrams. Use real-world examples.,software_engineering,mid,6.8,6.7,5.0,5.6,6.0
Outline a guide on editorial calendars with storytelling frameworks for social and blog formats.,content_creation,mid,5.5,6.0,6.6,5.7,4.3
Summarize techniques for YouTube scripts with measurable KPIs. Consider edge cases.,content_creation,mid,6.4,6.7,5.7,5.2,5.5
Create assessment quizzes for adaptive learning with microlearning exercises with classroom examples.,education,mid,6.8,5.5,6.1,5.9,5.0
Explain fundamentals of instructional design patterns using adaptive learning for blended learning.,education,mid,6.5,6.2,6.8,5.8,5.5
Summarize research on student engagement metrics with scaffolding guides with classroom examples.,education,mid,5.9,5.7,6.3,6.5,4.8
Summarize research on competency frameworks using active learning including formative checks.,education,mid,6.2,5.1,6.7,6.0,6.0
Write teacher notes about microlearning with extension tasks including gamified exercises.,education,mid,6.7,5.5,5.2,5.8,5.2
Plan a webinar on social media audit including keyword research. Suggest best practices.,content_creation,mid,6.3,5.7,6.4,6.7,4.4
Conduct load testing for GraphQL schemas with security audit checklist.,software_engineering,mid,5.4,6.9,6.2,5.7,5.1
Create interactive quizzes for A/B testing headlines covering SEO best practices. Provide step-by-step guidance.,content_creation,mid,6.7,6.5,5.7,5.4,4.7
Develop classroom activities for gamified learning including assessment criteria. Use real-world examples.,education,mid,6.8,5.2,5.2,6.2,4.9
Draft video scripts about editorial calendars with distribution channels with storytelling frameworks. Focus on practical applications.,content_creation,mid,6.7,5.3,6.6,6.2,4.3
Compare pedagogical methods for project-based learning with peer evaluation including assessment criteria. Consider edge cases.,education,mid,5.2,6.8,6.6,6.7,5.6
Analyze distributed transactions with detailed bug analysis using real-world scenarios.,software_engineering,mid,5.9,6.3,5.8,6.0,5.9
Create a tutorial on React state management using real-world scenarios.,software_engineering,mid,5.6,6.8,7.0,7.0,5.0
Draft video scripts about content repurposing with A/B testing suggestions. Highlight potential pitfalls.,content_creation,mid,6.3,5.6,6.7,6.4,5.2
Draft a unit outline on differentiated instruction with extension tasks including gamified exercises. Focus on practical applications.,education,mid,5.0,6.5,6.8,5.3,5.1
Plan a webinar on newsletter strategy with audience personas for social and blog formats. Include metrics or KPIs.,content_creation,mid,6.0,5.6,5.8,6.8,5.3
Assess security for memory leaks including refactoring steps with performance considerations. Use real-world examples.,software_engineering,mid,6.9,6.3,5.6,6.7,4.2
Create infographics on social media hooks with storytelling frameworks. Suggest best practices.,content_creation,mid,6.8,6.5,5.2,5.1,4.7
Optimize performance of OpenID Connect with code review notes.,software_engineering,mid,6.4,6.2,6.8,5.5,5.2
Write unit tests for clean architecture covering edge cases with diagrams.,software_engineering,mid,5.5,5.4,6.8,5.1,4.0
Compare pedagogical methods for inclusive pedagogy covering collaborative projects. Include examples.,education,mid,5.3,5.4,6.0,6.4,4.9
Develop email campaigns for customer journey mapping covering multichannel strategy.,content_creation,mid,5.1,6.0,5.3,6.7,4.2
Develop collaborative projects for differentiated instruction with peer evaluation. Focus on practical applications.,education,mid,5.6,6.7,6.4,5.8,5.6
Draft video scripts about tone and style guides with audience personas with examples and templates.,content_creation,mid,6.2,5.6,6.9,6.4,6.0
Refactor Kubernetes with performance considerations. Suggest best practices.,software_engineering,mid,6.1,6.0,5.9,5.6,5.5
Draft a content strategy for conversion copywriting with distribution channels including conversion optimization tips. Explain to a beginner.,content_creation,mid,6.2,5.7,6.3,6.0,6.0
Create a tutorial on monolith migration with security audit checklist with debugging tips.,software_engineering,mid,5.6,5.6,6.9,7.0,4.4
Analyze microservices covering security trade-offs with security audit checklist.,software_engineering,mid,6.8,5.2,5.7,5.3,5.8
Design visual assets for long-form articles including keyword research.,content_creation,mid,7.0,5.0,6.2,6.6,4.2
Optimize copy for SEO blog topic clusters with measurable KPIs with interactive elements.,content_creation,mid,6.7,6.3,6.0,6.2,5.8
Create infographics on product launch copies with A/B testing suggestions with distribution channels. Focus on practical applications.,content_creation,mid,5.2,6.2,6.4,6.7,4.2
Draft video scripts about viral hooks for social and blog formats with audience personas. Include metrics or KPIs.,content_creation,mid,5.0,5.4,6.3,5.2,5.1
Design a rubric for inclusive pedagogy for a 45-minute session with microlearning exercises.,education,mid,6.7,6.4,6.8,6.2,4.4
Create interactive quizzes for landing page copy including conversion optimization tips. Provide step-by-step guidance.,content_creation,mid,5.3,6.2,6.3,6.7,5.9
Optimize copy for SEO interactive content with tone and style guidelines including keyword research. Highlight potential pitfalls.,content_creation,mid,6.9,6.4,5.1,6.3,6.0
Draft video scripts about infographic design with A/B testing suggestions with examples and templates.,content_creation,mid,5.5,5.9,6.5,6.8,5.8
Assess security for serverless architecture with performance benchmarks.,software_engineering,mid,7.0,6.3,6.3,5.7,5.4
Outline a guide on keyword clustering with examples and templates including keyword research.,content_creation,mid,5.0,6.1,5.6,6.6,4.7
Summarize research on assessment rubrics including real-world examples including formative checks.,education,mid,5.3,6.8,5.6,6.7,4.9
Draft video scripts about YouTube scripts for social and blog formats including conversion optimization tips.,content_creation,mid,5.9,6.5,6.4,6.7,4.8
Fix bugs in TypeScript types covering security trade-offs. Explain to a beginner.,software_engineering,mid,6.2,5.9,6.6,6.7,4.9
Fix bugs in event-driven systems including refactoring steps with architecture diagrams.,software_engineering,mid,6.6,5.3,6.4,6.8,5.6
Analyze trends in YouTube scripts with engagement metrics.,content_creation,mid,5.7,6.3,5.3,5.3,5.0
Plan a migration for unit testing with testing strategies with architecture diagrams. Focus on practical applications.,software_engineering,mid,5.3,6.0,6.4,5.3,5.4
Create scaffolding materials for adaptive learning including formative checks. Include examples.,education,mid,5.3,6.9,6.5,6.1,5.0
Develop email campaigns for interactive content with measurable KPIs.,content_creation,mid,6.3,6.0,6.8,5.6,6.0
Summarize techniques for email drip campaigns with distribution channels with storytelling frameworks.,content_creation,mid,5.6,5.4,6.0,6.2,5.8
Write educational guides for collaborative projects including assessment criteria.,education,mid,5.8,6.0,7.0,5.4,4.8
Create a lesson plan on learning outcomes covering collaborative projects using active learning.,education,mid,6.1,5.1,5.4,6.0,4.5
Create assessment quizzes for microlearning including assessment criteria with scaffolding guides. Use real-world examples.,education,mid,5.3,5.3,6.8,6.4,4.3
Compare approaches to engagement metrics with distribution channels. Use real-world examples.,content_creation,mid,6.7,5.4,6.4,6.6,6.0
Design a content brief for podcast scripts with examples and templates.,content_creation,mid,6.1,6.2,6.9,5.2,5.0
Write unit tests for code reviews using real-world scenarios.,software_engineering,mid,6.7,5.6,6.7,6.9,5.8
Investigate memory leaks in Python FastAPI covering edge cases with debugging tips.,software_engineering,mid,6.1,5.2,6.9,5.2,5.8
Create assessment quizzes for gamified learning with differentiated activities including gamified exercises.,education,mid,6.3,6.1,5.6,6.3,5.3
Analyze OAuth 2.0 using real-world scenarios step by step.,software_engineering,mid,6.8,6.1,6.6,6.2,4.9
Develop gamified exercises on microlearning including gamified exercises using active learning. Include metrics or KPIs.,education,mid,6.3,7.0,6.6,6.7,5.3
Design a rubric for Bloom’s taxonomy using active learning for high school students. Provide step-by-step guidance.,education,mid,5.5,6.8,5.2,5.4,5.6
Document performance profiling with performance considerations with performance benchmarks. Provide step-by-step guidance.,software_engineering,mid,5.7,5.6,6.0,6.4,5.0
Map a curriculum for project-based learning with microlearning exercises using adaptive learning.,education,mid,5.1,5.3,5.3,6.5,4.3
Explain refactoring legacy code with code review notes with detailed bug analysis. Provide step-by-step guidance.,software_engineering,mid,5.2,5.7,7.0,5.9,5.7
Create assessment quizzes for learning outcomes for high school students for blended learning. Include metrics or KPIs.,education,mid,6.6,5.9,5.8,6.5,4.6
Document TypeScript types including refactoring steps. Include examples.,software_engineering,mid,6.1,5.4,5.3,5.9,5.4
Summarize research on Bloom’s taxonomy for high school students. Highlight potential pitfalls.,education,mid,5.2,6.2,5.5,6.8,5.8
Draft a unit outline on differentiated instruction using active learning.,education,mid,6.6,5.1,6.5,7.0,4.9
Summarize research on STEM integration for a 45-minute session with scaffolding guides.,education,mid,5.5,5.3,6.3,6.0,5.2
Investigate memory leaks in Python FastAPI with performance considerations.,software_engineering,mid,5.0,5.6,6.7,6.3,4.6
Develop collaborative projects for curriculum mapping with scaffolding guides.,education,mid,5.4,5.4,5.8,6.0,4.6
Optimize copy for SEO podcast scripts with engagement metrics for a B2B SaaS brand.,content_creation,mid,6.9,6.1,6.1,6.6,4.0
Write case studies on social media hooks with storytelling frameworks with visual references.,content_creation,mid,5.5,5.4,5.5,5.6,5.2
Debug Kubernetes with performance considerations with testing strategies.,software_engineering,mid,7.0,5.4,6.7,6.2,4.8
Summarize best practices for bug fixes with debugging tips covering security trade-offs. Suggest best practices.,software_engineering,mid,5.5,5.7,5.9,6.5,4.8
Analyze outcomes of formative assessment including gamified exercises with differentiated activities. Suggest best practices.,education,mid,5.6,6.4,5.6,6.3,4.6
Compare pedagogical methods for Bloom’s taxonomy with differentiated activities including gamified exercises. Consider edge cases.,education,mid,6.1,6.4,5.8,6.9,5.8
Develop gamified exercises on critical thinking exercises for a 45-minute session including real-world examples. Explain to a beginner.,education,mid,6.5,6.0,5.1,5.3,4.9
Design adaptive learning modules for classroom management with scaffolding guides.,education,mid,5.1,6.9,6.8,6.4,5.6
Compare feature toggles with testing strategies. Focus on practical applications.,software_engineering,mid,5.6,5.3,6.8,5.4,4.8
Write unit tests for end-to-end testing using real-world scenarios with security audit checklist. Provide step-by-step guidance.,software_engineering,mid,6.4,6.6,6.8,6.8,5.4
Summarize best practices for React state management step by step.,software_engineering,mid,5.3,6.3,6.2,6.8,5.0
Plan a webinar on influencer collaborations with storytelling frameworks.,content_creation,mid,5.7,5.2,6.5,5.5,4.9
Configure CI/CD for Django ORM including alternative implementations.,software_engineering,mid,5.1,6.0,6.6,5.6,5.1
Outline a guide on brand messaging with audience personas for a product launch.,content_creation,mid,5.9,6.8,6.4,6.3,4.8
Plan a migration for security vulnerabilities with code review notes including pros and cons. Explain to a beginner.,software_engineering,mid,6.3,6.5,6.8,6.7,5.9
Outline a guide on thought leadership posts with measurable KPIs.,content_creation,mid,5.3,5.9,6.7,5.3,5.6
Write case studies on social media audit for social and blog formats.,content_creation,mid,5.6,6.2,5.8,5.3,5.6
Write educational guides for microlearning using adaptive learning including gamified exercises.,education,mid,5.3,5.3,5.3,5.1,4.5
Design a content brief for infographic design for a B2B SaaS brand.,content_creation,mid,5.8,5.5,6.1,5.2,5.9
Compare React state management including refactoring steps with testing strategies. Suggest best practices.,software_engineering,mid,6.5,6.8,6.3,6.9,5.7
Facilitate peer review for blended learning with learning analytics suggestions.,education,mid,5.8,6.4,6.3,6.0,4.4
Design Django ORM covering edge cases.,software_engineering,mid,6.4,5.1,5.1,6.1,5.0
Compare approaches to A/B testing headlines with distribution channels.,content_creation,mid,5.1,5.3,6.7,5.2,5.9
Explain fundamentals of student engagement metrics covering collaborative projects with competency tracking.,education,mid,5.6,5.2,6.2,6.3,5.2
Summarize research on microlearning aligned to learning outcomes with scaffolding guides. Focus on practical applications.,education,mid,5.2,5.7,6.8,6.7,4.2
Explain refactoring legacy code including pros and cons.,software_engineering,mid,5.7,6.8,5.7,6.0,4.5
Compare approaches to engagement metrics for a B2B SaaS brand.,content_creation,mid,5.7,6.3,5.7,5.2,5.2
Facilitate peer review for peer assessment for blended learning. Include examples.,education,mid,5.2,5.9,5.3,6.5,4.9
Create scaffolding materials for educational psychology aligned to learning outcomes.,education,mid,5.2,6.7,6.6,6.7,5.7
Optimize copy for SEO conversion copywriting for social and blog formats including keyword research.,content_creation,mid,5.0,6.1,6.8,6.4,5.9
Analyze trends in case study frameworks with visual references with interactive elements.,content_creation,mid,5.1,5.9,5.6,5.8,4.5
Write educational guides for instructional design patterns with scaffolding guides. Include examples.,education,mid,5.6,5.5,5.4,6.1,5.8
Summarize research on learning analytics for blended learning.,education,mid,5.5,5.6,6.1,6.4,4.7
Plan a webinar on YouTube scripts with tone and style guidelines for social and blog formats. Consider edge cases.,content_creation,mid,5.1,5.0,6.0,6.6,5.3
Design a rubric for learning outcomes with classroom examples. Use real-world examples.,education,mid,7.0,5.1,6.5,5.8,4.9
Design microlearning modules on educational psychology with remediation ideas.,education,mid,5.5,6.8,5.1,5.0,5.4
Write case studies on interactive content with measurable KPIs. Include examples.,content_creation,mid,5.6,6.7,5.7,6.2,5.6
Automate deployment for database indexing including alternative implementations with performance considerations. Provide step-by-step guidance.,software_engineering,mid,6.0,6.0,6.3,5.5,4.6
Write a blog post about multichannel campaigns with measurable KPIs.,content_creation,mid,5.8,6.8,6.3,6.3,4.0
Optimize copy for SEO SEO content pillars with storytelling frameworks for email marketing. Provide step-by-step guidance.,content_creation,mid,6.1,5.1,5.4,6.1,4.4
Design a rubric for project rubrics for high school students for a 45-minute session. Use real-world examples.,education,mid,5.4,6.7,5.8,5.8,4.7
Plan a flipped classroom session on Bloom’s taxonomy including assessment criteria.,education,mid,6.4,5.1,6.6,6.2,5.5
Draft video scripts about email drip campaigns for email marketing with tone and style guidelines.,content_creation,mid,6.0,6.1,6.1,5.8,4.5
Produce a podcast episode on YouTube scripts covering SEO best practices.,content_creation,mid,6.5,5.6,6.5,6.0,5.2
Compare approaches to content repurposing including keyword research. Explain to a beginner.,content_creation,mid,6.8,5.7,6.6,6.1,5.5
Explain Node.js with Express including alternative implementations covering security trade-offs. Consider edge cases.,software_engineering,mid,5.1,5.8,6.9,5.1,5.6
Explain fundamentals of Bloom’s taxonomy including real-world examples with learning analytics suggestions.,education,mid,5.9,5.4,6.1,6.0,5.1
Create scaffolding materials for blended learning for high school students using active learning. Suggest best practices.,education,mid,5.1,6.7,5.7,6.7,4.3
Compare approaches to landing page copy with visual references with tone and style guidelines. Focus on practical applications.,content_creation,mid,6.4,6.6,5.2,6.4,5.5
Draft a proposal for load testing using real-world scenarios.,software_engineering,mid,5.5,6.9,6.0,5.4,4.5
Optimize copy for SEO landing page copy including editorial calendar. Explain to a beginner.,content_creation,mid,5.9,5.6,5.0,5.6,4.0
Review code for Docker containers with architecture diagrams. Suggest best practices.,software_engineering,mid,6.0,6.6,6.1,6.4,4.1
Write teacher notes about formative assessment using adaptive learning. Use real-world examples.,education,mid,7.0,5.7,6.0,5.7,4.8
Summarize techniques for SEO content pillars including keyword research.,content_creation,mid,5.4,5.1,5.6,5.6,4.4
Compare pedagogical methods for adaptive learning with extension tasks with differentiated activities.,education,mid,5.3,6.4,6.9,6.9,4.7
Plan a flipped classroom session on curriculum mapping with differentiated activities including formative checks. Focus on practical applications.,education,mid,6.6,6.9,5.8,6.7,4.8
Fix bugs in caching strategies including refactoring steps with testing strategies. Suggest best practices.,software_engineering,mid,5.8,5.1,5.8,5.8,5.6
Assess security for memory leaks with CI/CD pipeline setup. Focus on practical applications.,software_engineering,mid,5.3,5.9,6.9,6.7,4.2
Plan a migration for REST APIs with performance considerations for a production environment.,software_engineering,mid,6.5,6.1,5.6,6.3,5.7
Assess security for incident response including pros and cons with CI/CD pipeline setup.,software_engineering,mid,5.4,5.0,7.0,5.1,5.1
Summarize best practices for monitoring dashboards including refactoring steps with debugging tips.,software_engineering,mid,7.0,6.3,5.2,7.0,5.5
Audit content for podcast scripts for a B2B SaaS brand for social and blog formats.,content_creation,mid,5.0,5.3,5.3,5.3,4.9
"Create infographics on customer journey mapping with distribution channels covering multichannel strategy. Focus on practical applications. Provide step-by-step guidance.  Provide audience personas, keyword clusters, distribution plan, success KPIs, and visual references.",content_creation,high,8.2,9.0,8.3,9.4,7.4
"Refactor dependency injection with code review notes with testing strategies. Highlight potential pitfalls. Use real-world examples.  Include architecture choices, security considerations, testing strategy, deployment steps, and code review notes.",software_engineering,high,8.3,9.7,8.4,9.3,7.9
"Review code for bug fixes with diagrams for a production environment. Explain to a beginner. Highlight potential pitfalls.  Include architecture choices, security considerations, testing strategy, deployment steps, and code review notes.",software_engineering,high,8.4,9.6,9.1,9.5,8.5
"Create interactive quizzes for social media hooks including keyword research with engagement metrics. Include examples. Include metrics or KPIs.  Provide audience personas, keyword clusters, distribution plan, success KPIs, and visual references.",content_creation,high,8.2,9.2,8.4,8.6,7.5
"Design a content brief for editorial calendars for a product launch with measurable KPIs for email marketing. Include examples. Explain to a beginner.  Provide audience personas, keyword clusters, distribution plan, success KPIs, and visual references.",content_creation,high,9.2,9.1,9.3,9.6,9.0
"Create an editorial plan for brand messaging for a product launch including influencer mentions. Consider edge cases. Suggest best practices.  Provide audience personas, keyword clusters, distribution plan, success KPIs, and visual references.",content_creation,high,9.7,9.0,10.0,9.4,8.7
"Produce a podcast episode on podcast scripts covering SEO best practices with visual references with storytelling frameworks. Provide step-by-step guidance. Highlight potential pitfalls.  Provide audience personas, keyword clusters, distribution plan, success KPIs, and visual references.",content_creation,high,9.5,8.9,8.3,8.1,7.2
"Plan a flipped classroom session on blended learning with scaffolding guides with classroom examples. Focus on practical applications. Suggest best practices.  Include objectives, prerequisites, activities, assessment criteria, extension tasks, and gamified exercises.",education,high,9.8,9.3,8.7,9.0,8.3
"Create assessment quizzes for assessment rubrics with competency tracking with microlearning exercises with peer evaluation. Include metrics or KPIs. Explain to a beginner.  Include objectives, prerequisites, activities, assessment criteria, extension tasks, and gamified exercises.",education,high,9.4,9.3,9.6,8.9,8.3
"Debug event-driven systems with CI/CD pipeline setup with diagrams. Use real-world examples. Explain to a beginner.  Include architecture choices, security considerations, testing strategy, deployment steps, and code review notes.",software_engineering,high,8.9,9.9,8.3,8.9,7.1
"Explain fundamentals of Bloom’s taxonomy including assessment criteria with differentiated activities. Provide step-by-step guidance. Consider edge cases.  Include objectives, prerequisites, activities, assessment criteria, extension tasks, and gamified exercises.",education,high,9.6,9.7,9.5,9.1,8.6
"Write social captions about tone and style guides with examples and templates for social and blog formats. Highlight potential pitfalls. Consider edge cases.  Provide audience personas, keyword clusters, distribution plan, success KPIs, and visual references.",content_creation,high,8.0,10.0,9.2,9.6,8.2
"Plan a flipped classroom session on gamified learning for blended learning with remediation ideas. Include metrics or KPIs. Include examples.  Include objectives, prerequisites, activities, assessment criteria, extension tasks, and gamified exercises.",education,high,8.5,8.4,8.2,8.4,7.9
"Optimize performance of Django ORM using real-world scenarios covering security trade-offs with code review notes. Suggest best practices. Use real-world examples.  Include architecture choices, security considerations, testing strategy, deployment steps, and code review notes.",software_engineering,high,8.1,8.1,9.2,8.8,7.8
"Analyze outcomes of STEM integration including gamified exercises aligned to learning outcomes including assessment criteria. Provide step-by-step guidance. Consider edge cases.  Include objectives, prerequisites, activities, assessment criteria, extension tasks, and gamified exercises.",education,high,9.6,9.5,8.0,9.7,8.8
"Create infographics on engagement metrics including conversion optimization tips covering multichannel strategy with visual references. Consider edge cases. Include examples.  Provide audience personas, keyword clusters, distribution plan, success KPIs, and visual references.",content_creation,high,9.3,8.4,9.8,8.6,8.9
"Develop collaborative projects for collaborative projects with classroom examples with scaffolding guides with microlearning exercises. Include metrics or KPIs. Use real-world examples.  Include objectives, prerequisites, activities, assessment criteria, extension tasks, and gamified exercises.",education,high,8.3,8.8,8.9,8.3,7.7
"Draft video scripts about conversion copywriting covering SEO best practices with measurable KPIs for a B2B SaaS brand. Include metrics or KPIs. Focus on practical applications.  Provide audience personas, keyword clusters, distribution plan, success KPIs, and visual references.",content_creation,high,9.0,8.3,9.8,8.0,8.3
"Develop gamified exercises on competency frameworks including real-world examples with classroom examples with differentiated activities. Include examples. Focus on practical applications.  Include objectives, prerequisites, activities, assessment criteria, extension tasks, and gamified exercises.",education,high,8.3,8.3,8.5,9.8,8.2
"Draft a content strategy for content repurposing including influencer mentions with examples and templates. Include examples. Include metrics or KPIs.  Provide audience personas, keyword clusters, distribution plan, success KPIs, and visual references.",content_creation,high,8.9,9.1,8.4,9.7,8.7
"Analyze trends in tone and style guides with tone and style guidelines including keyword research. Include examples. Consider edge cases.  Provide audience personas, keyword clusters, distribution plan, success KPIs, and visual references.",content_creation,high,8.1,8.5,9.4,8.8,7.7
"Compare refactoring legacy code including pros and cons covering edge cases with code examples. Focus on practical applications. Include metrics or KPIs.  Include architecture choices, security considerations, testing strategy, deployment steps, and code review notes.",software_engineering,high,9.4,9.0,8.5,9.9,7.4
"Outline a guide on thought leadership posts covering multichannel strategy including influencer mentions. Consider edge cases. Use real-world examples.  Provide audience personas, keyword clusters, distribution plan, success KPIs, and visual references.",content_creation,high,8.9,8.3,9.2,8.3,7.4
"Design memory leaks with security audit checklist covering edge cases. Suggest best practices. Provide step-by-step guidance.  Include architecture choices, security considerations, testing strategy, deployment steps, and code review notes.",software_engineering,high,8.0,8.9,9.2,9.6,8.9
"Design static code analysis covering security trade-offs with debugging tips. Include examples. Suggest best practices.  Include architecture choices, security considerations, testing strategy, deployment steps, and code review notes.",software_engineering,high,9.9,9.8,9.6,9.3,7.8
"Audit content for YouTube scripts for social and blog formats for email marketing for a B2B SaaS brand. Suggest best practices. Include metrics or KPIs.  Provide audience personas, keyword clusters, distribution plan, success KPIs, and visual references.",content_creation,high,8.1,9.8,8.5,8.4,7.0
"Create scaffolding materials for classroom management with classroom examples using active learning for blended learning. Consider edge cases. Explain to a beginner.  Include objectives, prerequisites, activities, assessment criteria, extension tasks, and gamified exercises.",education,high,8.6,8.6,8.5,8.4,8.1
"Develop collaborative projects for formative assessment with classroom examples for high school students. Use real-world examples. Include examples.  Include objectives, prerequisites, activities, assessment criteria, extension tasks, and gamified exercises.",education,high,8.0,9.8,8.0,9.9,8.7
"Design microlearning modules on inclusive pedagogy including formative checks for a 45-minute session using active learning. Use real-world examples. Suggest best practices.  Include objectives, prerequisites, activities, assessment criteria, extension tasks, and gamified exercises.",education,high,9.9,8.3,8.3,8.3,7.8
"Analyze outcomes of gamified learning for high school students with extension tasks. Explain to a beginner. Consider edge cases.  Include objectives, prerequisites, activities, assessment criteria, extension tasks, and gamified exercises.",education,high,9.7,8.4,9.3,8.2,8.3
"Design visual assets for brand messaging with interactive elements with storytelling frameworks. Include examples. Consider edge cases.  Provide audience personas, keyword clusters, distribution plan, success KPIs, and visual references.",content_creation,high,8.7,9.1,9.5,9.7,8.2
"Plan a migration for Python FastAPI with architecture diagrams with debugging tips for a production environment. Focus on practical applications. Provide step-by-step guidance.  Include architecture choices, security considerations, testing strategy, deployment steps, and code review notes.",software_engineering,high,9.3,9.9,8.9,9.9,8.4
"Refactor bug fixes with testing strategies with debugging tips. Use real-world examples. Explain to a beginner.  Include architecture choices, security considerations, testing strategy, deployment steps, and code review notes.",software_engineering,high,9.8,8.3,8.2,9.1,8.5
"Generate a list of editorial calendars with measurable KPIs including keyword research. Suggest best practices. Provide step-by-step guidance.  Provide audience personas, keyword clusters, distribution plan, success KPIs, and visual references.",content_creation,high,8.7,9.6,8.5,9.0,7.3
"Audit content for email drip campaigns with tone and style guidelines with A/B testing suggestions. Consider edge cases. Provide step-by-step guidance.  Provide audience personas, keyword clusters, distribution plan, success KPIs, and visual references.",content_creation,high,9.9,8.8,9.5,8.9,8.5
"Create an editorial plan for A/B testing headlines covering SEO best practices for a product launch. Include metrics or KPIs. Focus on practical applications.  Provide audience personas, keyword clusters, distribution plan, success KPIs, and visual references.",content_creation,high,8.4,8.7,8.7,9.0,8.9
"Audit content for visual storytelling with A/B testing suggestions with tone and style guidelines with distribution channels. Suggest best practices. Highlight potential pitfalls.  Provide audience personas, keyword clusters, distribution plan, success KPIs, and visual references.",content_creation,high,9.9,8.2,9.6,9.6,8.5
"Investigate memory leaks in monitoring dashboards with security audit checklist including pros and cons including deployment steps. Use real-world examples. Explain to a beginner.  Include architecture choices, security considerations, testing strategy, deployment steps, and code review notes.",software_engineering,high,9.0,8.0,8.4,8.5,7.9
"Create a lesson plan on peer assessment including real-world examples aligned to learning outcomes. Highlight potential pitfalls. Consider edge cases.  Include objectives, prerequisites, activities, assessment criteria, extension tasks, and gamified exercises.",education,high,8.0,8.3,9.1,8.1,7.9
"Investigate memory leaks in unit testing including pros and cons step by step covering edge cases. Provide step-by-step guidance. Suggest best practices.  Include architecture choices, security considerations, testing strategy, deployment steps, and code review notes.",software_engineering,high,10.0,9.0,9.5,8.3,8.2
"Outline a guide on content repurposing including editorial calendar with audience personas with engagement metrics. Include metrics or KPIs. Consider edge cases.  Provide audience personas, keyword clusters, distribution plan, success KPIs, and visual references.",content_creation,high,8.3,9.0,8.6,8.3,8.9
"Plan a migration for distributed transactions step by step including refactoring steps with testing strategies. Include metrics or KPIs. Explain to a beginner.  Include architecture choices, security considerations, testing strategy, deployment steps, and code review notes.",software_engineering,high,9.5,8.9,8.7,8.7,7.2
"Write social captions about podcast scripts for a B2B SaaS brand with storytelling frameworks. Suggest best practices. Use real-world examples.  Provide audience personas, keyword clusters, distribution plan, success KPIs, and visual references.",content_creation,high,9.4,9.6,9.5,8.8,7.5
"Map a curriculum for active learning strategies using adaptive learning including real-world examples. Include examples. Use real-world examples.  Include objectives, prerequisites, activities, assessment criteria, extension tasks, and gamified exercises.",education,high,8.4,8.5,8.3,8.4,7.4
"Write teacher notes about learning analytics aligned to learning outcomes with remediation ideas with scaffolding guides. Suggest best practices. Focus on practical applications.  Include objectives, prerequisites, activities, assessment criteria, extension tasks, and gamified exercises.",education,high,9.2,8.8,8.5,8.3,8.3
"Configure CI/CD for clean architecture including refactoring steps with performance considerations. Consider edge cases. Include examples.  Include architecture choices, security considerations, testing strategy, deployment steps, and code review notes.",software_engineering,high,9.9,9.8,9.4,8.3,8.8
"Summarize best practices for React state management including refactoring steps covering security trade-offs with performance benchmarks. Highlight potential pitfalls. Provide step-by-step guidance.  Include architecture choices, security considerations, testing strategy, deployment steps, and code review notes.",software_engineering,high,8.3,9.2,9.1,8.3,7.4
"Write educational guides for inclusive pedagogy using active learning with remediation ideas with learning analytics suggestions. Focus on practical applications. Consider edge cases.  Include objectives, prerequisites, activities, assessment criteria, extension tasks, and gamified exercises.",education,high,8.1,8.1,8.7,9.0,8.6
"Develop collaborative projects for active learning strategies for high school students for blended learning with differentiated activities. Include metrics or KPIs. Consider edge cases.  Include objectives, prerequisites, activities, assessment criteria, extension tasks, and gamified exercises.",education,high,8.5,8.6,8.0,9.4,8.6
"Investigate memory leaks in API versioning step by step including alternative implementations. Explain to a beginner. Use real-world examples.  Include architecture choices, security considerations, testing strategy, deployment steps, and code review notes.",software_engineering,high,8.9,9.6,8.1,8.8,7.4
"Write unit tests for Node.js with Express with performance considerations with architecture diagrams with code review notes. Include examples. Focus on practical applications.  Include architecture choices, security considerations, testing strategy, deployment steps, and code review notes.",software_engineering,high,8.5,9.4,9.6,8.4,8.7
"Design microlearning modules on edtech tools with learning analytics suggestions including real-world examples with microlearning exercises. Suggest best practices. Include examples.  Include objectives, prerequisites, activities, assessment criteria, extension tasks, and gamified exercises.",education,high,8.8,8.0,8.1,8.7,7.2
"Plan a flipped classroom session on microlearning with peer evaluation with scaffolding guides. Focus on practical applications. Use real-world examples.  Include objectives, prerequisites, activities, assessment criteria, extension tasks, and gamified exercises.",education,high,8.3,9.4,8.2,9.6,8.4
"Generate a list of thought leadership posts including influencer mentions with tone and style guidelines with examples and templates. Highlight potential pitfalls. Use real-world examples.  Provide audience personas, keyword clusters, distribution plan, success KPIs, and visual references.",content_creation,high,8.6,8.9,9.9,8.5,8.9
"Draft a unit outline on blended learning with scaffolding guides including formative checks. Consider edge cases. Provide step-by-step guidance.  Include objectives, prerequisites, activities, assessment criteria, extension tasks, and gamified exercises.",education,high,10.0,8.4,8.7,9.9,8.4
"Summarize techniques for long-form articles with engagement metrics with audience personas. Consider edge cases. Explain to a beginner.  Provide audience personas, keyword clusters, distribution plan, success KPIs, and visual references.",content_creation,high,9.0,8.2,9.7,9.6,8.3
"Create interactive quizzes for long-form articles with A/B testing suggestions with audience personas. Provide step-by-step guidance. Include examples.  Provide audience personas, keyword clusters, distribution plan, success KPIs, and visual references.",content_creation,high,9.7,9.1,9.6,9.5,8.9
"Configure CI/CD for serverless architecture including deployment steps with performance benchmarks covering security trade-offs. Explain to a beginner. Use real-world examples.  Include architecture choices, security considerations, testing strategy, deployment steps, and code review notes.",software_engineering,high,8.0,9.8,9.0,8.0,8.3
"Assess security for feature toggles with detailed bug analysis with debugging tips including refactoring steps. Provide step-by-step guidance. Include examples.  Include architecture choices, security considerations, testing strategy, deployment steps, and code review notes.",software_engineering,high,9.3,8.5,8.1,8.2,8.8
"Review code for Python FastAPI for a production environment with diagrams with performance benchmarks. Suggest best practices. Explain to a beginner.  Include architecture choices, security considerations, testing strategy, deployment steps, and code review notes.",software_engineering,high,9.0,8.9,9.0,9.1,8.2
"Design database indexing covering security trade-offs for a production environment. Include metrics or KPIs. Consider edge cases.  Include architecture choices, security considerations, testing strategy, deployment steps, and code review notes.",software_engineering,high,9.8,9.9,8.3,8.7,8.1
"Draft a unit outline on adaptive learning including assessment criteria with classroom examples aligned to learning outcomes. Provide step-by-step guidance. Explain to a beginner.  Include objectives, prerequisites, activities, assessment criteria, extension tasks, and gamified exercises.",education,high,9.4,8.8,8.3,9.9,8.3
"Write case studies on case study frameworks with visual references with examples and templates for a B2B SaaS brand. Suggest best practices. Include metrics or KPIs.  Provide audience personas, keyword clusters, distribution plan, success KPIs, and visual references.",content_creation,high,8.7,8.2,8.7,9.4,8.0
"Optimize performance of Kubernetes with performance benchmarks with detailed bug analysis with testing strategies. Use real-world examples. Provide step-by-step guidance.  Include architecture choices, security considerations, testing strategy, deployment steps, and code review notes.",software_engineering,high,9.4,9.4,8.5,9.7,8.1
"Optimize performance of monitoring dashboards for a production environment including pros and cons. Suggest best practices. Explain to a beginner.  Include architecture choices, security considerations, testing strategy, deployment steps, and code review notes.",software_engineering,high,9.2,9.7,9.9,9.0,7.5
"Document incident response with security audit checklist with code review notes with CI/CD pipeline setup. Highlight potential pitfalls. Provide step-by-step guidance.  Include architecture choices, security considerations, testing strategy, deployment steps, and code review notes.",software_engineering,high,8.9,8.4,9.8,8.6,7.8
"Develop gamified exercises on adaptive learning for a 45-minute session using active learning. Include metrics or KPIs. Focus on practical applications.  Include objectives, prerequisites, activities, assessment criteria, extension tasks, and gamified exercises.",education,high,9.0,9.9,8.6,8.7,7.3
"Draft a proposal for Node.js with Express using real-world scenarios with CI/CD pipeline setup. Explain to a beginner. Highlight potential pitfalls.  Include architecture choices, security considerations, testing strategy, deployment steps, and code review notes.",software_engineering,high,9.6,8.6,9.2,8.2,8.0
"Design a rubric for learning analytics with extension tasks aligned to learning outcomes with differentiated activities. Focus on practical applications. Explain to a beginner.  Include objectives, prerequisites, activities, assessment criteria, extension tasks, and gamified exercises.",education,high,10.0,9.3,8.6,8.8,8.3
"Draft a proposal for event-driven systems with testing strategies with security audit checklist. Focus on practical applications. Consider edge cases.  Include architecture choices, security considerations, testing strategy, deployment steps, and code review notes.",software_engineering,high,8.3,8.4,8.4,9.5,7.6
"Develop email campaigns for content repurposing with tone and style guidelines for social and blog formats for email marketing. Include examples. Suggest best practices.  Provide audience personas, keyword clusters, distribution plan, success KPIs, and visual references.",content_creation,high,9.8,9.2,9.3,8.4,8.6
"Draft a proposal for OAuth 2.0 step by step with diagrams. Highlight potential pitfalls. Explain to a beginner.  Include architecture choices, security considerations, testing strategy, deployment steps, and code review notes.",software_engineering,high,9.5,8.8,8.8,9.8,8.3
"Fix bugs in GraphQL schemas with diagrams with performance benchmarks. Provide step-by-step guidance. Include examples.  Include architecture choices, security considerations, testing strategy, deployment steps, and code review notes.",software_engineering,high,8.4,8.9,9.6,8.3,8.0
"Design a content brief for engagement metrics for social and blog formats with A/B testing suggestions with visual references. Include metrics or KPIs. Provide step-by-step guidance.  Provide audience personas, keyword clusters, distribution plan, success KPIs, and visual references.",content_creation,high,9.4,9.0,8.9,9.4,7.6
"Create assessment quizzes for project rubrics including gamified exercises with extension tasks aligned to learning outcomes. Use real-world examples. Include metrics or KPIs.  Include objectives, prerequisites, activities, assessment criteria, extension tasks, and gamified exercises.",education,high,9.3,8.7,9.4,9.9,7.2
"Design a rubric for instructional scaffolding for high school students using adaptive learning. Include metrics or KPIs. Suggest best practices.  Include objectives, prerequisites, activities, assessment criteria, extension tasks, and gamified exercises.",education,high,9.0,8.3,8.2,9.3,9.0
"Develop classroom activities for student engagement metrics including gamified exercises aligned to learning outcomes for high school students. Use real-world examples. Include examples.  Include objectives, prerequisites, activities, assessment criteria, extension tasks, and gamified exercises.",education,high,8.3,9.0,8.7,9.7,7.3
"Summarize best practices for OpenID Connect with performance benchmarks using real-world scenarios step by step. Suggest best practices. Include metrics or KPIs.  Include architecture choices, security considerations, testing strategy, deployment steps, and code review notes.",software_engineering,high,8.6,9.8,9.7,9.9,8.0
"Draft a unit outline on differentiated instruction with scaffolding guides including assessment criteria with classroom examples. Explain to a beginner. Include metrics or KPIs.  Include objectives, prerequisites, activities, assessment criteria, extension tasks, and gamified exercises.",education,high,10.0,8.8,9.9,9.2,8.1
"Design adaptive learning modules for peer assessment with classroom examples with peer evaluation for blended learning. Suggest best practices. Explain to a beginner.  Include objectives, prerequisites, activities, assessment criteria, extension tasks, and gamified exercises.",education,high,9.8,9.7,8.5,9.9,9.0
"Optimize copy for SEO blog topic clusters covering multichannel strategy with tone and style guidelines. Include metrics or KPIs. Explain to a beginner.  Provide audience personas, keyword clusters, distribution plan, success KPIs, and visual references.",content_creation,high,9.8,8.8,8.3,8.4,8.3
"Design visual assets for content repurposing including keyword research with tone and style guidelines with examples and templates. Suggest best practices. Explain to a beginner.  Provide audience personas, keyword clusters, distribution plan, success KPIs, and visual references.",content_creation,high,8.5,8.4,9.1,9.7,7.9
"Develop classroom activities for Bloom’s taxonomy with extension tasks with competency tracking with classroom examples. Use real-world examples. Highlight potential pitfalls.  Include objectives, prerequisites, activities, assessment criteria, extension tasks, and gamified exercises.",education,high,9.7,9.2,9.2,8.8,7.8
"Create a lesson plan on learning analytics with scaffolding guides using adaptive learning with differentiated activities. Provide step-by-step guidance. Suggest best practices.  Include objectives, prerequisites, activities, assessment criteria, extension tasks, and gamified exercises.",education,high,8.5,9.8,9.5,8.0,8.9
"Review code for GraphQL schemas with performance considerations including pros and cons including alternative implementations. Use real-world examples. Highlight potential pitfalls.  Include architecture choices, security considerations, testing strategy, deployment steps, and code review notes.",software_engineering,high,8.2,8.4,9.3,8.6,8.1
"Analyze trends in multichannel campaigns with audience personas with engagement metrics with interactive elements. Explain to a beginner. Include metrics or KPIs.  Provide audience personas, keyword clusters, distribution plan, success KPIs, and visual references.",content_creation,high,8.4,8.4,8.5,9.7,8.4
"Design adaptive learning modules for formative assessment aligned to learning outcomes for high school students. Explain to a beginner. Provide step-by-step guidance.  Include objectives, prerequisites, activities, assessment criteria, extension tasks, and gamified exercises.",education,high,9.6,9.1,8.6,8.8,8.0
"Analyze trends in brand messaging with measurable KPIs for a product launch. Use real-world examples. Provide step-by-step guidance.  Provide audience personas, keyword clusters, distribution plan, success KPIs, and visual references.",content_creation,high,10.0,8.1,8.8,8.5,8.8
"Develop collaborative projects for flipped classroom models with classroom examples including assessment criteria. Include examples. Highlight potential pitfalls.  Include objectives, prerequisites, activities, assessment criteria, extension tasks, and gamified exercises.",education,high,9.9,9.3,9.6,9.3,8.8
"Automate deployment for dependency injection with code review notes with performance considerations. Focus on practical applications. Include metrics or KPIs.  Include architecture choices, security considerations, testing strategy, deployment steps, and code review notes.",software_engineering,high,9.6,9.5,8.1,8.9,8.1
"Compare clean architecture with performance considerations including pros and cons with security audit checklist. Explain to a beginner. Include metrics or KPIs.  Include architecture choices, security considerations, testing strategy, deployment steps, and code review notes.",software_engineering,high,8.6,8.6,8.5,8.9,8.4
"Summarize research on gamified learning with remediation ideas covering collaborative projects for a 45-minute session. Highlight potential pitfalls. Suggest best practices.  Include objectives, prerequisites, activities, assessment criteria, extension tasks, and gamified exercises.",education,high,10.0,9.5,9.4,9.2,8.9
"Develop classroom activities for classroom management with differentiated activities with learning analytics suggestions. Consider edge cases. Use real-world examples.  Include objectives, prerequisites, activities, assessment criteria, extension tasks, and gamified exercises.",education,high,8.6,8.5,9.1,8.8,7.7
"Write a blog post about SEO content pillars with storytelling frameworks with audience personas for a product launch. Focus on practical applications. Use real-world examples.  Provide audience personas, keyword clusters, distribution plan, success KPIs, and visual references.",content_creation,high,8.8,9.5,9.1,8.7,8.7
"Audit content for brand voice guidelines covering SEO best practices for a product launch. Explain to a beginner. Include metrics or KPIs.  Provide audience personas, keyword clusters, distribution plan, success KPIs, and visual references.",content_creation,high,8.8,9.3,9.1,9.5,8.4
"Write educational guides for student engagement metrics covering collaborative projects with classroom examples including gamified exercises. Provide step-by-step guidance. Use real-world examples.  Include objectives, prerequisites, activities, assessment criteria, extension tasks, and gamified exercises.",education,high,8.1,8.2,9.1,8.8,7.3
"Design serverless architecture step by step with CI/CD pipeline setup. Highlight potential pitfalls. Include metrics or KPIs.  Include architecture choices, security considerations, testing strategy, deployment steps, and code review notes.",software_engineering,high,9.7,8.3,8.7,9.3,8.9
"Optimize copy for SEO brand voice guidelines with measurable KPIs for social and blog formats. Include examples. Use real-world examples.  Provide audience personas, keyword clusters, distribution plan, success KPIs, and visual references.",content_creation,high,8.6,8.8,9.1,9.8,8.9
"Design microlearning modules on blended learning with remediation ideas using active learning. Suggest best practices. Use real-world examples.  Include objectives, prerequisites, activities, assessment criteria, extension tasks, and gamified exercises.",education,high,8.6,10.0,8.4,8.9,7.5
"Plan a flipped classroom session on differentiated instruction with scaffolding guides with differentiated activities. Include examples. Focus on practical applications.  Include objectives, prerequisites, activities, assessment criteria, extension tasks, and gamified exercises.",education,high,8.8,8.2,8.4,9.3,7.0
"Plan a migration for monolith migration for a production environment including refactoring steps with diagrams. Explain to a beginner. Suggest best practices.  Include architecture choices, security considerations, testing strategy, deployment steps, and code review notes.",software_engineering,high,8.6,9.1,9.1,9.9,8.9
"Write social captions about blog topic clusters with distribution channels with storytelling frameworks covering multichannel strategy. Use real-world examples. Suggest best practices.  Provide audience personas, keyword clusters, distribution plan, success KPIs, and visual references.",content_creation,high,9.0,9.0,9.1,9.0,7.1
"Audit content for infographic design with A/B testing suggestions including keyword research. Include examples. Consider edge cases.  Provide audience personas, keyword clusters, distribution plan, success KPIs, and visual references.",content_creation,high,9.1,8.6,8.0,9.1,7.9
"Configure CI/CD for code reviews with debugging tips including deployment steps. Focus on practical applications. Include examples.  Include architecture choices, security considerations, testing strategy, deployment steps, and code review notes.",software_engineering,high,9.5,8.8,9.4,8.4,8.8
"Summarize research on active learning strategies with microlearning exercises with competency tracking including formative checks. Include examples. Highlight potential pitfalls.  Include objectives, prerequisites, activities, assessment criteria, extension tasks, and gamified exercises.",education,high,8.6,9.5,8.3,8.7,7.8
"Audit content for product launch copies including conversion optimization tips for a B2B SaaS brand covering SEO best practices. Use real-world examples. Suggest best practices.  Provide audience personas, keyword clusters, distribution plan, success KPIs, and visual references.",content_creation,high,8.5,8.8,8.9,9.9,8.9
"Develop collaborative projects for learning analytics including real-world examples covering collaborative projects for blended learning. Provide step-by-step guidance. Highlight potential pitfalls.  Include objectives, prerequisites, activities, assessment criteria, extension tasks, and gamified exercises.",education,high,8.5,9.1,8.7,9.5,7.9
"Draft a content strategy for SEO content pillars covering multichannel strategy with engagement metrics for a B2B SaaS brand. Provide step-by-step guidance. Suggest best practices.  Provide audience personas, keyword clusters, distribution plan, success KPIs, and visual references.",content_creation,high,8.9,9.3,8.6,9.3,7.9
"Create scaffolding materials for peer assessment including gamified exercises with scaffolding guides. Focus on practical applications. Explain to a beginner.  Include objectives, prerequisites, activities, assessment criteria, extension tasks, and gamified exercises.",education,high,8.9,8.0,9.2,9.2,8.7
"Create scaffolding materials for microlearning including gamified exercises with peer evaluation covering collaborative projects. Include examples. Consider edge cases.  Include objectives, prerequisites, activities, assessment criteria, extension tasks, and gamified exercises.",education,high,8.6,8.8,9.5,8.0,8.3
"Map a curriculum for learning analytics with extension tasks with remediation ideas for a 45-minute session. Explain to a beginner. Focus on practical applications.  Include objectives, prerequisites, activities, assessment criteria, extension tasks, and gamified exercises.",education,high,9.8,8.5,9.5,8.2,8.8
"Write teacher notes about edtech tools with scaffolding guides covering collaborative projects using adaptive learning. Suggest best practices. Include metrics or KPIs.  Include objectives, prerequisites, activities, assessment criteria, extension tasks, and gamified exercises.",education,high,8.2,8.9,8.8,8.1,7.1
"Draft a proposal for continuous testing with performance considerations using real-world scenarios. Provide step-by-step guidance. Highlight potential pitfalls.  Include architecture choices, security considerations, testing strategy, deployment steps, and code review notes.",software_engineering,high,9.2,8.4,8.9,9.0,8.6
"Draft video scripts about case study frameworks with distribution channels including keyword research with measurable KPIs. Include metrics or KPIs. Include examples.  Provide audience personas, keyword clusters, distribution plan, success KPIs, and visual references.",content_creation,high,10.0,10.0,9.0,9.7,8.9
"Create a tutorial on monolith migration using real-world scenarios with diagrams with testing strategies. Suggest best practices. Highlight potential pitfalls.  Include architecture choices, security considerations, testing strategy, deployment steps, and code review notes.",software_engineering,high,8.9,9.3,9.6,9.5,8.8
"Evaluate architecture of microservices using real-world scenarios with code examples. Provide step-by-step guidance. Highlight potential pitfalls.  Include architecture choices, security considerations, testing strategy, deployment steps, and code review notes.",software_engineering,high,9.6,8.6,9.9,8.5,7.8
"Document end-to-end testing covering edge cases covering security trade-offs with architecture diagrams. Provide step-by-step guidance. Consider edge cases.  Include architecture choices, security considerations, testing strategy, deployment steps, and code review notes.",software_engineering,high,9.4,8.4,9.7,8.5,7.6
"Write a blog post about editorial calendars for a B2B SaaS brand for social and blog formats with engagement metrics. Provide step-by-step guidance. Include metrics or KPIs.  Provide audience personas, keyword clusters, distribution plan, success KPIs, and visual references.",content_creation,high,9.4,9.2,8.3,9.6,8.1
"Create an editorial plan for A/B testing headlines for a B2B SaaS brand with tone and style guidelines. Include metrics or KPIs. Highlight potential pitfalls.  Provide audience personas, keyword clusters, distribution plan, success KPIs, and visual references.",content_creation,high,9.8,9.9,9.9,8.9,8.7
"Create a lesson plan on adaptive learning for blended learning including real-world examples. Use real-world examples. Suggest best practices.  Include objectives, prerequisites, activities, assessment criteria, extension tasks, and gamified exercises.",education,high,8.4,8.3,8.7,8.5,7.3
"Design distributed transactions covering edge cases with performance considerations. Include examples. Include metrics or KPIs.  Include architecture choices, security considerations, testing strategy, deployment steps, and code review notes.",software_engineering,high,9.5,8.4,8.2,9.1,7.3
"Document OAuth 2.0 using real-world scenarios step by step with diagrams. Provide step-by-step guidance. Consider edge cases.  Include architecture choices, security considerations, testing strategy, deployment steps, and code review notes.",software_engineering,high,8.7,8.6,8.1,9.7,8.8
"Evaluate architecture of logging and observability with architecture diagrams with code examples including pros and cons. Focus on practical applications. Provide step-by-step guidance.  Include architecture choices, security considerations, testing strategy, deployment steps, and code review notes.",software_engineering,high,9.7,9.2,8.1,8.8,8.2
"Analyze trends in interactive content covering SEO best practices with interactive elements with audience personas. Consider edge cases. Suggest best practices.  Provide audience personas, keyword clusters, distribution plan, success KPIs, and visual references.",content_creation,high,9.9,8.7,8.3,8.1,7.2
"Summarize best practices for load testing including deployment steps step by step. Highlight potential pitfalls. Suggest best practices.  Include architecture choices, security considerations, testing strategy, deployment steps, and code review notes.",software_engineering,high,8.4,9.4,9.0,8.6,7.6
"Draft a content strategy for brand voice guidelines with engagement metrics covering multichannel strategy. Consider edge cases. Explain to a beginner.  Provide audience personas, keyword clusters, distribution plan, success KPIs, and visual references.",content_creation,high,9.7,9.4,9.6,9.1,8.9
"Design microlearning modules on project-based learning including assessment criteria including formative checks. Suggest best practices. Highlight potential pitfalls.  Include objectives, prerequisites, activities, assessment criteria, extension tasks, and gamified exercises.",education,high,9.6,8.2,8.2,8.3,8.3
"Draft a proposal for memory leaks including refactoring steps with CI/CD pipeline setup. Focus on practical applications. Consider edge cases.  Include architecture choices, security considerations, testing strategy, deployment steps, and code review notes.",software_engineering,high,8.4,9.4,8.6,8.3,8.2
"Facilitate peer review for Bloom’s taxonomy including gamified exercises with extension tasks. Provide step-by-step guidance. Include examples.  Include objectives, prerequisites, activities, assessment criteria, extension tasks, and gamified exercises.",education,high,8.9,8.4,9.7,8.9,8.8
"Fix bugs in memory leaks using real-world scenarios including pros and cons for a production environment. Include examples. Highlight potential pitfalls.  Include architecture choices, security considerations, testing strategy, deployment steps, and code review notes.",software_engineering,high,9.3,9.3,10.0,8.3,7.5
"Design visual assets for conversion copywriting for a product launch for email marketing including keyword research. Suggest best practices. Highlight potential pitfalls.  Provide audience personas, keyword clusters, distribution plan, success KPIs, and visual references.",content_creation,high,8.3,9.3,9.9,8.7,8.0
"Draft a unit outline on gamified learning including real-world examples with extension tasks with remediation ideas. Include metrics or KPIs. Include examples.  Include objectives, prerequisites, activities, assessment criteria, extension tasks, and gamified exercises.",education,high,8.4,8.8,8.7,8.9,7.3
"Facilitate peer review for active learning strategies with learning analytics suggestions with remediation ideas for high school students. Suggest best practices. Provide step-by-step guidance.  Include objectives, prerequisites, activities, assessment criteria, extension tasks, and gamified exercises.",education,high,9.3,9.8,8.8,9.4,8.9
"Explain fundamentals of student engagement metrics with differentiated activities for a 45-minute session. Include metrics or KPIs. Focus on practical applications.  Include objectives, prerequisites, activities, assessment criteria, extension tasks, and gamified exercises.",education,high,9.2,8.4,9.2,9.7,7.4
"Write case studies on blog topic clusters with visual references for a B2B SaaS brand. Explain to a beginner. Consider edge cases.  Provide audience personas, keyword clusters, distribution plan, success KPIs, and visual references.",content_creation,high,9.1,9.1,9.0,9.8,7.8
"Configure CI/CD for OAuth 2.0 covering edge cases with detailed bug analysis with debugging tips. Highlight potential pitfalls. Explain to a beginner.  Include architecture choices, security considerations, testing strategy, deployment steps, and code review notes.",software_engineering,high,9.2,9.6,9.0,9.0,8.9
"Assess security for code reviews step by step with security audit checklist with performance benchmarks. Focus on practical applications. Include examples.  Include architecture choices, security considerations, testing strategy, deployment steps, and code review notes.",software_engineering,high,9.3,8.3,8.5,8.9,8.0
"Write case studies on thought leadership posts for social and blog formats including editorial calendar with interactive elements. Suggest best practices. Highlight potential pitfalls.  Provide audience personas, keyword clusters, distribution plan, success KPIs, and visual references.",content_creation,high,9.9,8.3,9.5,8.5,8.2
"Create a lesson plan on learning analytics including gamified exercises with remediation ideas. Consider edge cases. Focus on practical applications.  Include objectives, prerequisites, activities, assessment criteria, extension tasks, and gamified exercises.",education,high,9.7,9.2,9.3,8.5,8.4
"Summarize research on edtech tools with peer evaluation covering collaborative projects aligned to learning outcomes. Suggest best practices. Provide step-by-step guidance.  Include objectives, prerequisites, activities, assessment criteria, extension tasks, and gamified exercises.",education,high,8.1,8.6,10.0,8.6,8.1
"Optimize copy for SEO brand voice guidelines with interactive elements for social and blog formats. Use real-world examples. Include examples.  Provide audience personas, keyword clusters, distribution plan, success KPIs, and visual references.",content_creation,high,8.6,9.3,9.3,9.6,7.7
"Automate deployment for OAuth 2.0 using real-world scenarios with architecture diagrams. Consider edge cases. Provide step-by-step guidance.  Include architecture choices, security considerations, testing strategy, deployment steps, and code review notes.",software_engineering,high,9.6,9.0,9.4,9.9,7.5
"Design visual assets for product launch copies with storytelling frameworks for a product launch including editorial calendar. Focus on practical applications. Suggest best practices.  Provide audience personas, keyword clusters, distribution plan, success KPIs, and visual references.",content_creation,high,8.4,9.6,9.4,9.4,7.7
"Automate deployment for TypeScript types with testing strategies covering security trade-offs with diagrams. Include examples. Highlight potential pitfalls.  Include architecture choices, security considerations, testing strategy, deployment steps, and code review notes.",software_engineering,high,8.9,9.2,9.2,9.6,8.0
"Create infographics on social media hooks including editorial calendar with measurable KPIs with distribution channels. Consider edge cases. Focus on practical applications.  Provide audience personas, keyword clusters, distribution plan, success KPIs, and visual references.",content_creation,high,9.5,8.2,9.7,8.6,8.8
"Design a content brief for engagement metrics including influencer mentions including editorial calendar covering multichannel strategy. Suggest best practices. Use real-world examples.  Provide audience personas, keyword clusters, distribution plan, success KPIs, and visual references.",content_creation,high,9.5,9.5,9.6,8.9,8.0
"Design a content brief for tone and style guides covering multichannel strategy with A/B testing suggestions including editorial calendar. Focus on practical applications. Use real-world examples.  Provide audience personas, keyword clusters, distribution plan, success KPIs, and visual references.",content_creation,high,9.1,9.2,8.1,8.5,7.5
"Create scaffolding materials for instructional design patterns with learning analytics suggestions using adaptive learning including formative checks. Include metrics or KPIs. Explain to a beginner.  Include objectives, prerequisites, activities, assessment criteria, extension tasks, and gamified exercises.",education,high,8.6,8.4,9.9,9.5,8.1
"Document Docker containers with security audit checklist covering edge cases for a production environment. Suggest best practices. Use real-world examples.  Include architecture choices, security considerations, testing strategy, deployment steps, and code review notes.",software_engineering,high,8.9,9.6,9.7,9.7,8.2
"Plan a migration for serverless architecture with CI/CD pipeline setup with code review notes. Focus on practical applications. Suggest best practices.  Include architecture choices, security considerations, testing strategy, deployment steps, and code review notes.",software_engineering,high,9.7,8.9,8.2,9.6,8.9
"Design a rubric for STEM integration with scaffolding guides for high school students with extension tasks. Highlight potential pitfalls. Use real-world examples.  Include objectives, prerequisites, activities, assessment criteria, extension tasks, and gamified exercises.",education,high,8.2,10.0,8.2,8.7,8.2
"Generate a list of editorial calendars including influencer mentions with storytelling frameworks. Include metrics or KPIs. Focus on practical applications.  Provide audience personas, keyword clusters, distribution plan, success KPIs, and visual references.",content_creation,high,9.1,8.8,9.1,9.4,7.7
"Create assessment quizzes for project rubrics with classroom examples using active learning. Use real-world examples. Focus on practical applications.  Include objectives, prerequisites, activities, assessment criteria, extension tasks, and gamified exercises.",education,high,8.2,9.0,8.1,9.9,7.5
"Analyze trends in infographic design covering multichannel strategy for a B2B SaaS brand for social and blog formats. Explain to a beginner. Focus on practical applications.  Provide audience personas, keyword clusters, distribution plan, success KPIs, and visual references.",content_creation,high,9.7,9.8,9.0,9.6,8.5
"Create interactive quizzes for thought leadership posts with visual references with interactive elements. Explain to a beginner. Use real-world examples.  Provide audience personas, keyword clusters, distribution plan, success KPIs, and visual references.",content_creation,high,8.6,8.4,8.1,9.5,8.1
"Automate deployment for Kubernetes with CI/CD pipeline setup with performance benchmarks. Focus on practical applications. Highlight potential pitfalls.  Include architecture choices, security considerations, testing strategy, deployment steps, and code review notes.",software_engineering,high,9.6,9.6,8.1,8.4,8.1
"Explain fundamentals of collaborative projects using adaptive learning with remediation ideas with learning analytics suggestions. Suggest best practices. Include examples.  Include objectives, prerequisites, activities, assessment criteria, extension tasks, and gamified exercises.",education,high,8.1,8.4,9.1,9.9,7.7
"Summarize best practices for logging and observability including refactoring steps with diagrams. Provide step-by-step guidance. Suggest best practices.  Include architecture choices, security considerations, testing strategy, deployment steps, and code review notes.",software_engineering,high,10.0,8.9,8.3,8.3,8.9
"Draft a proposal for Docker containers step by step using real-world scenarios with code review notes. Suggest best practices. Focus on practical applications.  Include architecture choices, security considerations, testing strategy, deployment steps, and code review notes.",software_engineering,high,9.9,9.5,8.9,8.5,8.2
"Write case studies on interactive content including keyword research with engagement metrics for a B2B SaaS brand. Include examples. Suggest best practices.  Provide audience personas, keyword clusters, distribution plan, success KPIs, and visual references.",content_creation,high,9.2,9.6,9.9,9.3,7.4
"Design visual assets for podcast scripts including editorial calendar with visual references with engagement metrics. Provide step-by-step guidance. Use real-world examples.  Provide audience personas, keyword clusters, distribution plan, success KPIs, and visual references.",content_creation,high,8.8,8.8,9.8,9.5,8.5
"Create scaffolding materials for microlearning with competency tracking with scaffolding guides including formative checks. Consider edge cases. Focus on practical applications.  Include objectives, prerequisites, activities, assessment criteria, extension tasks, and gamified exercises.",education,high,8.9,8.9,9.0,8.3,7.3
"Design a rubric for inclusive pedagogy using active learning for blended learning for a 45-minute session. Include examples. Explain to a beginner.  Include objectives, prerequisites, activities, assessment criteria, extension tasks, and gamified exercises.",education,high,9.6,8.7,8.2,8.3,8.8
"Write social captions about blog topic clusters including influencer mentions with examples and templates. Consider edge cases. Use real-world examples.  Provide audience personas, keyword clusters, distribution plan, success KPIs, and visual references.",content_creation,high,9.1,9.0,8.3,9.7,8.1
"Summarize research on lesson objectives with peer evaluation for high school students with extension tasks. Consider edge cases. Include metrics or KPIs.  Include objectives, prerequisites, activities, assessment criteria, extension tasks, and gamified exercises.",education,high,8.4,8.2,8.2,9.7,9.0
"Compare clean architecture covering security trade-offs with code review notes covering edge cases. Provide step-by-step guidance. Focus on practical applications.  Include architecture choices, security considerations, testing strategy, deployment steps, and code review notes.",software_engineering,high,8.9,8.1,10.0,9.1,8.9
"Design Python FastAPI with CI/CD pipeline setup using real-world scenarios. Use real-world examples. Highlight potential pitfalls.  Include architecture choices, security considerations, testing strategy, deployment steps, and code review notes.",software_engineering,high,8.9,9.3,9.8,9.4,8.8
"Explain continuous testing including deployment steps with diagrams. Focus on practical applications. Include examples.  Include architecture choices, security considerations, testing strategy, deployment steps, and code review notes.",software_engineering,high,9.2,9.7,9.0,8.6,8.0
"Debug monitoring dashboards with testing strategies with CI/CD pipeline setup. Use real-world examples. Consider edge cases.  Include architecture choices, security considerations, testing strategy, deployment steps, and code review notes.",software_engineering,high,9.9,9.4,9.5,8.2,8.9
"Outline a guide on influencer collaborations for a product launch with distribution channels. Highlight potential pitfalls. Focus on practical applications.  Provide audience personas, keyword clusters, distribution plan, success KPIs, and visual references.",content_creation,high,9.0,8.6,8.4,10.0,8.7
"Design adaptive learning modules for project-based learning with remediation ideas with scaffolding guides. Include examples. Focus on practical applications.  Include objectives, prerequisites, activities, assessment criteria, extension tasks, and gamified exercises.",education,high,8.7,9.6,9.8,8.1,7.8
"Create scaffolding materials for differentiated instruction for high school students for a 45-minute session with scaffolding guides. Suggest best practices. Consider edge cases.  Include objectives, prerequisites, activities, assessment criteria, extension tasks, and gamified exercises.",education,high,9.7,9.8,8.6,9.8,7.0
"Plan a webinar on infographic design with audience personas for social and blog formats. Explain to a beginner. Suggest best practices.  Provide audience personas, keyword clusters, distribution plan, success KPIs, and visual references.",content_creation,high,9.9,8.5,9.5,8.8,7.9
"Produce a podcast episode on multichannel campaigns including keyword research for a B2B SaaS brand. Provide step-by-step guidance. Use real-world examples.  Provide audience personas, keyword clusters, distribution plan, success KPIs, and visual references.",content_creation,high,8.7,9.1,8.8,9.6,8.8
"Summarize best practices for Node.js with Express step by step with CI/CD pipeline setup. Use real-world examples. Include examples.  Include architecture choices, security considerations, testing strategy, deployment steps, and code review notes.",software_engineering,high,10.0,8.7,8.7,9.0,7.8
"Draft a proposal for React state management including refactoring steps using real-world scenarios. Provide step-by-step guidance. Focus on practical applications.  Include architecture choices, security considerations, testing strategy, deployment steps, and code review notes.",software_engineering,high,8.4,9.2,8.7,9.9,8.7
"Document unit testing with code review notes step by step. Explain to a beginner. Highlight potential pitfalls.  Include architecture choices, security considerations, testing strategy, deployment steps, and code review notes.",software_engineering,high,8.8,8.5,9.0,8.5,8.4
"Assess student performance in adaptive learning with differentiated activities with remediation ideas including assessment criteria. Provide step-by-step guidance. Consider edge cases.  Include objectives, prerequisites, activities, assessment criteria, extension tasks, and gamified exercises.",education,high,9.1,8.6,9.1,9.0,8.2
"Develop classroom activities for educational psychology with extension tasks with microlearning exercises for blended learning. Include examples. Include metrics or KPIs.  Include objectives, prerequisites, activities, assessment criteria, extension tasks, and gamified exercises.",education,high,9.9,9.4,8.2,10.0,8.1
"Plan a webinar on viral hooks with storytelling frameworks for a B2B SaaS brand with tone and style guidelines. Explain to a beginner. Include metrics or KPIs.  Provide audience personas, keyword clusters, distribution plan, success KPIs, and visual references.",content_creation,high,8.3,9.1,9.7,9.1,8.6
"Design a rubric for STEM integration with extension tasks using adaptive learning aligned to learning outcomes. Provide step-by-step guidance. Suggest best practices.  Include objectives, prerequisites, activities, assessment criteria, extension tasks, and gamified exercises.",education,high,9.4,9.6,8.5,9.7,8.8
"Draft a proposal for Kubernetes using real-world scenarios with detailed bug analysis with CI/CD pipeline setup. Use real-world examples. Consider edge cases.  Include architecture choices, security considerations, testing strategy, deployment steps, and code review notes.",software_engineering,high,8.5,9.2,8.8,8.3,7.0
"Optimize copy for SEO content repurposing for a B2B SaaS brand including editorial calendar for a product launch. Highlight potential pitfalls. Include examples.  Provide audience personas, keyword clusters, distribution plan, success KPIs, and visual references.",content_creation,high,9.3,9.6,8.7,8.5,9.0
"Summarize best practices for static code analysis using real-world scenarios with code examples with detailed bug analysis. Highlight potential pitfalls. Focus on practical applications.  Include architecture choices, security considerations, testing strategy, deployment steps, and code review notes.",software_engineering,high,9.3,9.8,9.7,8.4,8.2
"Compare approaches to interactive content including influencer mentions covering multichannel strategy with distribution channels. Highlight potential pitfalls. Consider edge cases.  Provide audience personas, keyword clusters, distribution plan, success KPIs, and visual references.",content_creation,high,8.7,8.3,8.5,8.7,9.0
"Develop classroom activities for peer assessment with microlearning exercises for high school students. Focus on practical applications. Suggest best practices.  Include objectives, prerequisites, activities, assessment criteria, extension tasks, and gamified exercises.",education,high,9.2,8.2,8.3,9.6,7.6
"Write teacher notes about competency frameworks including assessment criteria covering collaborative projects for a 45-minute session. Suggest best practices. Focus on practical applications.  Include objectives, prerequisites, activities, assessment criteria, extension tasks, and gamified exercises.",education,high,9.9,9.5,9.2,9.0,8.3
"Compare pedagogical methods for student engagement metrics with learning analytics suggestions for high school students. Highlight potential pitfalls. Provide step-by-step guidance.  Include objectives, prerequisites, activities, assessment criteria, extension tasks, and gamified exercises.",education,high,9.2,10.0,9.6,10.0,7.1
"Analyze trends in case study frameworks including keyword research with examples and templates with engagement metrics. Consider edge cases. Suggest best practices.  Provide audience personas, keyword clusters, distribution plan, success KPIs, and visual references.",content_creation,high,9.4,9.4,9.7,9.3,7.4
"Outline a guide on engagement metrics including influencer mentions with visual references with engagement metrics. Use real-world examples. Consider edge cases.  Provide audience personas, keyword clusters, distribution plan, success KPIs, and visual references.",content_creation,high,9.8,8.4,8.7,8.9,8.6
"Investigate memory leaks in TypeScript types with code examples for a production environment. Highlight potential pitfalls. Focus on practical applications.  Include architecture choices, security considerations, testing strategy, deployment steps, and code review notes.",software_engineering,high,9.5,8.9,9.3,8.4,7.2
"Write educational guides for project-based learning with learning analytics suggestions with classroom examples. Use real-world examples. Highlight potential pitfalls.  Include objectives, prerequisites, activities, assessment criteria, extension tasks, and gamified exercises.",education,high,9.6,9.3,8.1,8.2,7.2
"Fix bugs in Node.js with Express with detailed bug analysis covering security trade-offs covering edge cases. Use real-world examples. Consider edge cases.  Include architecture choices, security considerations, testing strategy, deployment steps, and code review notes.",software_engineering,high,9.6,8.7,8.3,9.7,7.2
"Write teacher notes about project-based learning using adaptive learning for high school students with microlearning exercises. Highlight potential pitfalls. Use real-world examples.  Include objectives, prerequisites, activities, assessment criteria, extension tasks, and gamified exercises.",education,high,9.8,9.5,8.9,9.2,7.1
"Create interactive quizzes for viral hooks with A/B testing suggestions for a product launch. Provide step-by-step guidance. Include examples.  Provide audience personas, keyword clusters, distribution plan, success KPIs, and visual references.",content_creation,high,8.2,9.7,9.3,9.7,8.5
"Plan a flipped classroom session on classroom management aligned to learning outcomes for high school students with remediation ideas. Include examples. Suggest best practices.  Include objectives, prerequisites, activities, assessment criteria, extension tasks, and gamified exercises.",education,high,8.1,9.9,8.9,8.7,7.7
"Refactor TypeScript types with performance considerations with testing strategies. Include metrics or KPIs. Explain to a beginner.  Include architecture choices, security considerations, testing strategy, deployment steps, and code review notes.",software_engineering,high,9.9,8.6,8.9,8.8,8.3
"Fix bugs in Docker containers using real-world scenarios for a production environment. Include metrics or KPIs. Focus on practical applications.  Include architecture choices, security considerations, testing strategy, deployment steps, and code review notes.",software_engineering,high,9.3,8.4,9.1,8.0,8.7
"Facilitate peer review for gamified learning with extension tasks using active learning with microlearning exercises. Consider edge cases. Highlight potential pitfalls.  Include objectives, prerequisites, activities, assessment criteria, extension tasks, and gamified exercises.",education,high,9.6,8.2,9.2,9.9,7.9
"Review code for TypeScript types with testing strategies covering edge cases. Explain to a beginner. Focus on practical applications.  Include architecture choices, security considerations, testing strategy, deployment steps, and code review notes.",software_engineering,high,9.0,9.1,8.5,9.8,8.4
"Create interactive quizzes for editorial calendars for a product launch including keyword research. Include metrics or KPIs. Include examples.  Provide audience personas, keyword clusters, distribution plan, success KPIs, and visual references.",content_creation,high,9.1,9.9,8.3,8.4,7.4
"Write unit tests for Node.js with Express with CI/CD pipeline setup covering edge cases with performance considerations. Consider edge cases. Provide step-by-step guidance.  Include architecture choices, security considerations, testing strategy, deployment steps, and code review notes.",software_engineering,high,9.0,9.5,9.3,8.9,8.1
"Plan a migration for static code analysis including refactoring steps with security audit checklist with code review notes. Include metrics or KPIs. Use real-world examples.  Include architecture choices, security considerations, testing strategy, deployment steps, and code review notes.",software_engineering,high,9.7,8.5,8.7,9.4,7.7
"Design a content brief for case study frameworks for a B2B SaaS brand including conversion optimization tips including influencer mentions. Consider edge cases. Explain to a beginner.  Provide audience personas, keyword clusters, distribution plan, success KPIs, and visual references.",content_creation,high,9.7,9.0,9.6,9.8,7.8
"Implement React state management with code examples with diagrams with performance benchmarks. Explain to a beginner. Use real-world examples.  Include architecture choices, security considerations, testing strategy, deployment steps, and code review notes.",software_engineering,high,9.7,9.4,8.2,9.3,9.0
"Map a curriculum for microlearning with competency tracking including real-world examples including gamified exercises. Suggest best practices. Consider edge cases.  Include objectives, prerequisites, activities, assessment criteria, extension tasks, and gamified exercises.",education,high,8.6,8.4,8.4,8.4,7.6
"Review code for Docker containers with diagrams with detailed bug analysis. Highlight potential pitfalls. Consider edge cases.  Include architecture choices, security considerations, testing strategy, deployment steps, and code review notes.",software_engineering,high,8.5,9.2,8.7,9.0,7.6
"Design microlearning modules on inclusive pedagogy for high school students with competency tracking with differentiated activities. Suggest best practices. Explain to a beginner.  Include objectives, prerequisites, activities, assessment criteria, extension tasks, and gamified exercises.",education,high,9.1,9.5,8.7,9.1,7.1
"Write a blog post about influencer collaborations with distribution channels for social and blog formats. Explain to a beginner. Include examples.  Provide audience personas, keyword clusters, distribution plan, success KPIs, and visual references.",content_creation,high,8.1,9.4,9.5,8.9,7.9
"Analyze Node.js with Express covering security trade-offs with testing strategies. Highlight potential pitfalls. Include metrics or KPIs.  Include architecture choices, security considerations, testing strategy, deployment steps, and code review notes.",software_engineering,high,8.4,10.0,9.9,8.6,7.8
"Plan a flipped classroom session on collaborative projects including real-world examples including gamified exercises including formative checks. Consider edge cases. Suggest best practices.  Include objectives, prerequisites, activities, assessment criteria, extension tasks, and gamified exercises.",education,high,9.0,9.9,8.1,8.2,8.9
"Develop email campaigns for brand messaging including keyword research with distribution channels with audience personas. Consider edge cases. Explain to a beginner.  Provide audience personas, keyword clusters, distribution plan, success KPIs, and visual references.",content_creation,high,8.8,8.1,9.2,10.0,7.7
"Design microlearning modules on formative assessment for blended learning including real-world examples including gamified exercises. Consider edge cases. Suggest best practices.  Include objectives, prerequisites, activities, assessment criteria, extension tasks, and gamified exercises.",education,high,8.4,8.2,9.1,9.3,7.9
"Write unit tests for load testing including pros and cons including deployment steps. Provide step-by-step guidance. Consider edge cases.  Include architecture choices, security considerations, testing strategy, deployment steps, and code review notes.",software_engineering,high,9.2,8.8,8.4,8.5,7.9
"Outline a guide on product launch copies with measurable KPIs including conversion optimization tips with tone and style guidelines. Provide step-by-step guidance. Include metrics or KPIs.  Provide audience personas, keyword clusters, distribution plan, success KPIs, and visual references.",content_creation,high,9.1,9.3,9.5,8.9,7.7
"Plan a webinar on influencer collaborations with tone and style guidelines including influencer mentions. Explain to a beginner. Include metrics or KPIs.  Provide audience personas, keyword clusters, distribution plan, success KPIs, and visual references.",content_creation,high,8.0,9.1,8.6,8.4,9.0
"Create assessment quizzes for collaborative projects with differentiated activities including gamified exercises. Use real-world examples. Include metrics or KPIs.  Include objectives, prerequisites, activities, assessment criteria, extension tasks, and gamified exercises.",education,high,9.2,9.5,9.7,8.3,7.6
"Automate deployment for REST APIs including deployment steps with code review notes covering edge cases. Suggest best practices. Highlight potential pitfalls.  Include architecture choices, security considerations, testing strategy, deployment steps, and code review notes.",software_engineering,high,8.3,9.9,8.6,9.0,8.0
"Refactor Django ORM including alternative implementations step by step. Include metrics or KPIs. Consider edge cases.  Include architecture choices, security considerations, testing strategy, deployment steps, and code review notes.",software_engineering,high,8.2,9.9,8.7,8.5,7.2
"Develop collaborative projects for project rubrics using adaptive learning including formative checks. Explain to a beginner. Use real-world examples.  Include objectives, prerequisites, activities, assessment criteria, extension tasks, and gamified exercises.",education,high,8.5,9.1,8.0,8.5,8.8
"Configure CI/CD for code reviews including deployment steps with debugging tips with CI/CD pipeline setup. Highlight potential pitfalls. Suggest best practices.  Include architecture choices, security considerations, testing strategy, deployment steps, and code review notes.",software_engineering,high,8.7,9.3,8.1,9.6,8.3
"Create assessment quizzes for learning analytics using adaptive learning covering collaborative projects. Include examples. Consider edge cases.  Include objectives, prerequisites, activities, assessment criteria, extension tasks, and gamified exercises.",education,high,9.1,8.6,9.7,8.2,9.0
"Create interactive quizzes for engagement metrics for a B2B SaaS brand for social and blog formats. Explain to a beginner. Suggest best practices.  Provide audience personas, keyword clusters, distribution plan, success KPIs, and visual references.",content_creation,high,8.7,8.6,8.6,9.4,8.8
"Draft a proposal for event-driven systems with performance considerations with code review notes. Include metrics or KPIs. Include examples.  Include architecture choices, security considerations, testing strategy, deployment steps, and code review notes.",software_engineering,high,9.1,9.1,8.7,8.9,8.4
"Document serverless architecture using real-world scenarios including alternative implementations with security audit checklist. Consider edge cases. Include examples.  Include architecture choices, security considerations, testing strategy, deployment steps, and code review notes.",software_engineering,high,9.4,9.2,8.9,8.5,7.4
"Assess student performance in STEM integration with learning analytics suggestions including gamified exercises. Consider edge cases. Focus on practical applications.  Include objectives, prerequisites, activities, assessment criteria, extension tasks, and gamified exercises.",education,high,8.9,9.7,9.4,9.9,8.9
"Create interactive quizzes for engagement metrics for email marketing with interactive elements. Consider edge cases. Suggest best practices.  Provide audience personas, keyword clusters, distribution plan, success KPIs, and visual references.",content_creation,high,8.6,8.7,8.4,9.9,7.5
"Automate deployment for serverless architecture with code review notes covering edge cases using real-world scenarios. Suggest best practices. Explain to a beginner.  Include architecture choices, security considerations, testing strategy, deployment steps, and code review notes.",software_engineering,high,8.4,8.8,9.3,9.7,8.3
"Explain fundamentals of Bloom’s taxonomy with learning analytics suggestions for blended learning. Include metrics or KPIs. Focus on practical applications.  Include objectives, prerequisites, activities, assessment criteria, extension tasks, and gamified exercises.",education,high,9.2,8.5,8.2,9.9,8.3
"Design a content brief for long-form articles for a product launch with engagement metrics covering multichannel strategy. Use real-world examples. Explain to a beginner.  Provide audience personas, keyword clusters, distribution plan, success KPIs, and visual references.",content_creation,high,9.2,8.2,8.4,8.6,8.9
"Map a curriculum for instructional design patterns with microlearning exercises including gamified exercises for blended learning. Use real-world examples. Focus on practical applications.  Include objectives, prerequisites, activities, assessment criteria, extension tasks, and gamified exercises.",education,high,9.1,8.4,8.1,8.9,7.3
"Configure CI/CD for GraphQL schemas with testing strategies including deployment steps. Provide step-by-step guidance. Include examples.  Include architecture choices, security considerations, testing strategy, deployment steps, and code review notes.",software_engineering,high,9.9,9.3,9.3,8.1,8.8
"Configure CI/CD for serverless architecture with diagrams including refactoring steps with debugging tips. Explain to a beginner. Focus on practical applications.  Include architecture choices, security considerations, testing strategy, deployment steps, and code review notes.",software_engineering,high,8.4,9.2,8.3,8.9,7.4
"Design microlearning modules on curriculum mapping with remediation ideas with differentiated activities using active learning. Explain to a beginner. Consider edge cases.  Include objectives, prerequisites, activities, assessment criteria, extension tasks, and gamified exercises.",education,high,8.2,9.3,8.8,9.0,8.0
"Write social captions about social media audit with A/B testing suggestions with examples and templates. Explain to a beginner. Suggest best practices.  Provide audience personas, keyword clusters, distribution plan, success KPIs, and visual references.",content_creation,high,9.2,9.6,8.9,9.1,8.4
"Write educational guides for microlearning using adaptive learning with peer evaluation with remediation ideas. Include examples. Provide step-by-step guidance.  Include objectives, prerequisites, activities, assessment criteria, extension tasks, and gamified exercises.",education,high,8.2,9.9,8.9,8.5,8.6
"Analyze caching strategies covering edge cases including deployment steps including alternative implementations. Use real-world examples. Suggest best practices.  Include architecture choices, security considerations, testing strategy, deployment steps, and code review notes.",software_engineering,high,9.6,9.1,8.7,9.3,7.7
"Draft a unit outline on learning outcomes aligned to learning outcomes with competency tracking. Include examples. Provide step-by-step guidance.  Include objectives, prerequisites, activities, assessment criteria, extension tasks, and gamified exercises.",education,high,9.8,8.9,9.2,9.1,7.7
"Fix bugs in Kubernetes including deployment steps including refactoring steps using real-world scenarios. Include examples. Highlight potential pitfalls.  Include architecture choices, security considerations, testing strategy, deployment steps, and code review notes.",software_engineering,high,9.0,9.6,8.5,9.8,7.6
"Generate a list of product launch copies including influencer mentions with distribution channels. Include metrics or KPIs. Explain to a beginner.  Provide audience personas, keyword clusters, distribution plan, success KPIs, and visual references.",content_creation,high,8.6,9.1,9.1,8.1,7.4
"Create a lesson plan on learning outcomes including formative checks covering collaborative projects using active learning. Focus on practical applications. Highlight potential pitfalls.  Include objectives, prerequisites, activities, assessment criteria, extension tasks, and gamified exercises.",education,high,8.7,8.6,9.1,8.5,8.0
"Plan a migration for API versioning with architecture diagrams including pros and cons with diagrams. Use real-world examples. Suggest best practices.  Include architecture choices, security considerations, testing strategy, deployment steps, and code review notes.",software_engineering,high,8.6,9.1,9.0,9.1,7.7
"Analyze refactoring legacy code step by step covering edge cases including pros and cons. Include metrics or KPIs. Use real-world examples.  Include architecture choices, security considerations, testing strategy, deployment steps, and code review notes.",software_engineering,high,8.3,8.9,9.0,9.0,8.5
"Audit content for content repurposing with measurable KPIs covering multichannel strategy including keyword research. Use real-world examples. Provide step-by-step guidance.  Provide audience personas, keyword clusters, distribution plan, success KPIs, and visual references.",content_creation,high,9.8,9.8,9.9,8.1,7.4
"Explain dependency injection covering edge cases with detailed bug analysis with performance benchmarks. Explain to a beginner. Consider edge cases.  Include architecture choices, security considerations, testing strategy, deployment steps, and code review notes.",software_engineering,high,9.6,8.9,8.9,8.1,8.0
"Configure CI/CD for feature toggles using real-world scenarios covering security trade-offs. Include metrics or KPIs. Use real-world examples.  Include architecture choices, security considerations, testing strategy, deployment steps, and code review notes.",software_engineering,high,9.9,8.2,9.8,8.6,7.5
"Develop email campaigns for editorial calendars with storytelling frameworks with engagement metrics for social and blog formats. Focus on practical applications. Provide step-by-step guidance.  Provide audience personas, keyword clusters, distribution plan, success KPIs, and visual references.",content_creation,high,8.2,9.0,9.0,8.1,7.7
"Draft a content strategy for viral hooks with storytelling frameworks for email marketing. Explain to a beginner. Include metrics or KPIs.  Provide audience personas, keyword clusters, distribution plan, success KPIs, and visual references.",content_creation,high,8.4,8.6,9.0,9.5,8.6
"Conduct load testing for bug fixes with architecture diagrams using real-world scenarios covering edge cases. Suggest best practices. Consider edge cases.  Include architecture choices, security considerations, testing strategy, deployment steps, and code review notes.",software_engineering,high,8.7,9.3,8.8,9.1,8.8
"Summarize best practices for feature toggles with performance benchmarks including deployment steps covering edge cases. Use real-world examples. Include metrics or KPIs.  Include architecture choices, security considerations, testing strategy, deployment steps, and code review notes.",software_engineering,high,8.2,8.2,9.3,8.8,8.9
"Develop collaborative projects for learning path design with differentiated activities with scaffolding guides for blended learning. Focus on practical applications. Suggest best practices.  Include objectives, prerequisites, activities, assessment criteria, extension tasks, and gamified exercises.",education,high,9.7,8.4,9.9,8.0,8.7
"Outline a guide on A/B testing headlines for social and blog formats covering multichannel strategy. Include metrics or KPIs. Highlight potential pitfalls.  Provide audience personas, keyword clusters, distribution plan, success KPIs, and visual references.",content_creation,high,8.5,9.2,8.2,9.8,7.8
"Analyze outcomes of critical thinking exercises including real-world examples using adaptive learning. Include examples. Consider edge cases.  Include objectives, prerequisites, activities, assessment criteria, extension tasks, and gamified exercises.",education,high,9.6,8.7,8.3,8.9,8.8
"Write educational guides for learning path design using active learning using adaptive learning with learning analytics suggestions. Highlight potential pitfalls. Focus on practical applications.  Include objectives, prerequisites, activities, assessment criteria, extension tasks, and gamified exercises.",education,high,8.5,8.6,9.6,8.8,7.0
"Analyze trends in social media hooks with A/B testing suggestions with measurable KPIs. Suggest best practices. Highlight potential pitfalls.  Provide audience personas, keyword clusters, distribution plan, success KPIs, and visual references.",content_creation,high,8.9,9.2,9.2,8.0,8.3
"Plan a flipped classroom session on differentiated instruction with remediation ideas with microlearning exercises aligned to learning outcomes. Highlight potential pitfalls. Explain to a beginner.  Include objectives, prerequisites, activities, assessment criteria, extension tasks, and gamified exercises.",education,high,9.4,9.2,9.7,8.5,8.4
"Create assessment quizzes for STEM integration with differentiated activities including real-world examples. Suggest best practices. Include metrics or KPIs.  Include objectives, prerequisites, activities, assessment criteria, extension tasks, and gamified exercises.",education,high,9.4,8.1,8.6,9.7,8.3
"Analyze outcomes of instructional design patterns for a 45-minute session with classroom examples including real-world examples. Use real-world examples. Include metrics or KPIs.  Include objectives, prerequisites, activities, assessment criteria, extension tasks, and gamified exercises.",education,high,9.9,9.3,10.0,9.1,8.2
"Debug GraphQL schemas with testing strategies including alternative implementations. Explain to a beginner. Highlight potential pitfalls.  Include architecture choices, security considerations, testing strategy, deployment steps, and code review notes.",software_engineering,high,8.8,9.7,9.3,9.2,8.1
"Develop collaborative projects for instructional design patterns with peer evaluation including assessment criteria. Consider edge cases. Explain to a beginner.  Include objectives, prerequisites, activities, assessment criteria, extension tasks, and gamified exercises.",education,high,9.1,8.6,8.2,9.1,8.2
"Draft video scripts about keyword clustering with distribution channels covering multichannel strategy. Consider edge cases. Focus on practical applications.  Provide audience personas, keyword clusters, distribution plan, success KPIs, and visual references.",content_creation,high,8.9,8.9,9.2,9.8,7.7
"Develop email campaigns for interactive content with storytelling frameworks with A/B testing suggestions with audience personas. Include examples. Provide step-by-step guidance.  Provide audience personas, keyword clusters, distribution plan, success KPIs, and visual references.",content_creation,high,8.1,8.3,9.5,8.2,8.1
"Fix bugs in React state management with code review notes covering edge cases for a production environment. Include metrics or KPIs. Use real-world examples.  Include architecture choices, security considerations, testing strategy, deployment steps, and code review notes.",software_engineering,high,9.1,8.4,8.0,8.4,8.9
"Develop email campaigns for SEO content pillars covering multichannel strategy with measurable KPIs. Consider edge cases. Explain to a beginner.  Provide audience personas, keyword clusters, distribution plan, success KPIs, and visual references.",content_creation,high,8.1,9.7,8.8,8.4,8.7
"Explain fundamentals of adaptive learning including gamified exercises for high school students with peer evaluation. Suggest best practices. Explain to a beginner.  Include objectives, prerequisites, activities, assessment criteria, extension tasks, and gamified exercises.",education,high,8.8,8.2,9.8,8.6,7.0
"Write unit tests for continuous testing step by step for a production environment. Consider edge cases. Use real-world examples.  Include architecture choices, security considerations, testing strategy, deployment steps, and code review notes.",software_engineering,high,8.6,9.9,9.3,8.5,7.4
"Explain serverless architecture with performance considerations using real-world scenarios with security audit checklist. Include metrics or KPIs. Consider edge cases.  Include architecture choices, security considerations, testing strategy, deployment steps, and code review notes.",software_engineering,high,8.2,9.1,9.9,9.2,8.8
"Design adaptive learning modules for peer assessment with differentiated activities using active learning. Consider edge cases. Highlight potential pitfalls.  Include objectives, prerequisites, activities, assessment criteria, extension tasks, and gamified exercises.",education,high,9.3,9.0,8.4,9.6,8.2
"Design a rubric for instructional design patterns with peer evaluation with learning analytics suggestions. Focus on practical applications. Explain to a beginner.  Include objectives, prerequisites, activities, assessment criteria, extension tasks, and gamified exercises.",education,high,9.6,9.1,9.0,9.8,8.6
"Debug REST APIs with performance benchmarks with detailed bug analysis with testing strategies. Use real-world examples. Include metrics or KPIs.  Include architecture choices, security considerations, testing strategy, deployment steps, and code review notes.",software_engineering,high,9.9,8.8,8.9,10.0,8.2
"Create an editorial plan for storytelling techniques with visual references covering SEO best practices for social and blog formats. Use real-world examples. Include examples.  Provide audience personas, keyword clusters, distribution plan, success KPIs, and visual references.",content_creation,high,9.8,9.4,9.2,9.1,8.1
"Create a lesson plan on learning outcomes with extension tasks for high school students including assessment criteria. Provide step-by-step guidance. Include metrics or KPIs.  Include objectives, prerequisites, activities, assessment criteria, extension tasks, and gamified exercises.",education,high,9.5,8.9,9.4,9.4,8.2
"Design a rubric for project-based learning with learning analytics suggestions using adaptive learning. Focus on practical applications. Explain to a beginner.  Include objectives, prerequisites, activities, assessment criteria, extension tasks, and gamified exercises.",education,high,8.8,8.6,9.7,8.5,7.7
"Evaluate architecture of clean architecture with detailed bug analysis with security audit checklist. Focus on practical applications. Highlight potential pitfalls.  Include architecture choices, security considerations, testing strategy, deployment steps, and code review notes.",software_engineering,high,8.3,8.8,8.0,9.8,8.4
"Explain incident response with CI/CD pipeline setup with code review notes with security audit checklist. Focus on practical applications. Provide step-by-step guidance.  Include architecture choices, security considerations, testing strategy, deployment steps, and code review notes.",software_engineering,high,9.6,9.6,8.9,8.9,9.0
"Create infographics on infographic design covering SEO best practices including influencer mentions. Suggest best practices. Focus on practical applications.  Provide audience personas, keyword clusters, distribution plan, success KPIs, and visual references.",content_creation,high,8.8,9.5,9.4,9.8,8.4
"Plan a flipped classroom session on curriculum mapping for blended learning with scaffolding guides. Include examples. Explain to a beginner.  Include objectives, prerequisites, activities, assessment criteria, extension tasks, and gamified exercises.",education,high,9.0,9.9,9.3,8.2,8.0
"Plan a migration for feature toggles for a production environment using real-world scenarios with CI/CD pipeline setup. Focus on practical applications. Use real-world examples.  Include architecture choices, security considerations, testing strategy, deployment steps, and code review notes.",software_engineering,high,8.3,9.2,9.0,8.9,8.4
"Assess security for security vulnerabilities with code examples for a production environment including refactoring steps. Use real-world examples. Highlight potential pitfalls.  Include architecture choices, security considerations, testing strategy, deployment steps, and code review notes.",software_engineering,high,9.1,9.1,8.8,8.3,8.5
"Draft a proposal for Django ORM including pros and cons for a production environment with code review notes. Suggest best practices. Use real-world examples.  Include architecture choices, security considerations, testing strategy, deployment steps, and code review notes.",software_engineering,high,8.7,8.7,8.2,9.4,7.1
"Develop classroom activities for student engagement metrics for blended learning with extension tasks including formative checks. Include metrics or KPIs. Provide step-by-step guidance.  Include objectives, prerequisites, activities, assessment criteria, extension tasks, and gamified exercises.",education,high,8.3,9.1,8.2,9.8,8.2
"Write a blog post about YouTube scripts for a product launch for a B2B SaaS brand with storytelling frameworks. Focus on practical applications. Include examples.  Provide audience personas, keyword clusters, distribution plan, success KPIs, and visual references.",content_creation,high,9.4,8.2,8.1,9.3,7.3
"Design adaptive learning modules for formative assessment including gamified exercises with remediation ideas. Provide step-by-step guidance. Consider edge cases.  Include objectives, prerequisites, activities, assessment criteria, extension tasks, and gamified exercises.",education,high,9.4,8.3,9.4,8.3,7.5
"Explain fundamentals of assessment rubrics with remediation ideas for a 45-minute session. Include examples. Provide step-by-step guidance.  Include objectives, prerequisites, activities, assessment criteria, extension tasks, and gamified exercises.",education,high,9.1,9.0,8.7,8.2,8.4
"Facilitate peer review for critical thinking exercises with microlearning exercises with learning analytics suggestions with peer evaluation. Include metrics or KPIs. Explain to a beginner.  Include objectives, prerequisites, activities, assessment criteria, extension tasks, and gamified exercises.",education,high,9.3,8.7,9.1,8.2,8.4
"Summarize research on learning outcomes with classroom examples for blended learning for high school students. Use real-world examples. Explain to a beginner.  Include objectives, prerequisites, activities, assessment criteria, extension tasks, and gamified exercises.",education,high,9.3,9.5,10.0,8.7,7.7
"Create a tutorial on logging and observability with diagrams with security audit checklist. Provide step-by-step guidance. Highlight potential pitfalls.  Include architecture choices, security considerations, testing strategy, deployment steps, and code review notes.",software_engineering,high,8.8,9.6,9.5,8.8,9.0
"Develop gamified exercises on peer assessment with differentiated activities for high school students. Use real-world examples. Suggest best practices.  Include objectives, prerequisites, activities, assessment criteria, extension tasks, and gamified exercises.",education,high,8.0,9.0,9.8,9.6,8.2
"Develop classroom activities for critical thinking exercises with extension tasks including formative checks. Highlight potential pitfalls. Provide step-by-step guidance.  Include objectives, prerequisites, activities, assessment criteria, extension tasks, and gamified exercises.",education,high,9.4,8.4,9.9,9.9,7.4
"Produce a podcast episode on thought leadership posts for social and blog formats with storytelling frameworks. Use real-world examples. Include examples.  Provide audience personas, keyword clusters, distribution plan, success KPIs, and visual references.",content_creation,high,9.7,8.8,9.5,8.2,7.6
"Draft a unit outline on flipped classroom models with peer evaluation with differentiated activities. Provide step-by-step guidance. Focus on practical applications.  Include objectives, prerequisites, activities, assessment criteria, extension tasks, and gamified exercises.",education,high,9.8,9.4,9.8,8.2,7.7
"Design a rubric for STEM integration with extension tasks including assessment criteria with microlearning exercises. Include examples. Consider edge cases.  Include objectives, prerequisites, activities, assessment criteria, extension tasks, and gamified exercises.",education,high,9.0,8.2,8.2,8.2,8.5
"Generate a list of influencer collaborations covering SEO best practices with tone and style guidelines. Suggest best practices. Provide step-by-step guidance.  Provide audience personas, keyword clusters, distribution plan, success KPIs, and visual references.",content_creation,high,9.4,8.9,8.7,9.1,8.3
"Design code reviews covering security trade-offs with performance benchmarks. Use real-world examples. Suggest best practices.  Include architecture choices, security considerations, testing strategy, deployment steps, and code review notes.",software_engineering,high,8.1,8.3,9.8,8.4,8.9
"Develop email campaigns for multichannel campaigns including conversion optimization tips including influencer mentions. Explain to a beginner. Use real-world examples.  Provide audience personas, keyword clusters, distribution plan, success KPIs, and visual references.",content_creation,high,9.3,9.8,9.1,8.9,7.6
"Design microservices with performance benchmarks with diagrams for a production environment. Consider edge cases. Provide step-by-step guidance.  Include architecture choices, security considerations, testing strategy, deployment steps, and code review notes.",software_engineering,high,8.2,9.4,9.6,8.8,8.4
"Create interactive quizzes for engagement metrics with distribution channels covering SEO best practices with visual references. Consider edge cases. Suggest best practices.  Provide audience personas, keyword clusters, distribution plan, success KPIs, and visual references.",content_creation,high,9.6,9.0,8.5,8.4,7.7
"Write teacher notes about instructional scaffolding with classroom examples for a 45-minute session with competency tracking. Explain to a beginner. Use real-world examples.  Include objectives, prerequisites, activities, assessment criteria, extension tasks, and gamified exercises.",education,high,9.3,9.9,9.4,8.3,7.4
"Write unit tests for Django ORM with performance considerations covering edge cases for a production environment. Explain to a beginner. Suggest best practices.  Include architecture choices, security considerations, testing strategy, deployment steps, and code review notes.",software_engineering,high,9.5,9.7,8.4,9.3,8.4
"Develop gamified exercises on project rubrics including assessment criteria for high school students. Include examples. Explain to a beginner.  Include objectives, prerequisites, activities, assessment criteria, extension tasks, and gamified exercises.",education,high,9.7,8.7,9.2,9.9,8.6
"Document monitoring dashboards step by step covering edge cases including deployment steps. Suggest best practices. Include examples.  Include architecture choices, security considerations, testing strategy, deployment steps, and code review notes.",software_engineering,high,8.8,8.2,8.6,8.2,7.4
"Create assessment quizzes for edtech tools aligned to learning outcomes using adaptive learning. Provide step-by-step guidance. Include examples.  Include objectives, prerequisites, activities, assessment criteria, extension tasks, and gamified exercises.",education,high,9.2,8.5,9.8,9.3,7.1
"Fix bugs in feature toggles with debugging tips for a production environment covering security trade-offs. Include metrics or KPIs. Focus on practical applications.  Include architecture choices, security considerations, testing strategy, deployment steps, and code review notes.",software_engineering,high,9.2,9.5,8.2,8.7,7.6
"Produce a podcast episode on case study frameworks with visual references with tone and style guidelines. Suggest best practices. Include examples.  Provide audience personas, keyword clusters, distribution plan, success KPIs, and visual references.",content_creation,high,8.5,8.0,9.2,8.4,8.4
"Debug performance profiling with CI/CD pipeline setup with code review notes. Provide step-by-step guidance. Suggest best practices.  Include architecture choices, security considerations, testing strategy, deployment steps, and code review notes.",software_engineering,high,9.6,8.1,8.1,9.3,7.3
"Write a blog post about multichannel campaigns for a B2B SaaS brand with audience personas including keyword research. Focus on practical applications. Highlight potential pitfalls.  Provide audience personas, keyword clusters, distribution plan, success KPIs, and visual references.",content_creation,high,9.4,9.2,9.6,9.8,7.3
"Write a blog post about email drip campaigns for a B2B SaaS brand covering multichannel strategy with audience personas. Highlight potential pitfalls. Suggest best practices.  Provide audience personas, keyword clusters, distribution plan, success KPIs, and visual references.",content_creation,high,8.6,9.2,9.7,8.7,7.1
"Design microlearning modules on peer assessment with microlearning exercises with classroom examples with scaffolding guides. Use real-world examples. Include metrics or KPIs.  Include objectives, prerequisites, activities, assessment criteria, extension tasks, and gamified exercises.",education,high,8.3,9.6,9.1,9.1,8.8
"Analyze monolith migration with architecture diagrams with detailed bug analysis. Consider edge cases. Use real-world examples.  Include architecture choices, security considerations, testing strategy, deployment steps, and code review notes.",software_engineering,high,8.6,9.1,9.6,9.4,7.7
"Document database indexing with code review notes with detailed bug analysis step by step. Include metrics or KPIs. Provide step-by-step guidance.  Include architecture choices, security considerations, testing strategy, deployment steps, and code review notes.",software_engineering,high,9.6,8.1,8.5,8.2,8.1
"Document event-driven systems covering security trade-offs including refactoring steps with security audit checklist. Use real-world examples. Explain to a beginner.  Include architecture choices, security considerations, testing strategy, deployment steps, and code review notes.",software_engineering,high,9.2,9.2,9.6,8.8,7.5
"Develop collaborative projects for peer assessment including formative checks for blended learning. Consider edge cases. Explain to a beginner.  Include objectives, prerequisites, activities, assessment criteria, extension tasks, and gamified exercises.",education,high,8.2,10.0,9.6,8.2,7.5
"Assess security for Python FastAPI with code examples with testing strategies with CI/CD pipeline setup. Use real-world examples. Provide step-by-step guidance.  Include architecture choices, security considerations, testing strategy, deployment steps, and code review notes.",software_engineering,high,9.5,9.8,9.4,9.4,8.5
"Conduct load testing for Kubernetes with architecture diagrams with testing strategies including deployment steps. Include metrics or KPIs. Use real-world examples.  Include architecture choices, security considerations, testing strategy, deployment steps, and code review notes.",software_engineering,high,9.7,8.3,8.4,8.6,7.9
"Debug monolith migration with performance benchmarks for a production environment. Highlight potential pitfalls. Explain to a beginner.  Include architecture choices, security considerations, testing strategy, deployment steps, and code review notes.",software_engineering,high,9.4,9.6,9.6,8.0,7.6
"Create scaffolding materials for lesson objectives with scaffolding guides with competency tracking with classroom examples. Highlight potential pitfalls. Include examples.  Include objectives, prerequisites, activities, assessment criteria, extension tasks, and gamified exercises.",education,high,8.5,9.2,9.3,8.1,8.7
"Create assessment quizzes for digital literacy including gamified exercises using active learning with peer evaluation. Highlight potential pitfalls. Include metrics or KPIs.  Include objectives, prerequisites, activities, assessment criteria, extension tasks, and gamified exercises.",education,high,8.7,9.7,9.2,8.8,8.5
"Create interactive quizzes for content gap analysis with audience personas with interactive elements for email marketing. Explain to a beginner. Provide step-by-step guidance.  Provide audience personas, keyword clusters, distribution plan, success KPIs, and visual references.",content_creation,high,8.7,9.9,9.9,9.7,7.5
"Develop classroom activities for project-based learning with differentiated activities including assessment criteria. Explain to a beginner. Highlight potential pitfalls.  Include objectives, prerequisites, activities, assessment criteria, extension tasks, and gamified exercises.",education,high,9.5,9.0,8.1,8.4,7.1
"Implement monolith migration with CI/CD pipeline setup including alternative implementations. Suggest best practices. Provide step-by-step guidance.  Include architecture choices, security considerations, testing strategy, deployment steps, and code review notes.",software_engineering,high,8.7,9.5,9.3,8.6,8.3
"Explain fundamentals of Bloom’s taxonomy for blended learning with competency tracking. Explain to a beginner. Consider edge cases.  Include objectives, prerequisites, activities, assessment criteria, extension tasks, and gamified exercises.",education,high,9.9,8.9,8.8,8.4,7.7
"Draft video scripts about landing page copy including conversion optimization tips including keyword research for a product launch. Use real-world examples. Focus on practical applications.  Provide audience personas, keyword clusters, distribution plan, success KPIs, and visual references.",content_creation,high,8.3,8.4,9.2,9.9,7.9
"Develop email campaigns for case study frameworks with tone and style guidelines for email marketing covering multichannel strategy. Explain to a beginner. Highlight potential pitfalls.  Provide audience personas, keyword clusters, distribution plan, success KPIs, and visual references.",content_creation,high,9.8,8.1,9.7,9.0,8.8
"Design a content brief for conversion copywriting for social and blog formats for a product launch with measurable KPIs. Consider edge cases. Use real-world examples.  Provide audience personas, keyword clusters, distribution plan, success KPIs, and visual references.",content_creation,high,9.3,8.4,9.0,8.5,8.7
"Evaluate architecture of Django ORM with CI/CD pipeline setup with architecture diagrams. Explain to a beginner. Include examples.  Include architecture choices, security considerations, testing strategy, deployment steps, and code review notes.",software_engineering,high,8.9,9.2,8.6,9.6,8.0
"Implement security vulnerabilities with diagrams including deployment steps. Provide step-by-step guidance. Include examples.  Include architecture choices, security considerations, testing strategy, deployment steps, and code review notes.",software_engineering,high,9.0,8.5,8.8,9.1,7.2
"Debug Docker containers including pros and cons with architecture diagrams using real-world scenarios. Consider edge cases. Suggest best practices.  Include architecture choices, security considerations, testing strategy, deployment steps, and code review notes.",software_engineering,high,9.5,9.0,9.6,8.6,8.8
"Explain fundamentals of microlearning including real-world examples for high school students. Focus on practical applications. Include metrics or KPIs.  Include objectives, prerequisites, activities, assessment criteria, extension tasks, and gamified exercises.",education,high,9.6,8.3,8.7,8.5,9.0
"Summarize best practices for continuous testing with code examples including pros and cons. Explain to a beginner. Provide step-by-step guidance.  Include architecture choices, security considerations, testing strategy, deployment steps, and code review notes.",software_engineering,high,9.2,9.8,8.2,9.5,8.0
"Conduct load testing for distributed transactions for a production environment with performance considerations. Suggest best practices. Highlight potential pitfalls.  Include architecture choices, security considerations, testing strategy, deployment steps, and code review notes.",software_engineering,high,8.8,9.4,9.6,9.4,8.9
"Explain fundamentals of learning analytics using adaptive learning covering collaborative projects. Provide step-by-step guidance. Suggest best practices.  Include objectives, prerequisites, activities, assessment criteria, extension tasks, and gamified exercises.",education,high,9.9,9.4,9.7,8.6,8.1
"Summarize best practices for caching strategies covering security trade-offs step by step including deployment steps. Include metrics or KPIs. Highlight potential pitfalls.  Include architecture choices, security considerations, testing strategy, deployment steps, and code review notes.",software_engineering,high,8.8,8.7,8.5,10.0,9.0
"Explain fundamentals of project rubrics using active learning with microlearning exercises. Consider edge cases. Explain to a beginner.  Include objectives, prerequisites, activities, assessment criteria, extension tasks, and gamified exercises.",education,high,10.0,8.9,8.0,9.9,7.9
"Plan a webinar on content repurposing for email marketing with audience personas. Include examples. Highlight potential pitfalls.  Provide audience personas, keyword clusters, distribution plan, success KPIs, and visual references.",content_creation,high,8.1,9.9,8.9,9.7,8.0
"Create a lesson plan on digital literacy with differentiated activities with scaffolding guides. Provide step-by-step guidance. Explain to a beginner.  Include objectives, prerequisites, activities, assessment criteria, extension tasks, and gamified exercises.",education,high,8.7,9.5,9.8,9.4,8.0
"Write case studies on SEO content pillars for social and blog formats with audience personas. Provide step-by-step guidance. Suggest best practices.  Provide audience personas, keyword clusters, distribution plan, success KPIs, and visual references.",content_creation,high,8.4,9.1,8.1,9.2,8.1
"Analyze outcomes of peer assessment with microlearning exercises including real-world examples aligned to learning outcomes. Consider edge cases. Suggest best practices.  Include objectives, prerequisites, activities, assessment criteria, extension tasks, and gamified exercises.",education,high,9.0,8.7,10.0,8.1,7.8
"Map a curriculum for instructional design patterns covering collaborative projects including real-world examples including formative checks. Explain to a beginner. Use real-world examples.  Include objectives, prerequisites, activities, assessment criteria, extension tasks, and gamified exercises.",education,high,9.2,9.7,8.8,9.8,8.6
"Create a tutorial on refactoring legacy code for a production environment with code review notes. Include examples. Provide step-by-step guidance.  Include architecture choices, security considerations, testing strategy, deployment steps, and code review notes.",software_engineering,high,9.8,8.5,8.2,9.2,8.8
"Plan a flipped classroom session on learning outcomes including gamified exercises using adaptive learning with remediation ideas. Include examples. Use real-world examples.  Include objectives, prerequisites, activities, assessment criteria, extension tasks, and gamified exercises.",education,high,8.2,9.5,8.9,8.0,7.8
"Summarize techniques for landing page copy covering multichannel strategy with distribution channels. Explain to a beginner. Suggest best practices.  Provide audience personas, keyword clusters, distribution plan, success KPIs, and visual references.",content_creation,high,8.9,8.2,9.0,9.7,7.6
"Analyze outcomes of instructional design patterns for high school students including formative checks. Include metrics or KPIs. Suggest best practices.  Include objectives, prerequisites, activities, assessment criteria, extension tasks, and gamified exercises.",education,high,9.6,8.4,8.4,8.9,8.9
"Compare event-driven systems with security audit checklist step by step. Highlight potential pitfalls. Include examples.  Include architecture choices, security considerations, testing strategy, deployment steps, and code review notes.",software_engineering,high,9.9,8.2,9.6,9.8,8.0
"Outline a guide on viral hooks covering multichannel strategy with visual references. Highlight potential pitfalls. Explain to a beginner.  Provide audience personas, keyword clusters, distribution plan, success KPIs, and visual references.",content_creation,high,9.5,9.3,8.8,8.6,8.0
"Fix bugs in React state management with performance considerations with performance benchmarks for a production environment. Include examples. Use real-world examples.  Include architecture choices, security considerations, testing strategy, deployment steps, and code review notes.",software_engineering,high,8.2,8.8,9.0,8.6,8.7
"Create interactive quizzes for content gap analysis with tone and style guidelines including influencer mentions. Suggest best practices. Include metrics or KPIs.  Provide audience personas, keyword clusters, distribution plan, success KPIs, and visual references.",content_creation,high,8.1,8.2,8.4,8.5,8.8
"Compare approaches to editorial calendars with storytelling frameworks for email marketing. Explain to a beginner. Consider edge cases.  Provide audience personas, keyword clusters, distribution plan, success KPIs, and visual references.",content_creation,high,9.2,9.2,9.4,9.3,7.7
"Optimize performance of distributed transactions with performance benchmarks with performance considerations with security audit checklist. Suggest best practices. Provide step-by-step guidance.  Include architecture choices, security considerations, testing strategy, deployment steps, and code review notes.",software_engineering,high,8.2,9.6,9.0,8.1,7.4
"Debug monitoring dashboards with performance considerations with code examples with performance benchmarks. Focus on practical applications. Explain to a beginner.  Include architecture choices, security considerations, testing strategy, deployment steps, and code review notes.",software_engineering,high,9.4,9.4,8.8,9.8,8.7
"Document feature toggles with security audit checklist with testing strategies covering security trade-offs. Include metrics or KPIs. Include examples.  Include architecture choices, security considerations, testing strategy, deployment steps, and code review notes.",software_engineering,high,9.4,8.6,9.9,9.6,8.7
"Create an editorial plan for brand voice guidelines with engagement metrics for a B2B SaaS brand with storytelling frameworks. Focus on practical applications. Highlight potential pitfalls.  Provide audience personas, keyword clusters, distribution plan, success KPIs, and visual references.",content_creation,high,9.3,8.0,8.6,9.1,7.7
"Compare API versioning covering security trade-offs with performance considerations including deployment steps. Include examples. Provide step-by-step guidance.  Include architecture choices, security considerations, testing strategy, deployment steps, and code review notes.",software_engineering,high,9.9,9.1,9.7,9.1,8.6
"Compare pedagogical methods for Bloom’s taxonomy with scaffolding guides aligned to learning outcomes. Suggest best practices. Explain to a beginner.  Include objectives, prerequisites, activities, assessment criteria, extension tasks, and gamified exercises.",education,high,8.4,9.7,8.8,9.8,7.3
"Create interactive quizzes for keyword clustering with distribution channels covering SEO best practices with audience personas. Focus on practical applications. Include examples.  Provide audience personas, keyword clusters, distribution plan, success KPIs, and visual references.",content_creation,high,8.1,9.5,9.7,8.0,8.2
"Evaluate architecture of bug fixes covering edge cases with architecture diagrams. Include examples. Use real-world examples.  Include architecture choices, security considerations, testing strategy, deployment steps, and code review notes.",software_engineering,high,9.8,8.6,9.3,9.6,7.7
"Analyze trends in product launch copies with distribution channels with tone and style guidelines with audience personas. Explain to a beginner. Include metrics or KPIs.  Provide audience personas, keyword clusters, distribution plan, success KPIs, and visual references.",content_creation,high,8.5,9.8,9.8,9.6,7.4
"Generate a list of brand messaging including influencer mentions including editorial calendar for email marketing. Suggest best practices. Use real-world examples.  Provide audience personas, keyword clusters, distribution plan, success KPIs, and visual references.",content_creation,high,9.4,8.0,8.8,8.9,8.9
"Explain GraphQL schemas covering edge cases with performance benchmarks for a production environment. Consider edge cases. Include examples.  Include architecture choices, security considerations, testing strategy, deployment steps, and code review notes.",software_engineering,high,9.2,8.3,8.2,8.6,7.3
"Audit content for storytelling techniques for a B2B SaaS brand with engagement metrics. Highlight potential pitfalls. Include metrics or KPIs.  Provide audience personas, keyword clusters, distribution plan, success KPIs, and visual references.",content_creation,high,8.4,9.1,10.0,8.3,8.4
"Draft video scripts about editorial calendars with engagement metrics including influencer mentions. Use real-world examples. Focus on practical applications.  Provide audience personas, keyword clusters, distribution plan, success KPIs, and visual references.",content_creation,high,9.6,9.3,9.0,9.3,8.4
"Create interactive quizzes for conversion copywriting covering multichannel strategy for social and blog formats. Include examples. Include metrics or KPIs.  Provide audience personas, keyword clusters, distribution plan, success KPIs, and visual references.",content_creation,high,9.2,9.4,9.8,8.8,7.6
"Analyze Kubernetes with testing strategies including refactoring steps. Include metrics or KPIs. Consider edge cases.  Include architecture choices, security considerations, testing strategy, deployment steps, and code review notes.",software_engineering,high,9.6,9.1,9.8,8.9,8.8
"Design a content brief for engagement metrics with A/B testing suggestions for a product launch. Explain to a beginner. Focus on practical applications.  Provide audience personas, keyword clusters, distribution plan, success KPIs, and visual references.",content_creation,high,10.0,9.2,9.2,8.2,8.5
"Summarize techniques for editorial calendars with examples and templates covering multichannel strategy. Explain to a beginner. Use real-world examples.  Provide audience personas, keyword clusters, distribution plan, success KPIs, and visual references.",content_creation,high,9.3,9.4,8.9,9.4,7.6
"Design microlearning modules on gamified learning with peer evaluation with remediation ideas including assessment criteria. Use real-world examples. Suggest best practices.  Include objectives, prerequisites, activities, assessment criteria, extension tasks, and gamified exercises.",education,high,9.9,8.2,8.2,9.7,7.0
"Create a lesson plan on differentiated instruction aligned to learning outcomes with classroom examples. Focus on practical applications. Consider edge cases.  Include objectives, prerequisites, activities, assessment criteria, extension tasks, and gamified exercises.",education,high,9.0,9.9,8.5,9.5,7.2
"Compare pedagogical methods for project-based learning with peer evaluation covering collaborative projects. Use real-world examples. Focus on practical applications.  Include objectives, prerequisites, activities, assessment criteria, extension tasks, and gamified exercises.",education,high,9.0,9.1,9.7,8.6,7.1
"Fix bugs in continuous testing with performance benchmarks with code examples. Focus on practical applications. Include examples.  Include architecture choices, security considerations, testing strategy, deployment steps, and code review notes.",software_engineering,high,8.8,9.8,8.9,8.9,8.8
"Map a curriculum for learning analytics with classroom examples aligned to learning outcomes. Suggest best practices. Focus on practical applications.  Include objectives, prerequisites, activities, assessment criteria, extension tasks, and gamified exercises.",education,high,9.4,9.6,9.0,8.6,7.5
"Map a curriculum for STEM integration for blended learning with remediation ideas. Use real-world examples. Highlight potential pitfalls.  Include objectives, prerequisites, activities, assessment criteria, extension tasks, and gamified exercises.",education,high,9.6,9.0,9.3,8.3,7.8
"Summarize techniques for keyword clustering including editorial calendar for a B2B SaaS brand with audience personas. Include metrics or KPIs. Include examples.  Provide audience personas, keyword clusters, distribution plan, success KPIs, and visual references.",content_creation,high,9.3,8.8,8.1,9.4,7.7
"Compare approaches to conversion copywriting covering SEO best practices with storytelling frameworks with examples and templates. Use real-world examples. Focus on practical applications.  Provide audience personas, keyword clusters, distribution plan, success KPIs, and visual references.",content_creation,high,9.0,8.5,8.7,9.7,8.1
"Compare approaches to keyword clustering with engagement metrics including editorial calendar. Include metrics or KPIs. Use real-world examples.  Provide audience personas, keyword clusters, distribution plan, success KPIs, and visual references.",content_creation,high,8.0,8.4,9.2,8.1,7.2
"Outline a guide on podcast scripts with visual references for social and blog formats. Highlight potential pitfalls. Include examples.  Provide audience personas, keyword clusters, distribution plan, success KPIs, and visual references.",content_creation,high,8.1,9.9,8.5,9.3,8.2
"Map a curriculum for competency frameworks using active learning with extension tasks with competency tracking. Provide step-by-step guidance. Highlight potential pitfalls.  Include objectives, prerequisites, activities, assessment criteria, extension tasks, and gamified exercises.",education,high,9.1,8.9,8.3,8.3,8.7
"Write a blog post about social media audit including keyword research with interactive elements with tone and style guidelines. Provide step-by-step guidance. Highlight potential pitfalls.  Provide audience personas, keyword clusters, distribution plan, success KPIs, and visual references.",content_creation,high,8.2,9.1,9.2,8.0,7.8
"Document incident response covering edge cases with testing strategies covering security trade-offs. Include examples. Provide step-by-step guidance.  Include architecture choices, security considerations, testing strategy, deployment steps, and code review notes.",software_engineering,high,9.8,8.8,9.7,9.0,7.9
"Develop collaborative projects for adaptive learning including formative checks including gamified exercises. Explain to a beginner. Consider edge cases.  Include objectives, prerequisites, activities, assessment criteria, extension tasks, and gamified exercises.",education,high,8.8,8.5,8.9,9.0,8.8
"Create assessment quizzes for flipped classroom models aligned to learning outcomes using active learning. Include metrics or KPIs. Consider edge cases.  Include objectives, prerequisites, activities, assessment criteria, extension tasks, and gamified exercises.",education,high,9.0,8.1,9.9,9.1,7.5
"Compare pedagogical methods for assessment rubrics aligned to learning outcomes with extension tasks including assessment criteria. Include metrics or KPIs. Consider edge cases.  Include objectives, prerequisites, activities, assessment criteria, extension tasks, and gamified exercises.",education,high,8.2,9.6,8.1,10.0,8.6
"Develop classroom activities for curriculum mapping with differentiated activities for high school students with learning analytics suggestions. Explain to a beginner. Include metrics or KPIs.  Include objectives, prerequisites, activities, assessment criteria, extension tasks, and gamified exercises.",education,high,9.0,9.9,8.3,9.8,7.9
"Facilitate peer review for instructional design patterns for a 45-minute session including gamified exercises aligned to learning outcomes. Include metrics or KPIs. Use real-world examples.  Include objectives, prerequisites, activities, assessment criteria, extension tasks, and gamified exercises.",education,high,8.5,8.4,9.1,8.6,7.3
"Investigate memory leaks in end-to-end testing with testing strategies including deployment steps using real-world scenarios. Provide step-by-step guidance. Include examples.  Include architecture choices, security considerations, testing strategy, deployment steps, and code review notes.",software_engineering,high,9.2,9.9,8.8,8.5,8.4
"Develop gamified exercises on instructional design patterns with microlearning exercises covering collaborative projects. Explain to a beginner. Suggest best practices.  Include objectives, prerequisites, activities, assessment criteria, extension tasks, and gamified exercises.",education,high,9.5,9.2,9.9,9.1,8.9
"Optimize performance of caching strategies including refactoring steps including alternative implementations with code examples. Suggest best practices. Highlight potential pitfalls.  Include architecture choices, security considerations, testing strategy, deployment steps, and code review notes.",software_engineering,high,8.7,10.0,8.5,8.3,7.4
"Compare approaches to podcast scripts with interactive elements for a product launch with storytelling frameworks. Highlight potential pitfalls. Include metrics or KPIs.  Provide audience personas, keyword clusters, distribution plan, success KPIs, and visual references.",content_creation,high,9.6,8.7,8.5,9.6,8.7
"Create a lesson plan on learning analytics including real-world examples including formative checks aligned to learning outcomes. Suggest best practices. Explain to a beginner.  Include objectives, prerequisites, activities, assessment criteria, extension tasks, and gamified exercises.",education,high,8.4,9.6,9.2,8.6,7.3
"Create scaffolding materials for active learning strategies for high school students using adaptive learning. Include metrics or KPIs. Consider edge cases.  Include objectives, prerequisites, activities, assessment criteria, extension tasks, and gamified exercises.",education,high,9.1,9.4,8.2,9.8,8.2
"Map a curriculum for collaborative projects for blended learning including formative checks. Use real-world examples. Highlight potential pitfalls.  Include objectives, prerequisites, activities, assessment criteria, extension tasks, and gamified exercises.",education,high,9.9,9.2,9.3,8.1,7.1
"Draft a content strategy for keyword clustering for a product launch including influencer mentions with tone and style guidelines. Highlight potential pitfalls. Provide step-by-step guidance.  Provide audience personas, keyword clusters, distribution plan, success KPIs, and visual references.",content_creation,high,8.1,8.4,9.1,9.3,8.9
"Create interactive quizzes for multichannel campaigns including keyword research with measurable KPIs for a product launch. Explain to a beginner. Consider edge cases.  Provide audience personas, keyword clusters, distribution plan, success KPIs, and visual references.",content_creation,high,9.2,8.1,9.7,9.5,8.2
"Summarize best practices for security vulnerabilities for a production environment with code examples. Consider edge cases. Use real-world examples.  Include architecture choices, security considerations, testing strategy, deployment steps, and code review notes.",software_engineering,high,9.3,8.1,8.6,8.4,7.8
"Analyze bug fixes covering edge cases with code examples. Suggest best practices. Provide step-by-step guidance.  Include architecture choices, security considerations, testing strategy, deployment steps, and code review notes.",software_engineering,high,8.4,8.4,9.7,8.3,8.8
"Plan a webinar on YouTube scripts including keyword research with A/B testing suggestions covering multichannel strategy. Include metrics or KPIs. Use real-world examples.  Provide audience personas, keyword clusters, distribution plan, success KPIs, and visual references.",content_creation,high,9.3,8.3,10.0,9.0,8.8
"Generate a list of newsletter strategy with audience personas with examples and templates with tone and style guidelines. Use real-world examples. Suggest best practices.  Provide audience personas, keyword clusters, distribution plan, success KPIs, and visual references.",content_creation,high,8.3,8.6,8.2,8.1,7.4
"Draft a unit outline on classroom management including gamified exercises for a 45-minute session with microlearning exercises. Use real-world examples. Consider edge cases.  Include objectives, prerequisites, activities, assessment criteria, extension tasks, and gamified exercises.",education,high,8.5,9.3,9.7,9.5,7.5
"Debug event-driven systems with CI/CD pipeline setup for a production environment with security audit checklist. Focus on practical applications. Include metrics or KPIs.  Include architecture choices, security considerations, testing strategy, deployment steps, and code review notes.",software_engineering,high,9.8,8.9,10.0,8.7,7.1
"Draft a content strategy for content gap analysis including keyword research with visual references with measurable KPIs. Highlight potential pitfalls. Focus on practical applications.  Provide audience personas, keyword clusters, distribution plan, success KPIs, and visual references.",content_creation,high,9.8,8.1,9.7,8.4,8.7
"Write social captions about engagement metrics for a product launch with tone and style guidelines including influencer mentions. Highlight potential pitfalls. Provide step-by-step guidance.  Provide audience personas, keyword clusters, distribution plan, success KPIs, and visual references.",content_creation,high,9.7,8.2,9.9,9.7,8.0
"Develop collaborative projects for instructional design patterns using adaptive learning including formative checks using active learning. Suggest best practices. Provide step-by-step guidance.  Include objectives, prerequisites, activities, assessment criteria, extension tasks, and gamified exercises.",education,high,9.6,9.1,9.2,8.2,8.9
"Document memory leaks with code review notes including deployment steps including alternative implementations. Use real-world examples. Include examples.  Include architecture choices, security considerations, testing strategy, deployment steps, and code review notes.",software_engineering,high,8.5,8.5,8.3,9.2,8.5
"Refactor refactoring legacy code with CI/CD pipeline setup including pros and cons. Include examples. Consider edge cases.  Include architecture choices, security considerations, testing strategy, deployment steps, and code review notes.",software_engineering,high,9.1,9.8,8.7,9.3,8.3
"Develop collaborative projects for active learning strategies with scaffolding guides including assessment criteria with learning analytics suggestions. Explain to a beginner. Highlight potential pitfalls.  Include objectives, prerequisites, activities, assessment criteria, extension tasks, and gamified exercises.",education,high,9.4,8.8,9.8,8.7,7.6
"Write educational guides for microlearning for high school students with classroom examples including formative checks. Suggest best practices. Highlight potential pitfalls.  Include objectives, prerequisites, activities, assessment criteria, extension tasks, and gamified exercises.",education,high,8.2,8.6,8.5,8.3,8.0
"Analyze REST APIs with performance benchmarks with code examples with performance considerations. Explain to a beginner. Include examples.  Include architecture choices, security considerations, testing strategy, deployment steps, and code review notes.",software_engineering,high,9.8,9.9,10.0,8.5,8.8
"Compare memory leaks with CI/CD pipeline setup with diagrams. Consider edge cases. Use real-world examples.  Include architecture choices, security considerations, testing strategy, deployment steps, and code review notes.",software_engineering,high,9.2,8.8,9.7,9.3,8.4
"Optimize copy for SEO viral hooks with visual references covering multichannel strategy. Suggest best practices. Highlight potential pitfalls.  Provide audience personas, keyword clusters, distribution plan, success KPIs, and visual references.",content_creation,high,8.8,8.3,8.8,8.1,7.0
"Write a blog post about conversion copywriting with tone and style guidelines with engagement metrics with examples and templates. Use real-world examples. Explain to a beginner.  Provide audience personas, keyword clusters, distribution plan, success KPIs, and visual references.",content_creation,high,9.3,8.2,8.3,8.3,8.7
"Draft video scripts about A/B testing headlines including editorial calendar with measurable KPIs with storytelling frameworks. Include metrics or KPIs. Focus on practical applications.  Provide audience personas, keyword clusters, distribution plan, success KPIs, and visual references.",content_creation,high,9.9,9.4,9.6,9.7,7.2
"Compare pedagogical methods for educational psychology including assessment criteria with classroom examples with learning analytics suggestions. Focus on practical applications. Explain to a beginner.  Include objectives, prerequisites, activities, assessment criteria, extension tasks, and gamified exercises.",education,high,8.4,8.9,8.2,9.6,8.4
"Design a content brief for YouTube scripts including conversion optimization tips for a product launch. Explain to a beginner. Suggest best practices.  Provide audience personas, keyword clusters, distribution plan, success KPIs, and visual references.",content_creation,high,8.6,8.5,9.6,8.6,7.4
"Automate deployment for end-to-end testing with architecture diagrams using real-world scenarios with testing strategies. Explain to a beginner. Highlight potential pitfalls.  Include architecture choices, security considerations, testing strategy, deployment steps, and code review notes.",software_engineering,high,8.1,9.3,8.1,8.6,8.0
"Draft a unit outline on edtech tools with extension tasks with competency tracking. Suggest best practices. Use real-world examples.  Include objectives, prerequisites, activities, assessment criteria, extension tasks, and gamified exercises.",education,high,9.7,9.9,9.7,9.6,8.6
"Write teacher notes about flipped classroom models with microlearning exercises with classroom examples using active learning. Provide step-by-step guidance. Consider edge cases.  Include objectives, prerequisites, activities, assessment criteria, extension tasks, and gamified exercises.",education,high,8.2,8.3,9.9,9.3,8.2
"Compare approaches to tone and style guides for a product launch including keyword research including influencer mentions. Focus on practical applications. Include metrics or KPIs.  Provide audience personas, keyword clusters, distribution plan, success KPIs, and visual references.",content_creation,high,8.5,9.4,9.1,8.7,7.7
"Design a rubric for digital literacy with remediation ideas including formative checks with microlearning exercises. Provide step-by-step guidance. Highlight potential pitfalls.  Include objectives, prerequisites, activities, assessment criteria, extension tasks, and gamified exercises.",education,high,9.2,8.6,9.1,9.3,7.9
"Write unit tests for logging and observability with performance considerations including alternative implementations. Explain to a beginner. Highlight potential pitfalls.  Include architecture choices, security considerations, testing strategy, deployment steps, and code review notes.",software_engineering,high,9.4,9.6,9.5,8.8,7.4
"Create infographics on case study frameworks with distribution channels including conversion optimization tips with measurable KPIs. Consider edge cases. Focus on practical applications.  Provide audience personas, keyword clusters, distribution plan, success KPIs, and visual references.",content_creation,high,8.0,9.4,9.7,9.0,8.7
"Create interactive quizzes for viral hooks including editorial calendar covering multichannel strategy. Include metrics or KPIs. Provide step-by-step guidance.  Provide audience personas, keyword clusters, distribution plan, success KPIs, and visual references.",content_creation,high,8.2,8.6,10.0,9.6,7.1
"Draft a unit outline on assessment rubrics including gamified exercises including real-world examples for blended learning. Consider edge cases. Suggest best practices.  Include objectives, prerequisites, activities, assessment criteria, extension tasks, and gamified exercises.",education,high,8.1,8.6,9.8,9.5,8.0
"Develop email campaigns for engagement metrics for social and blog formats covering multichannel strategy with tone and style guidelines. Consider edge cases. Highlight potential pitfalls.  Provide audience personas, keyword clusters, distribution plan, success KPIs, and visual references.",content_creation,high,9.5,8.2,9.0,8.4,8.0
"Develop gamified exercises on digital literacy with remediation ideas including real-world examples. Include examples. Include metrics or KPIs.  Include objectives, prerequisites, activities, assessment criteria, extension tasks, and gamified exercises.",education,high,8.8,9.9,9.9,9.3,8.3
"Plan a webinar on thought leadership posts with A/B testing suggestions covering SEO best practices with storytelling frameworks. Provide step-by-step guidance. Consider edge cases.  Provide audience personas, keyword clusters, distribution plan, success KPIs, and visual references.",content_creation,high,8.3,8.7,9.8,8.7,7.2
"Write educational guides for active learning strategies for high school students aligned to learning outcomes including assessment criteria. Include metrics or KPIs. Consider edge cases.  Include objectives, prerequisites, activities, assessment criteria, extension tasks, and gamified exercises.",education,high,8.5,9.7,8.6,8.9,7.1
"Create a lesson plan on instructional design patterns with microlearning exercises using active learning. Include metrics or KPIs. Highlight potential pitfalls.  Include objectives, prerequisites, activities, assessment criteria, extension tasks, and gamified exercises.",education,high,9.9,9.1,9.5,9.6,8.8
"Analyze outcomes of student engagement metrics with competency tracking including real-world examples. Explain to a beginner. Provide step-by-step guidance.  Include objectives, prerequisites, activities, assessment criteria, extension tasks, and gamified exercises.",education,high,8.0,8.1,9.4,9.3,8.3
"Create a tutorial on incident response with security audit checklist with architecture diagrams. Include metrics or KPIs. Highlight potential pitfalls.  Include architecture choices, security considerations, testing strategy, deployment steps, and code review notes.",software_engineering,high,9.0,8.6,9.3,8.1,7.4
"Produce a podcast episode on blog topic clusters with interactive elements covering multichannel strategy including influencer mentions. Include metrics or KPIs. Focus on practical applications.  Provide audience personas, keyword clusters, distribution plan, success KPIs, and visual references.",content_creation,high,9.3,9.2,8.4,8.4,8.6
"Create an editorial plan for infographic design with interactive elements including editorial calendar including conversion optimization tips. Include examples. Consider edge cases.  Provide audience personas, keyword clusters, distribution plan, success KPIs, and visual references.",content_creation,high,9.6,10.0,8.7,8.2,9.0
"Create a tutorial on bug fixes including refactoring steps with code examples. Provide step-by-step guidance. Include metrics or KPIs.  Include architecture choices, security considerations, testing strategy, deployment steps, and code review notes.",software_engineering,high,9.1,9.2,8.2,8.5,7.5
"Develop email campaigns for visual storytelling for email marketing for social and blog formats with visual references. Provide step-by-step guidance. Explain to a beginner.  Provide audience personas, keyword clusters, distribution plan, success KPIs, and visual references.",content_creation,high,8.6,8.7,9.0,8.1,8.8
"Compare pedagogical methods for competency frameworks with scaffolding guides with competency tracking using active learning. Use real-world examples. Include examples.  Include objectives, prerequisites, activities, assessment criteria, extension tasks, and gamified exercises.",education,high,9.0,8.1,10.0,8.6,7.9
"Design adaptive learning modules for gamified learning covering collaborative projects with scaffolding guides. Use real-world examples. Consider edge cases.  Include objectives, prerequisites, activities, assessment criteria, extension tasks, and gamified exercises.",education,high,9.8,8.6,8.5,9.1,7.5
"Plan a flipped classroom session on differentiated instruction using adaptive learning with learning analytics suggestions including real-world examples. Consider edge cases. Use real-world examples.  Include objectives, prerequisites, activities, assessment criteria, extension tasks, and gamified exercises.",education,high,8.2,9.2,9.6,9.1,7.6
"Develop gamified exercises on adaptive learning using adaptive learning aligned to learning outcomes with classroom examples. Focus on practical applications. Include metrics or KPIs.  Include objectives, prerequisites, activities, assessment criteria, extension tasks, and gamified exercises.",education,high,9.1,9.0,8.0,8.5,8.0
"Optimize performance of end-to-end testing with diagrams with security audit checklist. Include examples. Explain to a beginner.  Include architecture choices, security considerations, testing strategy, deployment steps, and code review notes.",software_engineering,high,8.1,8.5,9.3,8.5,7.7
"Compare approaches to SEO content pillars including editorial calendar covering SEO best practices covering multichannel strategy. Include metrics or KPIs. Explain to a beginner.  Provide audience personas, keyword clusters, distribution plan, success KPIs, and visual references.",content_creation,high,8.8,8.6,8.1,9.8,8.0
"Optimize copy for SEO thought leadership posts with audience personas for email marketing with engagement metrics. Explain to a beginner. Include metrics or KPIs.  Provide audience personas, keyword clusters, distribution plan, success KPIs, and visual references.",content_creation,high,8.4,9.1,8.3,9.2,7.6
"Plan a flipped classroom session on digital literacy for blended learning covering collaborative projects. Include examples. Suggest best practices.  Include objectives, prerequisites, activities, assessment criteria, extension tasks, and gamified exercises.",education,high,8.6,9.4,9.5,9.5,7.3
"Analyze outcomes of lesson objectives with extension tasks with peer evaluation including assessment criteria. Provide step-by-step guidance. Include examples.  Include objectives, prerequisites, activities, assessment criteria, extension tasks, and gamified exercises.",education,high,8.9,10.0,8.5,8.9,7.7
"Produce a podcast episode on keyword clustering with examples and templates for email marketing with visual references. Highlight potential pitfalls. Provide step-by-step guidance.  Provide audience personas, keyword clusters, distribution plan, success KPIs, and visual references.",content_creation,high,9.4,8.2,9.2,9.8,7.5
"Outline a guide on podcast scripts with interactive elements with audience personas. Highlight potential pitfalls. Focus on practical applications.  Provide audience personas, keyword clusters, distribution plan, success KPIs, and visual references.",content_creation,high,9.9,8.3,9.3,9.7,7.2
"Document performance profiling with code review notes with detailed bug analysis covering security trade-offs. Provide step-by-step guidance. Include examples.  Include architecture choices, security considerations, testing strategy, deployment steps, and code review notes.",software_engineering,high,9.5,8.0,8.7,9.7,8.0
"Design Django ORM including refactoring steps covering edge cases. Provide step-by-step guidance. Use real-world examples.  Include architecture choices, security considerations, testing strategy, deployment steps, and code review notes.",software_engineering,high,8.4,8.4,8.9,9.5,7.4
"Summarize techniques for keyword clustering with measurable KPIs for a product launch. Focus on practical applications. Provide step-by-step guidance.  Provide audience personas, keyword clusters, distribution plan, success KPIs, and visual references.",content_creation,high,9.2,8.5,9.3,8.5,8.2
"Design a rubric for blended learning for high school students using active learning. Include metrics or KPIs. Explain to a beginner.  Include objectives, prerequisites, activities, assessment criteria, extension tasks, and gamified exercises.",education,high,9.6,9.3,8.9,10.0,7.9
"Create assessment quizzes for project-based learning aligned to learning outcomes with microlearning exercises with classroom examples. Include metrics or KPIs. Highlight potential pitfalls.  Include objectives, prerequisites, activities, assessment criteria, extension tasks, and gamified exercises.",education,high,9.0,9.9,8.3,8.6,8.1
"Write case studies on conversion copywriting with visual references for social and blog formats with interactive elements. Explain to a beginner. Provide step-by-step guidance.  Provide audience personas, keyword clusters, distribution plan, success KPIs, and visual references.",content_creation,high,9.6,9.3,8.6,9.3,8.0
"Design adaptive learning modules for collaborative projects covering collaborative projects with extension tasks. Consider edge cases. Use real-world examples.  Include objectives, prerequisites, activities, assessment criteria, extension tasks, and gamified exercises.",education,high,9.6,9.4,9.1,8.0,7.2
"Write educational guides for microlearning for high school students with competency tracking. Focus on practical applications. Include examples.  Include objectives, prerequisites, activities, assessment criteria, extension tasks, and gamified exercises.",education,high,9.7,9.5,8.7,9.4,7.5
"Compare approaches to thought leadership posts for social and blog formats including editorial calendar. Highlight potential pitfalls. Use real-world examples.  Provide audience personas, keyword clusters, distribution plan, success KPIs, and visual references.",content_creation,high,8.7,9.3,9.3,8.3,7.6
"Debug code reviews with diagrams with CI/CD pipeline setup including refactoring steps. Provide step-by-step guidance. Explain to a beginner.  Include architecture choices, security considerations, testing strategy, deployment steps, and code review notes.",software_engineering,high,9.3,9.0,8.5,8.3,7.3
"Design visual assets for YouTube scripts with distribution channels covering SEO best practices. Focus on practical applications. Consider edge cases.  Provide audience personas, keyword clusters, distribution plan, success KPIs, and visual references.",content_creation,high,9.5,9.4,8.6,9.3,8.7
"Plan a flipped classroom session on classroom management for blended learning with extension tasks with differentiated activities. Highlight potential pitfalls. Explain to a beginner.  Include objectives, prerequisites, activities, assessment criteria, extension tasks, and gamified exercises.",education,high,9.6,9.4,9.3,8.6,8.9
"Develop email campaigns for conversion copywriting with A/B testing suggestions covering multichannel strategy. Highlight potential pitfalls. Include examples.  Provide audience personas, keyword clusters, distribution plan, success KPIs, and visual references.",content_creation,high,8.6,8.9,9.9,9.6,8.9
"Draft a unit outline on microlearning with peer evaluation including formative checks. Include metrics or KPIs. Suggest best practices.  Include objectives, prerequisites, activities, assessment criteria, extension tasks, and gamified exercises.",education,high,9.5,9.2,8.9,9.1,8.0
"Draft a unit outline on inclusive pedagogy using adaptive learning using active learning with competency tracking. Include examples. Explain to a beginner.  Include objectives, prerequisites, activities, assessment criteria, extension tasks, and gamified exercises.",education,high,8.2,8.6,8.4,8.6,7.9
"Write teacher notes about educational psychology using adaptive learning for a 45-minute session including gamified exercises. Focus on practical applications. Explain to a beginner.  Include objectives, prerequisites, activities, assessment criteria, extension tasks, and gamified exercises.",education,high,9.4,9.0,9.1,8.2,7.4
"Develop classroom activities for STEM integration for blended learning with differentiated activities. Focus on practical applications. Provide step-by-step guidance.  Include objectives, prerequisites, activities, assessment criteria, extension tasks, and gamified exercises.",education,high,8.7,8.5,9.7,9.4,7.4
"Create a lesson plan on student engagement metrics with extension tasks with microlearning exercises for a 45-minute session. Include examples. Focus on practical applications.  Include objectives, prerequisites, activities, assessment criteria, extension tasks, and gamified exercises.",education,high,8.8,9.4,8.4,8.7,7.8
"Create assessment quizzes for instructional scaffolding including formative checks using active learning including assessment criteria. Provide step-by-step guidance. Explain to a beginner.  Include objectives, prerequisites, activities, assessment criteria, extension tasks, and gamified exercises.",education,high,8.8,9.3,8.5,8.7,7.8
"Develop collaborative projects for peer assessment using active learning for a 45-minute session with microlearning exercises. Focus on practical applications. Use real-world examples.  Include objectives, prerequisites, activities, assessment criteria, extension tasks, and gamified exercises.",education,high,8.3,8.7,8.7,8.3,7.3
"Facilitate peer review for critical thinking exercises including assessment criteria with differentiated activities with classroom examples. Use real-world examples. Highlight potential pitfalls.  Include objectives, prerequisites, activities, assessment criteria, extension tasks, and gamified exercises.",education,high,9.9,9.6,9.4,9.1,7.4
"Plan a flipped classroom session on differentiated instruction using adaptive learning covering collaborative projects. Provide step-by-step guidance. Include examples.  Include objectives, prerequisites, activities, assessment criteria, extension tasks, and gamified exercises.",education,high,8.5,9.0,9.1,8.1,8.2
"Develop gamified exercises on adaptive learning for a 45-minute session with peer evaluation. Provide step-by-step guidance. Focus on practical applications.  Include objectives, prerequisites, activities, assessment criteria, extension tasks, and gamified exercises.",education,high,9.6,9.1,8.5,8.1,8.9
"Evaluate architecture of event-driven systems including alternative implementations with performance benchmarks including deployment steps. Use real-world examples. Highlight potential pitfalls.  Include architecture choices, security considerations, testing strategy, deployment steps, and code review notes.",software_engineering,high,9.1,10.0,8.4,9.7,7.3
"Refactor OpenID Connect with security audit checklist with performance considerations including alternative implementations. Include examples. Include metrics or KPIs.  Include architecture choices, security considerations, testing strategy, deployment steps, and code review notes.",software_engineering,high,8.5,9.6,8.7,9.1,8.4
"Write unit tests for bug fixes with CI/CD pipeline setup with testing strategies including pros and cons. Include metrics or KPIs. Suggest best practices.  Include architecture choices, security considerations, testing strategy, deployment steps, and code review notes.",software_engineering,high,8.3,9.5,8.6,8.3,7.6
"Design visual assets for thought leadership posts including editorial calendar covering SEO best practices. Suggest best practices. Explain to a beginner.  Provide audience personas, keyword clusters, distribution plan, success KPIs, and visual references.",content_creation,high,8.4,9.2,9.4,8.6,7.3
"Review code for Kubernetes for a production environment with code examples. Suggest best practices. Include examples.  Include architecture choices, security considerations, testing strategy, deployment steps, and code review notes.",software_engineering,high,8.1,8.1,8.2,9.0,8.2
"Design microlearning modules on project rubrics for high school students aligned to learning outcomes. Provide step-by-step guidance. Include examples.  Include objectives, prerequisites, activities, assessment criteria, extension tasks, and gamified exercises.",education,high,9.3,8.9,8.9,9.8,8.6
"Facilitate peer review for instructional design patterns using active learning for blended learning with scaffolding guides. Provide step-by-step guidance. Use real-world examples.  Include objectives, prerequisites, activities, assessment criteria, extension tasks, and gamified exercises.",education,high,9.6,9.9,9.4,8.5,7.7
"Summarize best practices for OAuth 2.0 with diagrams with debugging tips. Provide step-by-step guidance. Use real-world examples.  Include architecture choices, security considerations, testing strategy, deployment steps, and code review notes.",software_engineering,high,8.4,9.3,9.6,8.2,7.9
"Compare pedagogical methods for lesson objectives with classroom examples including gamified exercises. Focus on practical applications. Highlight potential pitfalls.  Include objectives, prerequisites, activities, assessment criteria, extension tasks, and gamified exercises.",education,high,9.5,9.1,8.3,9.7,8.3
"Write case studies on brand voice guidelines covering SEO best practices for social and blog formats with A/B testing suggestions. Highlight potential pitfalls. Explain to a beginner.  Provide audience personas, keyword clusters, distribution plan, success KPIs, and visual references.",content_creation,high,9.8,8.9,8.4,9.5,8.1
"Outline a guide on email drip campaigns covering SEO best practices for a B2B SaaS brand. Focus on practical applications. Use real-world examples.  Provide audience personas, keyword clusters, distribution plan, success KPIs, and visual references.",content_creation,high,9.6,9.2,8.7,9.9,7.1
"Fix bugs in Node.js with Express including refactoring steps with testing strategies. Include metrics or KPIs. Consider edge cases.  Include architecture choices, security considerations, testing strategy, deployment steps, and code review notes.",software_engineering,high,8.5,9.3,8.3,8.1,8.5
"Document GraphQL schemas including pros and cons for a production environment. Consider edge cases. Use real-world examples.  Include architecture choices, security considerations, testing strategy, deployment steps, and code review notes.",software_engineering,high,8.9,9.1,9.9,9.0,8.7
"Review code for static code analysis using real-world scenarios with security audit checklist with code examples. Focus on practical applications. Use real-world examples.  Include architecture choices, security considerations, testing strategy, deployment steps, and code review notes.",software_engineering,high,8.4,9.2,9.1,9.5,7.2
"Fix bugs in Python FastAPI including pros and cons including alternative implementations step by step. Consider edge cases. Suggest best practices.  Include architecture choices, security considerations, testing strategy, deployment steps, and code review notes.",software_engineering,high,8.9,8.3,9.1,8.4,7.2
"Analyze feature toggles including pros and cons with code review notes including alternative implementations. Focus on practical applications. Provide step-by-step guidance.  Include architecture choices, security considerations, testing strategy, deployment steps, and code review notes.",software_engineering,high,10.0,9.0,9.5,9.5,7.5
"Create infographics on content repurposing covering SEO best practices for email marketing. Use real-world examples. Explain to a beginner.  Provide audience personas, keyword clusters, distribution plan, success KPIs, and visual references.",content_creation,high,8.6,9.5,8.8,9.9,7.5
"Develop classroom activities for edtech tools including formative checks including assessment criteria including gamified exercises. Include examples. Consider edge cases.  Include objectives, prerequisites, activities, assessment criteria, extension tasks, and gamified exercises.",education,high,8.9,8.9,8.5,8.4,8.7
"Review code for database indexing including alternative implementations for a production environment. Explain to a beginner. Highlight potential pitfalls.  Include architecture choices, security considerations, testing strategy, deployment steps, and code review notes.",software_engineering,high,9.8,9.0,8.1,8.8,8.2
"Write educational guides for STEM integration including assessment criteria covering collaborative projects for high school students. Suggest best practices. Consider edge cases.  Include objectives, prerequisites, activities, assessment criteria, extension tasks, and gamified exercises.",education,high,9.3,9.6,9.3,9.8,7.7
"Implement event-driven systems with CI/CD pipeline setup including alternative implementations. Include metrics or KPIs. Focus on practical applications.  Include architecture choices, security considerations, testing strategy, deployment steps, and code review notes.",software_engineering,high,9.8,9.5,8.7,9.5,7.1
"Draft a content strategy for interactive content covering multichannel strategy with interactive elements with A/B testing suggestions. Consider edge cases. Focus on practical applications.  Provide audience personas, keyword clusters, distribution plan, success KPIs, and visual references.",content_creation,high,8.3,9.5,9.6,8.9,8.4
"Assess student performance in collaborative projects including real-world examples including formative checks with scaffolding guides. Suggest best practices. Consider edge cases.  Include objectives, prerequisites, activities, assessment criteria, extension tasks, and gamified exercises.",education,high,8.5,9.8,9.0,8.9,7.5
"Evaluate architecture of OpenID Connect with testing strategies including deployment steps. Include examples. Include metrics or KPIs.  Include architecture choices, security considerations, testing strategy, deployment steps, and code review notes.",software_engineering,high,9.3,9.3,8.4,9.3,8.3
"Review code for feature toggles including deployment steps with performance benchmarks. Provide step-by-step guidance. Focus on practical applications.  Include architecture choices, security considerations, testing strategy, deployment steps, and code review notes.",software_engineering,high,10.0,9.4,8.8,9.3,9.0
"Create interactive quizzes for content repurposing including editorial calendar for a product launch covering multichannel strategy. Suggest best practices. Highlight potential pitfalls.  Provide audience personas, keyword clusters, distribution plan, success KPIs, and visual references.",content_creation,high,8.1,9.7,9.1,8.3,8.4
"Create a tutorial on Node.js with Express with CI/CD pipeline setup with code examples with diagrams. Include metrics or KPIs. Suggest best practices.  Include architecture choices, security considerations, testing strategy, deployment steps, and code review notes.",software_engineering,high,9.9,9.3,9.9,9.3,7.8
"Optimize performance of incident response with CI/CD pipeline setup step by step with detailed bug analysis. Provide step-by-step guidance. Highlight potential pitfalls.  Include architecture choices, security considerations, testing strategy, deployment steps, and code review notes.",software_engineering,high,8.3,8.9,9.8,9.5,7.4
"Design a rubric for lesson objectives with competency tracking with remediation ideas with learning analytics suggestions. Highlight potential pitfalls. Provide step-by-step guidance.  Include objectives, prerequisites, activities, assessment criteria, extension tasks, and gamified exercises.",education,high,8.3,8.6,10.0,9.6,7.5
"Write social captions about blog topic clusters with visual references covering SEO best practices. Focus on practical applications. Explain to a beginner.  Provide audience personas, keyword clusters, distribution plan, success KPIs, and visual references.",content_creation,high,9.0,9.6,9.0,8.6,7.7
"Compare GraphQL schemas with testing strategies with debugging tips. Suggest best practices. Explain to a beginner.  Include architecture choices, security considerations, testing strategy, deployment steps, and code review notes.",software_engineering,high,9.1,9.0,8.9,8.5,8.3
"Design microservices including refactoring steps with testing strategies with architecture diagrams. Consider edge cases. Explain to a beginner.  Include architecture choices, security considerations, testing strategy, deployment steps, and code review notes.",software_engineering,high,8.6,9.8,8.3,8.4,8.4
"Analyze end-to-end testing with testing strategies including pros and cons. Use real-world examples. Include metrics or KPIs.  Include architecture choices, security considerations, testing strategy, deployment steps, and code review notes.",software_engineering,high,9.5,8.5,8.3,8.2,9.0
"Refactor microservices for a production environment with CI/CD pipeline setup including alternative implementations. Highlight potential pitfalls. Include examples.  Include architecture choices, security considerations, testing strategy, deployment steps, and code review notes.",software_engineering,high,9.8,9.1,9.1,9.1,8.3
"Evaluate architecture of Node.js with Express with code examples with testing strategies. Focus on practical applications. Use real-world examples.  Include architecture choices, security considerations, testing strategy, deployment steps, and code review notes.",software_engineering,high,8.2,8.5,8.8,9.2,8.8
"Analyze outcomes of project rubrics with microlearning exercises for a 45-minute session including real-world examples. Highlight potential pitfalls. Include examples.  Include objectives, prerequisites, activities, assessment criteria, extension tasks, and gamified exercises.",education,high,9.4,9.1,8.1,8.4,8.2
"Summarize best practices for end-to-end testing including pros and cons with code review notes. Consider edge cases. Suggest best practices.  Include architecture choices, security considerations, testing strategy, deployment steps, and code review notes.",software_engineering,high,9.6,8.9,8.1,8.9,7.8
"Audit content for case study frameworks with storytelling frameworks with audience personas with measurable KPIs. Suggest best practices. Include examples.  Provide audience personas, keyword clusters, distribution plan, success KPIs, and visual references.",content_creation,high,8.0,8.1,9.2,8.3,7.3
"Summarize best practices for bug fixes using real-world scenarios including refactoring steps. Highlight potential pitfalls. Use real-world examples.  Include architecture choices, security considerations, testing strategy, deployment steps, and code review notes.",software_engineering,high,8.0,8.6,9.2,8.6,8.5
"Create scaffolding materials for flipped classroom models including formative checks with remediation ideas including real-world examples. Explain to a beginner. Focus on practical applications.  Include objectives, prerequisites, activities, assessment criteria, extension tasks, and gamified exercises.",education,high,10.0,8.9,9.4,9.8,7.1
"Implement caching strategies with performance benchmarks with code examples. Include metrics or KPIs. Include examples.  Include architecture choices, security considerations, testing strategy, deployment steps, and code review notes.",software_engineering,high,8.7,8.5,9.5,8.5,7.9
"Design microlearning modules on STEM integration including gamified exercises including assessment criteria. Provide step-by-step guidance. Include metrics or KPIs.  Include objectives, prerequisites, activities, assessment criteria, extension tasks, and gamified exercises.",education,high,8.5,9.3,8.2,9.9,7.8
"Conduct load testing for dependency injection covering edge cases covering security trade-offs. Use real-world examples. Highlight potential pitfalls.  Include architecture choices, security considerations, testing strategy, deployment steps, and code review notes.",software_engineering,high,8.0,9.7,9.1,8.3,7.1
"Fix bugs in microservices with CI/CD pipeline setup using real-world scenarios with performance considerations. Highlight potential pitfalls. Use real-world examples.  Include architecture choices, security considerations, testing strategy, deployment steps, and code review notes.",software_engineering,high,8.5,10.0,9.1,9.9,7.2
"Create a lesson plan on competency frameworks using adaptive learning covering collaborative projects. Include metrics or KPIs. Focus on practical applications.  Include objectives, prerequisites, activities, assessment criteria, extension tasks, and gamified exercises.",education,high,8.9,9.0,8.7,10.0,7.7
"Automate deployment for Docker containers covering security trade-offs with performance benchmarks including deployment steps. Suggest best practices. Consider edge cases.  Include architecture choices, security considerations, testing strategy, deployment steps, and code review notes.",software_engineering,high,9.9,8.4,9.7,9.3,8.0
"Produce a podcast episode on content repurposing with engagement metrics covering multichannel strategy with audience personas. Explain to a beginner. Include examples.  Provide audience personas, keyword clusters, distribution plan, success KPIs, and visual references.",content_creation,high,8.8,9.8,8.1,8.8,7.2
"Fix bugs in REST APIs covering security trade-offs with security audit checklist. Suggest best practices. Focus on practical applications.  Include architecture choices, security considerations, testing strategy, deployment steps, and code review notes.",software_engineering,high,8.1,9.2,8.1,10.0,7.9
"Create infographics on multichannel campaigns including conversion optimization tips including keyword research covering multichannel strategy. Explain to a beginner. Use real-world examples.  Provide audience personas, keyword clusters, distribution plan, success KPIs, and visual references.",content_creation,high,8.7,8.5,9.0,9.8,8.7
"Optimize copy for SEO newsletter strategy with interactive elements with distribution channels. Explain to a beginner. Consider edge cases.  Provide audience personas, keyword clusters, distribution plan, success KPIs, and visual references.",content_creation,high,9.8,8.7,9.9,9.5,8.6
"Optimize performance of refactoring legacy code with performance benchmarks with security audit checklist with code review notes. Use real-world examples. Include metrics or KPIs.  Include architecture choices, security considerations, testing strategy, deployment steps, and code review notes.",software_engineering,high,9.7,9.3,9.7,8.7,8.1
"Summarize techniques for SEO content pillars including editorial calendar including keyword research with A/B testing suggestions. Provide step-by-step guidance. Use real-world examples.  Provide audience personas, keyword clusters, distribution plan, success KPIs, and visual references.",content_creation,high,8.9,9.0,8.3,8.1,8.7
"Write a blog post about newsletter strategy including conversion optimization tips with audience personas. Focus on practical applications. Explain to a beginner.  Provide audience personas, keyword clusters, distribution plan, success KPIs, and visual references.",content_creation,high,9.1,9.6,9.4,8.4,8.5
"Analyze trends in keyword clustering with engagement metrics with interactive elements. Use real-world examples. Focus on practical applications.  Provide audience personas, keyword clusters, distribution plan, success KPIs, and visual references.",content_creation,high,9.0,9.6,8.2,9.6,7.9
"Fix bugs in OAuth 2.0 including deployment steps with code review notes with architecture diagrams. Suggest best practices. Use real-world examples.  Include architecture choices, security considerations, testing strategy, deployment steps, and code review notes.",software_engineering,high,8.5,9.0,9.1,9.5,8.2
"Optimize copy for SEO influencer collaborations with measurable KPIs covering SEO best practices. Include metrics or KPIs. Include examples.  Provide audience personas, keyword clusters, distribution plan, success KPIs, and visual references.",content_creation,high,9.6,9.7,8.3,9.5,7.2
"Develop email campaigns for storytelling techniques covering SEO best practices for social and blog formats. Suggest best practices. Include examples.  Provide audience personas, keyword clusters, distribution plan, success KPIs, and visual references.",content_creation,high,8.2,9.2,8.8,9.9,8.8
"Design adaptive learning modules for classroom management including formative checks with scaffolding guides including gamified exercises. Consider edge cases. Suggest best practices.  Include objectives, prerequisites, activities, assessment criteria, extension tasks, and gamified exercises.",education,high,8.7,8.8,8.2,9.0,7.3
"Configure CI/CD for API versioning with security audit checklist including refactoring steps. Suggest best practices. Include examples.  Include architecture choices, security considerations, testing strategy, deployment steps, and code review notes.",software_engineering,high,8.6,9.9,8.9,9.4,8.7
"Assess security for caching strategies with architecture diagrams step by step with CI/CD pipeline setup. Consider edge cases. Suggest best practices.  Include architecture choices, security considerations, testing strategy, deployment steps, and code review notes.",software_engineering,high,8.1,9.0,9.8,9.8,8.8
"Outline a guide on podcast scripts for a product launch including influencer mentions. Provide step-by-step guidance. Use real-world examples.  Provide audience personas, keyword clusters, distribution plan, success KPIs, and visual references.",content_creation,high,9.6,9.0,9.9,9.3,7.5
"Debug database indexing covering security trade-offs with testing strategies. Include metrics or KPIs. Focus on practical applications.  Include architecture choices, security considerations, testing strategy, deployment steps, and code review notes.",software_engineering,high,9.0,8.5,9.4,8.8,7.7
"Draft a unit outline on differentiated instruction using adaptive learning with extension tasks. Consider edge cases. Focus on practical applications.  Include objectives, prerequisites, activities, assessment criteria, extension tasks, and gamified exercises.",education,high,8.1,9.2,8.9,8.2,7.7
"Assess student performance in instructional scaffolding including gamified exercises including formative checks with remediation ideas. Focus on practical applications. Include metrics or KPIs.  Include objectives, prerequisites, activities, assessment criteria, extension tasks, and gamified exercises.",education,high,9.7,9.4,9.7,8.1,7.6
"Write social captions about conversion copywriting with engagement metrics for social and blog formats. Include examples. Include metrics or KPIs.  Provide audience personas, keyword clusters, distribution plan, success KPIs, and visual references.",content_creation,high,10.0,8.7,8.1,9.3,7.5
"Write case studies on infographic design covering SEO best practices for email marketing with visual references. Use real-world examples. Suggest best practices.  Provide audience personas, keyword clusters, distribution plan, success KPIs, and visual references.",content_creation,high,9.2,9.8,9.2,8.0,7.3
"Debug refactoring legacy code with performance considerations with code review notes. Provide step-by-step guidance. Explain to a beginner.  Include architecture choices, security considerations, testing strategy, deployment steps, and code review notes.",software_engineering,high,8.0,9.8,9.5,8.3,8.8
"Compare pedagogical methods for assessment rubrics with remediation ideas with learning analytics suggestions. Include metrics or KPIs. Highlight potential pitfalls.  Include objectives, prerequisites, activities, assessment criteria, extension tasks, and gamified exercises.",education,high,8.7,8.9,8.5,8.7,8.7
"Develop gamified exercises on collaborative projects with microlearning exercises for a 45-minute session with competency tracking. Include metrics or KPIs. Consider edge cases.  Include objectives, prerequisites, activities, assessment criteria, extension tasks, and gamified exercises.",education,high,8.4,8.6,8.6,8.5,8.8
"Review code for CI/CD pipelines covering security trade-offs with testing strategies including pros and cons. Include metrics or KPIs. Suggest best practices.  Include architecture choices, security considerations, testing strategy, deployment steps, and code review notes.",software_engineering,high,8.9,8.4,8.1,9.9,8.8
"Fix bugs in React state management covering security trade-offs with code review notes. Suggest best practices. Focus on practical applications.  Include architecture choices, security considerations, testing strategy, deployment steps, and code review notes.",software_engineering,high,9.2,9.3,8.4,9.7,7.6
"Explain Django ORM with performance benchmarks using real-world scenarios with code review notes. Provide step-by-step guidance. Include examples.  Include architecture choices, security considerations, testing strategy, deployment steps, and code review notes.",software_engineering,high,9.9,8.7,9.6,9.2,7.7
"Write teacher notes about critical thinking exercises with extension tasks with scaffolding guides. Provide step-by-step guidance. Consider edge cases.  Include objectives, prerequisites, activities, assessment criteria, extension tasks, and gamified exercises.",education,high,9.2,8.5,9.8,9.0,8.8
"Optimize copy for SEO social media hooks with distribution channels for a B2B SaaS brand with examples and templates. Suggest best practices. Explain to a beginner.  Provide audience personas, keyword clusters, distribution plan, success KPIs, and visual references.",content_creation,high,9.8,8.4,9.8,10.0,7.0
"Design adaptive learning modules for digital literacy for high school students including gamified exercises including assessment criteria. Highlight potential pitfalls. Include examples.  Include objectives, prerequisites, activities, assessment criteria, extension tasks, and gamified exercises.",education,high,8.7,8.5,8.9,9.1,8.3
"Assess student performance in instructional scaffolding including real-world examples with extension tasks. Include metrics or KPIs. Highlight potential pitfalls.  Include objectives, prerequisites, activities, assessment criteria, extension tasks, and gamified exercises.",education,high,9.8,9.9,9.1,8.6,8.8
"Develop collaborative projects for collaborative projects with differentiated activities using active learning. Include metrics or KPIs. Suggest best practices.  Include objectives, prerequisites, activities, assessment criteria, extension tasks, and gamified exercises.",education,high,8.4,9.9,8.7,9.1,7.6
"Summarize best practices for end-to-end testing including pros and cons using real-world scenarios with diagrams. Suggest best practices. Include examples.  Include architecture choices, security considerations, testing strategy, deployment steps, and code review notes.",software_engineering,high,9.0,9.6,8.2,9.6,7.8
"Write unit tests for static code analysis with code review notes covering security trade-offs. Focus on practical applications. Suggest best practices.  Include architecture choices, security considerations, testing strategy, deployment steps, and code review notes.",software_engineering,high,8.2,8.4,9.6,8.9,7.2
"Draft a proposal for distributed transactions with detailed bug analysis covering security trade-offs with diagrams. Focus on practical applications. Include examples.  Include architecture choices, security considerations, testing strategy, deployment steps, and code review notes.",software_engineering,high,8.3,8.2,9.7,8.4,7.8
"Plan a migration for REST APIs with code review notes with CI/CD pipeline setup including refactoring steps. Provide step-by-step guidance. Focus on practical applications.  Include architecture choices, security considerations, testing strategy, deployment steps, and code review notes.",software_engineering,high,8.4,9.0,8.6,9.1,8.1
"Assess security for TypeScript types with detailed bug analysis with performance benchmarks. Provide step-by-step guidance. Explain to a beginner.  Include architecture choices, security considerations, testing strategy, deployment steps, and code review notes.",software_engineering,high,8.5,9.2,8.7,9.0,8.2
"Fix bugs in memory leaks with testing strategies with CI/CD pipeline setup. Highlight potential pitfalls. Explain to a beginner.  Include architecture choices, security considerations, testing strategy, deployment steps, and code review notes.",software_engineering,high,8.6,8.3,9.1,9.8,7.7
"Develop collaborative projects for critical thinking exercises including formative checks for blended learning including gamified exercises. Provide step-by-step guidance. Focus on practical applications.  Include objectives, prerequisites, activities, assessment criteria, extension tasks, and gamified exercises.",education,high,8.8,8.6,9.6,9.4,7.9
"Design a rubric for classroom management including gamified exercises for blended learning with remediation ideas. Suggest best practices. Use real-world examples.  Include objectives, prerequisites, activities, assessment criteria, extension tasks, and gamified exercises.",education,high,9.4,8.7,9.1,9.7,8.6
"Design adaptive learning modules for assessment rubrics aligned to learning outcomes using active learning including formative checks. Focus on practical applications. Consider edge cases.  Include objectives, prerequisites, activities, assessment criteria, extension tasks, and gamified exercises.",education,high,9.7,9.0,8.7,9.0,7.5
"Plan a migration for clean architecture including deployment steps with performance considerations. Consider edge cases. Focus on practical applications.  Include architecture choices, security considerations, testing strategy, deployment steps, and code review notes.",software_engineering,high,8.0,8.0,8.2,8.8,8.2
"Write teacher notes about edtech tools with microlearning exercises with classroom examples. Provide step-by-step guidance. Explain to a beginner.  Include objectives, prerequisites, activities, assessment criteria, extension tasks, and gamified exercises.",education,high,9.3,9.4,8.5,8.2,8.1
"Develop gamified exercises on critical thinking exercises including assessment criteria with extension tasks. Explain to a beginner. Suggest best practices.  Include objectives, prerequisites, activities, assessment criteria, extension tasks, and gamified exercises.",education,high,9.6,9.1,9.6,9.6,8.6
"Design visual assets for case study frameworks for social and blog formats for email marketing. Use real-world examples. Include examples.  Provide audience personas, keyword clusters, distribution plan, success KPIs, and visual references.",content_creation,high,8.4,10.0,8.1,8.8,8.2
"Write a blog post about engagement metrics with measurable KPIs with distribution channels. Suggest best practices. Include examples.  Provide audience personas, keyword clusters, distribution plan, success KPIs, and visual references.",content_creation,high,9.4,9.4,8.9,9.7,8.5
"Design microlearning modules on peer assessment with remediation ideas for blended learning using adaptive learning. Highlight potential pitfalls. Use real-world examples.  Include objectives, prerequisites, activities, assessment criteria, extension tasks, and gamified exercises.",education,high,9.3,8.7,8.3,8.7,8.2
"Analyze outcomes of digital literacy using adaptive learning using active learning aligned to learning outcomes. Suggest best practices. Consider edge cases.  Include objectives, prerequisites, activities, assessment criteria, extension tasks, and gamified exercises.",education,high,8.3,9.5,8.4,10.0,8.1
"Develop collaborative projects for learning path design with classroom examples with extension tasks. Provide step-by-step guidance. Explain to a beginner.  Include objectives, prerequisites, activities, assessment criteria, extension tasks, and gamified exercises.",education,high,9.9,8.8,9.5,9.7,7.1
"Compare approaches to multichannel campaigns including keyword research for email marketing. Highlight potential pitfalls. Focus on practical applications.  Provide audience personas, keyword clusters, distribution plan, success KPIs, and visual references.",content_creation,high,9.0,8.1,8.6,8.6,7.6
"Compare React state management with security audit checklist with debugging tips with code review notes. Highlight potential pitfalls. Explain to a beginner.  Include architecture choices, security considerations, testing strategy, deployment steps, and code review notes.",software_engineering,high,10.0,9.3,9.8,8.2,8.8
"Evaluate architecture of end-to-end testing with CI/CD pipeline setup for a production environment. Suggest best practices. Consider edge cases.  Include architecture choices, security considerations, testing strategy, deployment steps, and code review notes.",software_engineering,high,8.9,8.9,8.8,8.3,8.7
"Draft video scripts about long-form articles with tone and style guidelines with storytelling frameworks including conversion optimization tips. Suggest best practices. Include metrics or KPIs.  Provide audience personas, keyword clusters, distribution plan, success KPIs, and visual references.",content_creation,high,10.0,8.2,9.2,9.9,8.0
"Compare approaches to influencer collaborations with visual references including editorial calendar. Use real-world examples. Explain to a beginner.  Provide audience personas, keyword clusters, distribution plan, success KPIs, and visual references.",content_creation,high,8.5,8.1,9.6,8.4,7.1
"Create infographics on podcast scripts covering multichannel strategy for a B2B SaaS brand. Explain to a beginner. Provide step-by-step guidance.  Provide audience personas, keyword clusters, distribution plan, success KPIs, and visual references.",content_creation,high,8.9,8.4,8.4,8.8,8.1
"Document memory leaks with debugging tips including deployment steps. Consider edge cases. Focus on practical applications.  Include architecture choices, security considerations, testing strategy, deployment steps, and code review notes.",software_engineering,high,8.7,8.9,9.3,9.3,7.0
"Plan a webinar on infographic design with engagement metrics with tone and style guidelines. Include examples. Explain to a beginner.  Provide audience personas, keyword clusters, distribution plan, success KPIs, and visual references.",content_creation,high,9.8,8.6,9.1,9.2,8.0
"Create an editorial plan for influencer collaborations with measurable KPIs including influencer mentions for a B2B SaaS brand. Consider edge cases. Use real-world examples.  Provide audience personas, keyword clusters, distribution plan, success KPIs, and visual references.",content_creation,high,8.6,9.5,9.8,9.2,8.7
"Summarize research on instructional design patterns including assessment criteria with learning analytics suggestions. Focus on practical applications. Highlight potential pitfalls.  Include objectives, prerequisites, activities, assessment criteria, extension tasks, and gamified exercises.",education,high,9.8,9.4,8.3,9.4,7.3
"Refactor logging and observability with performance benchmarks with detailed bug analysis including deployment steps. Suggest best practices. Consider edge cases.  Include architecture choices, security considerations, testing strategy, deployment steps, and code review notes.",software_engineering,high,9.9,8.5,9.4,8.4,7.6
"Optimize performance of distributed transactions with CI/CD pipeline setup with performance considerations. Consider edge cases. Highlight potential pitfalls.  Include architecture choices, security considerations, testing strategy, deployment steps, and code review notes.",software_engineering,high,8.3,8.2,9.0,9.5,8.4
"Automate deployment for static code analysis with code examples with detailed bug analysis. Include metrics or KPIs. Provide step-by-step guidance.  Include architecture choices, security considerations, testing strategy, deployment steps, and code review notes.",software_engineering,high,9.3,9.9,8.1,8.9,8.4
"Plan a webinar on newsletter strategy with distribution channels with A/B testing suggestions. Include metrics or KPIs. Explain to a beginner.  Provide audience personas, keyword clusters, distribution plan, success KPIs, and visual references.",content_creation,high,8.5,8.6,9.5,9.1,7.4
"Configure CI/CD for TypeScript types with CI/CD pipeline setup with performance considerations with code examples. Consider edge cases. Use real-world examples.  Include architecture choices, security considerations, testing strategy, deployment steps, and code review notes.",software_engineering,high,9.4,9.1,8.3,8.0,7.2
"Write case studies on tone and style guides with tone and style guidelines with measurable KPIs including keyword research. Include examples. Include metrics or KPIs.  Provide audience personas, keyword clusters, distribution plan, success KPIs, and visual references.",content_creation,high,8.3,8.3,8.6,9.0,7.7
"Create scaffolding materials for instructional scaffolding using adaptive learning including gamified exercises. Focus on practical applications. Include metrics or KPIs.  Include objectives, prerequisites, activities, assessment criteria, extension tasks, and gamified exercises.",education,high,9.0,8.9,9.8,9.0,8.2
"Assess security for logging and observability covering security trade-offs with detailed bug analysis. Use real-world examples. Provide step-by-step guidance.  Include architecture choices, security considerations, testing strategy, deployment steps, and code review notes.",software_engineering,high,8.6,9.9,8.2,8.3,8.7
"Write a blog post about blog topic clusters covering SEO best practices for email marketing with distribution channels. Include examples. Explain to a beginner.  Provide audience personas, keyword clusters, distribution plan, success KPIs, and visual references.",content_creation,high,9.7,8.4,8.9,9.4,8.2
"Design a content brief for podcast scripts for social and blog formats with examples and templates. Include metrics or KPIs. Use real-world examples.  Provide audience personas, keyword clusters, distribution plan, success KPIs, and visual references.",content_creation,high,8.5,9.8,9.3,8.8,7.5
"Draft a unit outline on collaborative projects for a 45-minute session including real-world examples aligned to learning outcomes. Explain to a beginner. Include examples.  Include objectives, prerequisites, activities, assessment criteria, extension tasks, and gamified exercises.",education,high,8.5,8.7,9.8,8.5,7.1
"Implement microservices with diagrams including refactoring steps. Include metrics or KPIs. Focus on practical applications.  Include architecture choices, security considerations, testing strategy, deployment steps, and code review notes.",software_engineering,high,9.6,9.7,9.0,8.6,8.6
"Develop email campaigns for A/B testing headlines with visual references including editorial calendar. Highlight potential pitfalls. Explain to a beginner.  Provide audience personas, keyword clusters, distribution plan, success KPIs, and visual references.",content_creation,high,8.2,8.9,9.9,8.7,8.8
"Develop classroom activities for educational psychology with peer evaluation with remediation ideas including assessment criteria. Consider edge cases. Include metrics or KPIs.  Include objectives, prerequisites, activities, assessment criteria, extension tasks, and gamified exercises.",education,high,8.6,8.4,9.5,8.4,7.1
"Refactor static code analysis including refactoring steps covering security trade-offs. Highlight potential pitfalls. Use real-world examples.  Include architecture choices, security considerations, testing strategy, deployment steps, and code review notes.",software_engineering,high,9.5,9.5,8.4,9.0,8.2
"Assess student performance in competency frameworks with learning analytics suggestions including real-world examples for high school students. Suggest best practices. Highlight potential pitfalls.  Include objectives, prerequisites, activities, assessment criteria, extension tasks, and gamified exercises.",education,high,8.3,8.1,9.7,8.7,8.4
"Design a rubric for differentiated instruction using active learning with microlearning exercises including formative checks. Include examples. Explain to a beginner.  Include objectives, prerequisites, activities, assessment criteria, extension tasks, and gamified exercises.",education,high,8.2,9.9,9.9,9.7,8.2
"Draft a unit outline on inclusive pedagogy with microlearning exercises with peer evaluation. Consider edge cases. Use real-world examples.  Include objectives, prerequisites, activities, assessment criteria, extension tasks, and gamified exercises.",education,high,9.4,8.0,8.6,8.9,7.6
"Develop classroom activities for instructional design patterns including real-world examples with peer evaluation. Consider edge cases. Use real-world examples.  Include objectives, prerequisites, activities, assessment criteria, extension tasks, and gamified exercises.",education,high,9.2,9.8,8.7,8.7,8.1
"Draft a unit outline on instructional scaffolding with microlearning exercises including gamified exercises covering collaborative projects. Suggest best practices. Provide step-by-step guidance.  Include objectives, prerequisites, activities, assessment criteria, extension tasks, and gamified exercises.",education,high,8.5,9.9,8.9,8.7,7.8
"Design microlearning modules on educational psychology with competency tracking covering collaborative projects. Consider edge cases. Explain to a beginner.  Include objectives, prerequisites, activities, assessment criteria, extension tasks, and gamified exercises.",education,high,8.9,9.5,8.9,8.4,7.4
"Debug Node.js with Express with architecture diagrams step by step with code examples. Provide step-by-step guidance. Focus on practical applications.  Include architecture choices, security considerations, testing strategy, deployment steps, and code review notes.",software_engineering,high,8.9,9.1,9.1,9.3,7.8
"Develop collaborative projects for instructional design patterns with microlearning exercises with remediation ideas. Focus on practical applications. Include metrics or KPIs.  Include objectives, prerequisites, activities, assessment criteria, extension tasks, and gamified exercises.",education,high,8.1,9.0,8.1,8.3,8.1
"Develop collaborative projects for peer assessment using active learning with competency tracking covering collaborative projects. Provide step-by-step guidance. Highlight potential pitfalls.  Include objectives, prerequisites, activities, assessment criteria, extension tasks, and gamified exercises.",education,high,9.0,10.0,9.7,8.8,7.7
"Compare load testing with architecture diagrams with security audit checklist with detailed bug analysis. Consider edge cases. Use real-world examples.  Include architecture choices, security considerations, testing strategy, deployment steps, and code review notes.",software_engineering,high,8.4,8.6,8.7,10.0,8.7
"Draft a unit outline on curriculum mapping with differentiated activities for blended learning. Include metrics or KPIs. Highlight potential pitfalls.  Include objectives, prerequisites, activities, assessment criteria, extension tasks, and gamified exercises.",education,high,9.2,8.8,8.3,8.7,8.2
"Plan a webinar on thought leadership posts covering multichannel strategy with audience personas with measurable KPIs. Include examples. Use real-world examples.  Provide audience personas, keyword clusters, distribution plan, success KPIs, and visual references.",content_creation,high,9.4,9.3,9.4,8.0,7.7
"Assess student performance in adaptive learning with differentiated activities including gamified exercises for high school students. Focus on practical applications. Provide step-by-step guidance.  Include objectives, prerequisites, activities, assessment criteria, extension tasks, and gamified exercises.",education,high,8.7,8.8,9.1,8.3,8.2
"Design logging and observability including refactoring steps covering edge cases with architecture diagrams. Provide step-by-step guidance. Explain to a beginner.  Include architecture choices, security considerations, testing strategy, deployment steps, and code review notes.",software_engineering,high,9.0,8.3,8.3,8.0,8.2
"Audit content for viral hooks with measurable KPIs for a B2B SaaS brand. Suggest best practices. Consider edge cases.  Provide audience personas, keyword clusters, distribution plan, success KPIs, and visual references.",content_creation,high,9.5,9.0,8.3,9.2,7.8
"Plan a migration for event-driven systems covering security trade-offs including pros and cons including alternative implementations. Provide step-by-step guidance. Include metrics or KPIs.  Include architecture choices, security considerations, testing strategy, deployment steps, and code review notes.",software_engineering,high,8.8,9.5,8.5,10.0,7.8
"Assess security for Django ORM for a production environment with performance benchmarks with security audit checklist. Include metrics or KPIs. Highlight potential pitfalls.  Include architecture choices, security considerations, testing strategy, deployment steps, and code review notes.",software_engineering,high,8.2,9.7,9.7,9.2,7.2
"Create an editorial plan for A/B testing headlines with interactive elements with visual references. Consider edge cases. Use real-world examples.  Provide audience personas, keyword clusters, distribution plan, success KPIs, and visual references.",content_creation,high,9.6,8.8,8.2,9.1,7.4
"Explain fundamentals of peer assessment including real-world examples including gamified exercises for high school students. Include metrics or KPIs. Include examples.  Include objectives, prerequisites, activities, assessment criteria, extension tasks, and gamified exercises.",education,high,8.4,8.2,9.3,8.8,7.2
"Assess student performance in assessment rubrics for high school students with scaffolding guides. Focus on practical applications. Use real-world examples.  Include objectives, prerequisites, activities, assessment criteria, extension tasks, and gamified exercises.",education,high,9.1,8.6,9.0,9.5,8.1
"Explain fundamentals of edtech tools with competency tracking with peer evaluation. Focus on practical applications. Provide step-by-step guidance.  Include objectives, prerequisites, activities, assessment criteria, extension tasks, and gamified exercises.",education,high,9.9,8.9,8.6,8.5,7.3
"Summarize research on formative assessment with scaffolding guides including assessment criteria with microlearning exercises. Suggest best practices. Highlight potential pitfalls.  Include objectives, prerequisites, activities, assessment criteria, extension tasks, and gamified exercises.",education,high,8.6,9.5,9.9,9.8,7.4
"Design code reviews including alternative implementations with CI/CD pipeline setup including pros and cons. Include examples. Include metrics or KPIs.  Include architecture choices, security considerations, testing strategy, deployment steps, and code review notes.",software_engineering,high,8.0,8.9,9.7,9.0,8.8
"Design adaptive learning modules for project rubrics including real-world examples covering collaborative projects with remediation ideas. Suggest best practices. Consider edge cases.  Include objectives, prerequisites, activities, assessment criteria, extension tasks, and gamified exercises.",education,high,8.4,9.5,8.8,9.3,8.8
"Plan a webinar on editorial calendars including influencer mentions for social and blog formats. Explain to a beginner. Include metrics or KPIs.  Provide audience personas, keyword clusters, distribution plan, success KPIs, and visual references.",content_creation,high,9.9,9.3,8.6,8.3,7.1
"Generate a list of social media hooks covering multichannel strategy including influencer mentions. Include metrics or KPIs. Include examples.  Provide audience personas, keyword clusters, distribution plan, success KPIs, and visual references.",content_creation,high,8.3,9.0,9.9,8.7,8.2
"Compare Kubernetes with architecture diagrams including deployment steps for a production environment. Include metrics or KPIs. Focus on practical applications.  Include architecture choices, security considerations, testing strategy, deployment steps, and code review notes.",software_engineering,high,9.1,9.9,9.9,9.2,8.2
"Write unit tests for TypeScript types including refactoring steps with CI/CD pipeline setup. Provide step-by-step guidance. Use real-world examples.  Include architecture choices, security considerations, testing strategy, deployment steps, and code review notes.",software_engineering,high,9.5,9.4,8.0,9.1,7.6
"Compare approaches to case study frameworks covering SEO best practices for a B2B SaaS brand. Consider edge cases. Focus on practical applications.  Provide audience personas, keyword clusters, distribution plan, success KPIs, and visual references.",content_creation,high,9.1,9.2,9.3,9.9,7.7
"Fix bugs in static code analysis with debugging tips for a production environment with detailed bug analysis. Suggest best practices. Include examples.  Include architecture choices, security considerations, testing strategy, deployment steps, and code review notes.",software_engineering,high,9.0,8.8,8.9,9.5,8.8
"Compare end-to-end testing for a production environment including refactoring steps. Include metrics or KPIs. Focus on practical applications.  Include architecture choices, security considerations, testing strategy, deployment steps, and code review notes.",software_engineering,high,9.7,9.0,8.6,8.5,8.7
"Create a lesson plan on digital literacy for blended learning with remediation ideas with learning analytics suggestions. Explain to a beginner. Use real-world examples.  Include objectives, prerequisites, activities, assessment criteria, extension tasks, and gamified exercises.",education,high,8.8,8.2,8.1,9.0,9.0
"Draft a proposal for incident response using real-world scenarios covering edge cases for a production environment. Include metrics or KPIs. Consider edge cases.  Include architecture choices, security considerations, testing strategy, deployment steps, and code review notes.",software_engineering,high,8.3,9.9,9.6,9.7,8.7
"Document performance profiling with diagrams with code review notes. Provide step-by-step guidance. Suggest best practices.  Include architecture choices, security considerations, testing strategy, deployment steps, and code review notes.",software_engineering,high,9.2,8.6,8.4,8.1,8.9
"Summarize techniques for engagement metrics with measurable KPIs for email marketing. Provide step-by-step guidance. Include metrics or KPIs.  Provide audience personas, keyword clusters, distribution plan, success KPIs, and visual references.",content_creation,high,9.9,8.8,8.0,8.3,7.9
"Write teacher notes about gamified learning covering collaborative projects with learning analytics suggestions with remediation ideas. Suggest best practices. Focus on practical applications.  Include objectives, prerequisites, activities, assessment criteria, extension tasks, and gamified exercises.",education,high,9.9,8.8,9.7,8.5,7.9
"Configure CI/CD for event-driven systems including deployment steps with diagrams with debugging tips. Include examples. Highlight potential pitfalls.  Include architecture choices, security considerations, testing strategy, deployment steps, and code review notes.",software_engineering,high,9.9,9.4,9.4,9.4,7.7
"Optimize performance of logging and observability with performance considerations including refactoring steps with debugging tips. Provide step-by-step guidance. Explain to a beginner.  Include architecture choices, security considerations, testing strategy, deployment steps, and code review notes.",software_engineering,high,8.1,9.9,8.7,8.4,7.5
"Refactor memory leaks step by step with architecture diagrams. Explain to a beginner. Consider edge cases.  Include architecture choices, security considerations, testing strategy, deployment steps, and code review notes.",software_engineering,high,8.4,9.1,8.4,9.4,7.9
"Optimize performance of distributed transactions step by step with testing strategies. Explain to a beginner. Highlight potential pitfalls.  Include architecture choices, security considerations, testing strategy, deployment steps, and code review notes.",software_engineering,high,9.4,9.4,8.1,8.1,8.4
"Debug code reviews including alternative implementations with performance considerations with performance benchmarks. Include examples. Include metrics or KPIs.  Include architecture choices, security considerations, testing strategy, deployment steps, and code review notes.",software_engineering,high,8.0,8.5,9.9,8.9,8.1
"Audit content for case study frameworks with storytelling frameworks with distribution channels. Use real-world examples. Highlight potential pitfalls.  Provide audience personas, keyword clusters, distribution plan, success KPIs, and visual references.",content_creation,high,8.5,8.1,8.2,8.3,8.9
"Draft a unit outline on edtech tools for blended learning with remediation ideas with differentiated activities. Suggest best practices. Explain to a beginner.  Include objectives, prerequisites, activities, assessment criteria, extension tasks, and gamified exercises.",education,high,8.9,8.2,9.3,9.0,8.1
"Assess security for Python FastAPI with code examples with detailed bug analysis with performance benchmarks. Explain to a beginner. Consider edge cases.  Include architecture choices, security considerations, testing strategy, deployment steps, and code review notes.",software_engineering,high,9.2,8.6,9.9,9.4,8.2
"Analyze outcomes of classroom management with remediation ideas with peer evaluation for high school students. Focus on practical applications. Explain to a beginner.  Include objectives, prerequisites, activities, assessment criteria, extension tasks, and gamified exercises.",education,high,8.3,9.8,9.1,8.2,7.1
"Plan a webinar on landing page copy with storytelling frameworks including keyword research. Consider edge cases. Focus on practical applications.  Provide audience personas, keyword clusters, distribution plan, success KPIs, and visual references.",content_creation,high,8.3,9.1,9.5,9.6,8.9
"Automate deployment for event-driven systems including deployment steps with debugging tips with diagrams. Highlight potential pitfalls. Consider edge cases.  Include architecture choices, security considerations, testing strategy, deployment steps, and code review notes.",software_engineering,high,9.0,9.4,9.9,8.8,8.2
"Facilitate peer review for microlearning with peer evaluation with classroom examples. Provide step-by-step guidance. Include metrics or KPIs.  Include objectives, prerequisites, activities, assessment criteria, extension tasks, and gamified exercises.",education,high,9.8,8.2,8.4,8.4,8.2
"Write educational guides for peer assessment with extension tasks using active learning. Use real-world examples. Highlight potential pitfalls.  Include objectives, prerequisites, activities, assessment criteria, extension tasks, and gamified exercises.",education,high,9.1,8.0,9.2,8.5,8.0
"Develop collaborative projects for formative assessment for blended learning including assessment criteria. Suggest best practices. Include examples.  Include objectives, prerequisites, activities, assessment criteria, extension tasks, and gamified exercises.",education,high,8.1,9.9,9.8,8.5,8.0
"Outline a guide on keyword clustering with interactive elements for social and blog formats including influencer mentions. Include examples. Highlight potential pitfalls.  Provide audience personas, keyword clusters, distribution plan, success KPIs, and visual references.",content_creation,high,8.2,9.8,8.7,9.4,7.4
"Create a lesson plan on Bloom’s taxonomy using active learning with extension tasks. Include examples. Suggest best practices.  Include objectives, prerequisites, activities, assessment criteria, extension tasks, and gamified exercises.",education,high,8.9,9.7,9.0,9.1,7.3
"Create assessment quizzes for differentiated instruction with differentiated activities with remediation ideas with competency tracking. Consider edge cases. Include examples.  Include objectives, prerequisites, activities, assessment criteria, extension tasks, and gamified exercises.",education,high,8.8,9.1,9.8,9.1,8.1
"Optimize performance of feature toggles including pros and cons with CI/CD pipeline setup. Focus on practical applications. Suggest best practices.  Include architecture choices, security considerations, testing strategy, deployment steps, and code review notes.",software_engineering,high,8.1,8.4,9.1,9.6,9.0
"Draft video scripts about SEO content pillars including keyword research for a product launch for a B2B SaaS brand. Highlight potential pitfalls. Focus on practical applications.  Provide audience personas, keyword clusters, distribution plan, success KPIs, and visual references.",content_creation,high,8.2,8.0,8.3,9.4,7.7
"Summarize best practices for API versioning with architecture diagrams covering edge cases. Include examples. Consider edge cases.  Include architecture choices, security considerations, testing strategy, deployment steps, and code review notes.",software_engineering,high,8.1,8.8,8.0,8.6,7.7
"Write a blog post about engagement metrics with engagement metrics with storytelling frameworks. Include metrics or KPIs. Highlight potential pitfalls.  Provide audience personas, keyword clusters, distribution plan, success KPIs, and visual references.",content_creation,high,8.0,8.9,8.5,9.8,8.1
"Draft a unit outline on project rubrics with extension tasks with peer evaluation. Include metrics or KPIs. Provide step-by-step guidance.  Include objectives, prerequisites, activities, assessment criteria, extension tasks, and gamified exercises.",education,high,8.8,8.7,9.8,8.5,7.6
"Facilitate peer review for formative assessment with extension tasks with remediation ideas including formative checks. Explain to a beginner. Include metrics or KPIs.  Include objectives, prerequisites, activities, assessment criteria, extension tasks, and gamified exercises.",education,high,8.6,9.0,9.9,8.3,7.9
"Design serverless architecture including pros and cons including alternative implementations with performance considerations. Suggest best practices. Provide step-by-step guidance.  Include architecture choices, security considerations, testing strategy, deployment steps, and code review notes.",software_engineering,high,9.6,9.6,8.1,8.3,8.7
"Generate a list of product launch copies with interactive elements with measurable KPIs including conversion optimization tips. Explain to a beginner. Highlight potential pitfalls.  Provide audience personas, keyword clusters, distribution plan, success KPIs, and visual references.",content_creation,high,8.7,9.0,9.6,8.0,7.8
"Configure CI/CD for CI/CD pipelines with testing strategies including refactoring steps including alternative implementations. Provide step-by-step guidance. Explain to a beginner.  Include architecture choices, security considerations, testing strategy, deployment steps, and code review notes.",software_engineering,high,8.6,8.5,9.4,9.0,7.1
"Conduct load testing for clean architecture step by step with architecture diagrams. Suggest best practices. Focus on practical applications.  Include architecture choices, security considerations, testing strategy, deployment steps, and code review notes.",software_engineering,high,8.9,8.6,9.7,9.7,8.4
"Compare approaches to thought leadership posts including keyword research for a product launch with engagement metrics. Provide step-by-step guidance. Focus on practical applications.  Provide audience personas, keyword clusters, distribution plan, success KPIs, and visual references.",content_creation,high,10.0,9.2,9.1,9.1,9.0
"Plan a migration for Python FastAPI with testing strategies step by step including pros and cons. Consider edge cases. Explain to a beginner.  Include architecture choices, security considerations, testing strategy, deployment steps, and code review notes.",software_engineering,high,9.0,9.2,9.7,8.2,7.5
"Design adaptive learning modules for adaptive learning including gamified exercises for a 45-minute session. Focus on practical applications. Suggest best practices.  Include objectives, prerequisites, activities, assessment criteria, extension tasks, and gamified exercises.",education,high,9.9,9.0,9.8,9.0,8.6
"Design bug fixes with performance benchmarks including refactoring steps. Highlight potential pitfalls. Provide step-by-step guidance.  Include architecture choices, security considerations, testing strategy, deployment steps, and code review notes.",software_engineering,high,8.9,9.1,8.5,9.9,8.2
"Plan a webinar on content repurposing with visual references including influencer mentions with storytelling frameworks. Explain to a beginner. Use real-world examples.  Provide audience personas, keyword clusters, distribution plan, success KPIs, and visual references.",content_creation,high,8.9,8.2,9.8,10.0,8.7
"Explain REST APIs step by step with detailed bug analysis including refactoring steps. Explain to a beginner. Include metrics or KPIs.  Include architecture choices, security considerations, testing strategy, deployment steps, and code review notes.",software_engineering,high,9.9,9.3,8.8,9.6,8.2
"Facilitate peer review for active learning strategies with scaffolding guides with competency tracking for a 45-minute session. Explain to a beginner. Provide step-by-step guidance.  Include objectives, prerequisites, activities, assessment criteria, extension tasks, and gamified exercises.",education,high,9.1,8.0,8.8,9.8,7.3
"Configure CI/CD for unit testing with debugging tips including alternative implementations. Use real-world examples. Provide step-by-step guidance.  Include architecture choices, security considerations, testing strategy, deployment steps, and code review notes.",software_engineering,high,8.7,8.4,8.3,10.0,8.4
"Draft video scripts about newsletter strategy for a B2B SaaS brand including conversion optimization tips. Suggest best practices. Use real-world examples.  Provide audience personas, keyword clusters, distribution plan, success KPIs, and visual references.",content_creation,high,8.6,9.1,9.4,8.4,8.5
"Design a content brief for blog topic clusters with storytelling frameworks with distribution channels. Include examples. Provide step-by-step guidance.  Provide audience personas, keyword clusters, distribution plan, success KPIs, and visual references.",content_creation,high,8.1,8.5,8.1,8.8,7.3
"Implement CI/CD pipelines covering edge cases including pros and cons with CI/CD pipeline setup. Highlight potential pitfalls. Explain to a beginner.  Include architecture choices, security considerations, testing strategy, deployment steps, and code review notes.",software_engineering,high,9.9,9.9,10.0,9.0,8.8
"Facilitate peer review for peer assessment including assessment criteria with peer evaluation using active learning. Consider edge cases. Use real-world examples.  Include objectives, prerequisites, activities, assessment criteria, extension tasks, and gamified exercises.",education,high,8.6,8.2,9.3,8.9,7.8
"Design visual assets for podcast scripts with measurable KPIs with engagement metrics for email marketing. Explain to a beginner. Include examples.  Provide audience personas, keyword clusters, distribution plan, success KPIs, and visual references.",content_creation,high,8.2,8.2,9.7,9.8,8.7
"Debug incident response using real-world scenarios with security audit checklist. Consider edge cases. Focus on practical applications.  Include architecture choices, security considerations, testing strategy, deployment steps, and code review notes.",software_engineering,high,8.8,8.2,8.2,8.6,7.3
"Configure CI/CD for Node.js with Express with diagrams including refactoring steps. Highlight potential pitfalls. Suggest best practices.  Include architecture choices, security considerations, testing strategy, deployment steps, and code review notes.",software_engineering,high,9.5,8.0,9.4,8.3,8.5
"Assess student performance in microlearning using adaptive learning with peer evaluation with microlearning exercises. Explain to a beginner. Provide step-by-step guidance.  Include objectives, prerequisites, activities, assessment criteria, extension tasks, and gamified exercises.",education,high,9.1,8.1,9.0,8.4,8.5
"Produce a podcast episode on keyword clustering for a B2B SaaS brand with distribution channels for a product launch. Consider edge cases. Highlight potential pitfalls.  Provide audience personas, keyword clusters, distribution plan, success KPIs, and visual references.",content_creation,high,9.2,8.8,9.3,9.5,8.2
"Investigate memory leaks in Python FastAPI using real-world scenarios with performance benchmarks including deployment steps. Include examples. Highlight potential pitfalls.  Include architecture choices, security considerations, testing strategy, deployment steps, and code review notes.",software_engineering,high,8.4,8.8,9.8,8.6,8.7
"Document static code analysis covering edge cases with testing strategies including deployment steps. Use real-world examples. Include metrics or KPIs.  Include architecture choices, security considerations, testing strategy, deployment steps, and code review notes.",software_engineering,high,8.8,9.8,8.1,9.2,8.7
"Create infographics on product launch copies covering multichannel strategy with A/B testing suggestions with measurable KPIs. Focus on practical applications. Include metrics or KPIs.  Provide audience personas, keyword clusters, distribution plan, success KPIs, and visual references.",content_creation,high,9.6,9.8,9.8,9.4,8.7
"Create an editorial plan for podcast scripts for a B2B SaaS brand with storytelling frameworks with interactive elements. Consider edge cases. Include metrics or KPIs.  Provide audience personas, keyword clusters, distribution plan, success KPIs, and visual references.",content_creation,high,8.9,9.2,8.6,8.4,7.2
"Create a lesson plan on inclusive pedagogy with microlearning exercises with extension tasks aligned to learning outcomes. Use real-world examples. Explain to a beginner.  Include objectives, prerequisites, activities, assessment criteria, extension tasks, and gamified exercises.",education,high,8.9,8.6,9.3,9.6,9.0
"Outline a guide on A/B testing headlines with tone and style guidelines with engagement metrics for social and blog formats. Provide step-by-step guidance. Suggest best practices.  Provide audience personas, keyword clusters, distribution plan, success KPIs, and visual references.",content_creation,high,9.8,9.8,10.0,8.1,8.9
"Write a blog post about product launch copies with interactive elements including conversion optimization tips. Provide step-by-step guidance. Highlight potential pitfalls.  Provide audience personas, keyword clusters, distribution plan, success KPIs, and visual references.",content_creation,high,9.7,10.0,9.2,9.3,7.2
"Refactor Docker containers including pros and cons with testing strategies including alternative implementations. Highlight potential pitfalls. Include examples.  Include architecture choices, security considerations, testing strategy, deployment steps, and code review notes.",software_engineering,high,9.7,8.6,9.4,8.9,8.3
"Outline a guide on keyword clustering covering SEO best practices with engagement metrics for email marketing. Provide step-by-step guidance. Highlight potential pitfalls.  Provide audience personas, keyword clusters, distribution plan, success KPIs, and visual references.",content_creation,high,8.4,8.3,9.7,9.7,8.0
"Analyze outcomes of lesson objectives including formative checks covering collaborative projects. Use real-world examples. Provide step-by-step guidance.  Include objectives, prerequisites, activities, assessment criteria, extension tasks, and gamified exercises.",education,high,9.0,9.0,9.2,8.2,7.5
"Summarize techniques for blog topic clusters with engagement metrics including keyword research for social and blog formats. Include metrics or KPIs. Focus on practical applications.  Provide audience personas, keyword clusters, distribution plan, success KPIs, and visual references.",content_creation,high,9.2,8.9,9.4,8.9,8.3
"Compare approaches to brand voice guidelines including influencer mentions for a product launch with examples and templates. Provide step-by-step guidance. Highlight potential pitfalls.  Provide audience personas, keyword clusters, distribution plan, success KPIs, and visual references.",content_creation,high,8.1,8.6,8.1,9.2,7.2
"Analyze outcomes of learning path design with competency tracking including real-world examples. Explain to a beginner. Include examples.  Include objectives, prerequisites, activities, assessment criteria, extension tasks, and gamified exercises.",education,high,9.3,9.0,9.0,8.3,8.1
"Write social captions about A/B testing headlines for social and blog formats covering SEO best practices. Consider edge cases. Include metrics or KPIs.  Provide audience personas, keyword clusters, distribution plan, success KPIs, and visual references.",content_creation,high,8.0,9.7,8.7,9.6,7.5
"Produce a podcast episode on tone and style guides with distribution channels including influencer mentions. Include examples. Explain to a beginner.  Provide audience personas, keyword clusters, distribution plan, success KPIs, and visual references.",content_creation,high,8.0,10.0,8.7,9.9,8.7
"Design adaptive learning modules for inclusive pedagogy for a 45-minute session aligned to learning outcomes with remediation ideas. Consider edge cases. Include examples.  Include objectives, prerequisites, activities, assessment criteria, extension tasks, and gamified exercises.",education,high,8.8,9.7,9.0,9.8,7.4
"Explain continuous testing with testing strategies with performance considerations with security audit checklist. Use real-world examples. Explain to a beginner.  Include architecture choices, security considerations, testing strategy, deployment steps, and code review notes.",software_engineering,high,8.7,8.6,8.9,9.5,8.5
"Design visual assets for brand messaging with tone and style guidelines for email marketing for a product launch. Highlight potential pitfalls. Include examples.  Provide audience personas, keyword clusters, distribution plan, success KPIs, and visual references.",content_creation,high,9.6,9.2,9.9,9.5,7.3
"Create an editorial plan for long-form articles including influencer mentions for a B2B SaaS brand. Include examples. Highlight potential pitfalls.  Provide audience personas, keyword clusters, distribution plan, success KPIs, and visual references.",content_creation,high,8.6,9.2,9.7,8.8,8.3
"Draft a unit outline on gamified learning with competency tracking including assessment criteria with microlearning exercises. Include examples. Include metrics or KPIs.  Include objectives, prerequisites, activities, assessment criteria, extension tasks, and gamified exercises.",education,high,8.5,9.3,8.8,9.0,8.6
"Create a tutorial on refactoring legacy code with code review notes with performance benchmarks for a production environment. Suggest best practices. Use real-world examples.  Include architecture choices, security considerations, testing strategy, deployment steps, and code review notes.",software_engineering,high,9.5,9.1,8.7,9.5,7.4
"Fix bugs in event-driven systems with debugging tips with code examples with performance considerations. Consider edge cases. Provide step-by-step guidance.  Include architecture choices, security considerations, testing strategy, deployment steps, and code review notes.",software_engineering,high,8.5,8.6,8.8,9.5,7.5
"Compare approaches to landing page copy covering multichannel strategy with visual references. Include metrics or KPIs. Consider edge cases.  Provide audience personas, keyword clusters, distribution plan, success KPIs, and visual references.",content_creation,high,9.6,10.0,8.1,9.5,8.5
"Refactor bug fixes including pros and cons with security audit checklist for a production environment. Highlight potential pitfalls. Focus on practical applications.  Include architecture choices, security considerations, testing strategy, deployment steps, and code review notes.",software_engineering,high,8.5,9.9,9.4,9.8,7.9
"Plan a webinar on influencer collaborations with measurable KPIs with engagement metrics. Focus on practical applications. Use real-world examples.  Provide audience personas, keyword clusters, distribution plan, success KPIs, and visual references.",content_creation,high,8.2,9.0,8.5,9.0,8.2
"Analyze REST APIs with performance benchmarks including alternative implementations with detailed bug analysis. Use real-world examples. Suggest best practices.  Include architecture choices, security considerations, testing strategy, deployment steps, and code review notes.",software_engineering,high,8.7,8.3,8.2,8.6,8.0
"Assess security for memory leaks with CI/CD pipeline setup with code examples. Highlight potential pitfalls. Focus on practical applications.  Include architecture choices, security considerations, testing strategy, deployment steps, and code review notes.",software_engineering,high,8.8,9.9,9.2,9.7,8.4
"Explain feature toggles for a production environment including alternative implementations covering edge cases. Highlight potential pitfalls. Explain to a beginner.  Include architecture choices, security considerations, testing strategy, deployment steps, and code review notes.",software_engineering,high,9.2,8.2,8.9,9.0,7.9
"Develop collaborative projects for critical thinking exercises using adaptive learning for blended learning. Explain to a beginner. Suggest best practices.  Include objectives, prerequisites, activities, assessment criteria, extension tasks, and gamified exercises.",education,high,8.2,9.9,8.7,8.3,7.4
"Create scaffolding materials for Bloom’s taxonomy with microlearning exercises using adaptive learning including real-world examples. Consider edge cases. Include metrics or KPIs.  Include objectives, prerequisites, activities, assessment criteria, extension tasks, and gamified exercises.",education,high,8.3,8.5,8.8,9.7,8.2
"Summarize research on microlearning including assessment criteria using adaptive learning. Include metrics or KPIs. Include examples.  Include objectives, prerequisites, activities, assessment criteria, extension tasks, and gamified exercises.",education,high,9.6,8.2,8.1,9.1,8.6
"Plan a webinar on customer journey mapping covering SEO best practices for social and blog formats. Suggest best practices. Use real-world examples.  Provide audience personas, keyword clusters, distribution plan, success KPIs, and visual references.",content_creation,high,8.1,8.1,8.2,9.9,8.5
"Compare pedagogical methods for flipped classroom models including formative checks including gamified exercises. Include metrics or KPIs. Use real-world examples.  Include objectives, prerequisites, activities, assessment criteria, extension tasks, and gamified exercises.",education,high,8.8,9.6,8.4,9.3,8.9
"Create a tutorial on microservices with testing strategies with performance benchmarks. Include metrics or KPIs. Explain to a beginner.  Include architecture choices, security considerations, testing strategy, deployment steps, and code review notes.",software_engineering,high,8.8,9.7,9.6,9.2,8.9
"Facilitate peer review for curriculum mapping including formative checks with competency tracking with classroom examples. Highlight potential pitfalls. Explain to a beginner.  Include objectives, prerequisites, activities, assessment criteria, extension tasks, and gamified exercises.",education,high,8.9,8.4,9.4,8.5,7.7
"Create a tutorial on code reviews with architecture diagrams with code examples. Highlight potential pitfalls. Consider edge cases.  Include architecture choices, security considerations, testing strategy, deployment steps, and code review notes.",software_engineering,high,8.9,9.2,8.4,8.8,7.6
"Explain fundamentals of gamified learning with peer evaluation with differentiated activities. Provide step-by-step guidance. Explain to a beginner.  Include objectives, prerequisites, activities, assessment criteria, extension tasks, and gamified exercises.",education,high,8.1,8.0,9.9,8.1,8.3
"Create scaffolding materials for Bloom’s taxonomy including assessment criteria using active learning. Include metrics or KPIs. Include examples.  Include objectives, prerequisites, activities, assessment criteria, extension tasks, and gamified exercises.",education,high,8.4,9.7,8.8,9.2,9.0
"Develop email campaigns for SEO content pillars for a B2B SaaS brand with distribution channels including conversion optimization tips. Suggest best practices. Highlight potential pitfalls.  Provide audience personas, keyword clusters, distribution plan, success KPIs, and visual references.",content_creation,high,9.9,9.1,8.6,9.1,7.5
"Create assessment quizzes for formative assessment with learning analytics suggestions for high school students with classroom examples. Include examples. Highlight potential pitfalls.  Include objectives, prerequisites, activities, assessment criteria, extension tasks, and gamified exercises.",education,high,9.3,8.6,8.5,8.7,7.3
"Plan a migration for CI/CD pipelines with code examples with performance benchmarks with detailed bug analysis. Include examples. Consider edge cases.  Include architecture choices, security considerations, testing strategy, deployment steps, and code review notes.",software_engineering,high,9.2,8.2,8.6,9.3,7.5
"Assess security for logging and observability step by step with code review notes. Include examples. Use real-world examples.  Include architecture choices, security considerations, testing strategy, deployment steps, and code review notes.",software_engineering,high,8.4,8.6,8.5,9.5,8.4
"Optimize copy for SEO storytelling techniques with visual references for email marketing for a product launch. Use real-world examples. Highlight potential pitfalls.  Provide audience personas, keyword clusters, distribution plan, success KPIs, and visual references.",content_creation,high,9.1,9.0,8.5,9.7,7.1
"Draft a unit outline on differentiated instruction for blended learning including gamified exercises. Suggest best practices. Include metrics or KPIs.  Include objectives, prerequisites, activities, assessment criteria, extension tasks, and gamified exercises.",education,high,10.0,9.8,10.0,9.5,7.4
"Draft video scripts about newsletter strategy including influencer mentions for a B2B SaaS brand with A/B testing suggestions. Highlight potential pitfalls. Include metrics or KPIs.  Provide audience personas, keyword clusters, distribution plan, success KPIs, and visual references.",content_creation,high,10.0,8.8,9.5,8.9,8.6
"Write case studies on email drip campaigns covering SEO best practices with engagement metrics. Focus on practical applications. Include metrics or KPIs.  Provide audience personas, keyword clusters, distribution plan, success KPIs, and visual references.",content_creation,high,9.2,9.1,8.2,8.2,8.5
"Design adaptive learning modules for inclusive pedagogy aligned to learning outcomes with classroom examples with peer evaluation. Include metrics or KPIs. Provide step-by-step guidance.  Include objectives, prerequisites, activities, assessment criteria, extension tasks, and gamified exercises.",education,high,8.4,9.0,10.0,8.2,7.6
"Evaluate architecture of Docker containers with CI/CD pipeline setup covering security trade-offs with security audit checklist. Provide step-by-step guidance. Highlight potential pitfalls.  Include architecture choices, security considerations, testing strategy, deployment steps, and code review notes.",software_engineering,high,9.2,8.6,10.0,8.6,7.3
"Conduct load testing for incident response including refactoring steps with code review notes. Include metrics or KPIs. Provide step-by-step guidance.  Include architecture choices, security considerations, testing strategy, deployment steps, and code review notes.",software_engineering,high,9.6,9.6,9.6,9.4,8.0
"Analyze distributed transactions step by step including refactoring steps. Focus on practical applications. Provide step-by-step guidance.  Include architecture choices, security considerations, testing strategy, deployment steps, and code review notes.",software_engineering,high,8.3,8.4,10.0,9.4,8.6
"Assess security for CI/CD pipelines with detailed bug analysis covering edge cases. Include examples. Explain to a beginner.  Include architecture choices, security considerations, testing strategy, deployment steps, and code review notes.",software_engineering,high,9.8,8.5,8.4,9.6,7.8
"Investigate memory leaks in incident response step by step for a production environment. Include metrics or KPIs. Highlight potential pitfalls.  Include architecture choices, security considerations, testing strategy, deployment steps, and code review notes.",software_engineering,high,9.0,9.6,9.0,9.0,8.8
"Draft a content strategy for brand voice guidelines for a product launch with examples and templates. Use real-world examples. Suggest best practices.  Provide audience personas, keyword clusters, distribution plan, success KPIs, and visual references.",content_creation,high,8.0,9.4,10.0,10.0,7.1
"Create scaffolding materials for blended learning aligned to learning outcomes covering collaborative projects for blended learning. Consider edge cases. Use real-world examples.  Include objectives, prerequisites, activities, assessment criteria, extension tasks, and gamified exercises.",education,high,8.8,8.6,8.2,8.0,7.3
"Design a rubric for curriculum mapping for high school students covering collaborative projects including assessment criteria. Explain to a beginner. Focus on practical applications.  Include objectives, prerequisites, activities, assessment criteria, extension tasks, and gamified exercises.",education,high,8.6,9.3,8.3,8.1,7.7
"Design adaptive learning modules for adaptive learning aligned to learning outcomes with peer evaluation with learning analytics suggestions. Suggest best practices. Include examples.  Include objectives, prerequisites, activities, assessment criteria, extension tasks, and gamified exercises.",education,high,9.5,9.2,8.4,8.5,7.7
"Develop gamified exercises on STEM integration with peer evaluation for high school students. Suggest best practices. Focus on practical applications.  Include objectives, prerequisites, activities, assessment criteria, extension tasks, and gamified exercises.",education,high,9.2,9.9,8.6,8.5,8.3
"Analyze trends in content gap analysis covering multichannel strategy including influencer mentions with distribution channels. Focus on practical applications. Highlight potential pitfalls.  Provide audience personas, keyword clusters, distribution plan, success KPIs, and visual references.",content_creation,high,8.8,9.0,9.0,9.1,8.9
"Design bug fixes with diagrams with performance benchmarks. Include examples. Focus on practical applications.  Include architecture choices, security considerations, testing strategy, deployment steps, and code review notes.",software_engineering,high,9.5,9.7,9.6,9.4,8.0
"Create infographics on storytelling techniques with A/B testing suggestions covering multichannel strategy. Include metrics or KPIs. Consider edge cases.  Provide audience personas, keyword clusters, distribution plan, success KPIs, and visual references.",content_creation,high,9.0,8.6,9.4,9.3,7.1
"Write unit tests for React state management with diagrams with debugging tips. Include metrics or KPIs. Suggest best practices.  Include architecture choices, security considerations, testing strategy, deployment steps, and code review notes.",software_engineering,high,8.7,9.8,8.7,9.8,8.3
"Create infographics on engagement metrics with measurable KPIs for email marketing. Consider edge cases. Include examples.  Provide audience personas, keyword clusters, distribution plan, success KPIs, and visual references.",content_creation,high,8.4,9.4,9.5,9.9,8.3
"Draft video scripts about conversion copywriting covering SEO best practices with storytelling frameworks including keyword research. Suggest best practices. Use real-world examples.  Provide audience personas, keyword clusters, distribution plan, success KPIs, and visual references.",content_creation,high,8.5,9.4,8.5,8.7,8.6
"Design microlearning modules on learning analytics including real-world examples with remediation ideas with peer evaluation. Include metrics or KPIs. Consider edge cases.  Include objectives, prerequisites, activities, assessment criteria, extension tasks, and gamified exercises.",education,high,9.7,9.6,8.7,8.4,7.1
"Analyze outcomes of learning analytics with learning analytics suggestions with peer evaluation for blended learning. Focus on practical applications. Highlight potential pitfalls.  Include objectives, prerequisites, activities, assessment criteria, extension tasks, and gamified exercises.",education,high,9.2,8.5,9.0,9.8,8.9
"Design static code analysis with CI/CD pipeline setup with performance benchmarks including refactoring steps. Focus on practical applications. Explain to a beginner.  Include architecture choices, security considerations, testing strategy, deployment steps, and code review notes.",software_engineering,high,8.1,9.0,8.6,8.0,7.8
"Document React state management with CI/CD pipeline setup with code review notes. Explain to a beginner. Suggest best practices.  Include architecture choices, security considerations, testing strategy, deployment steps, and code review notes.",software_engineering,high,8.7,8.4,9.3,8.2,8.7
"Write unit tests for Kubernetes with diagrams including deployment steps including alternative implementations. Use real-world examples. Suggest best practices.  Include architecture choices, security considerations, testing strategy, deployment steps, and code review notes.",software_engineering,high,8.0,8.9,8.8,8.2,8.5
"Write case studies on SEO content pillars including influencer mentions with audience personas with examples and templates. Explain to a beginner. Include metrics or KPIs.  Provide audience personas, keyword clusters, distribution plan, success KPIs, and visual references.",content_creation,high,8.7,9.7,9.3,8.6,7.9
"Summarize techniques for brand voice guidelines for email marketing including editorial calendar covering SEO best practices. Include examples. Provide step-by-step guidance.  Provide audience personas, keyword clusters, distribution plan, success KPIs, and visual references.",content_creation,high,9.9,8.2,8.3,8.7,8.5
"Create interactive quizzes for podcast scripts with measurable KPIs for a product launch including conversion optimization tips. Provide step-by-step guidance. Include metrics or KPIs.  Provide audience personas, keyword clusters, distribution plan, success KPIs, and visual references.",content_creation,high,8.4,9.3,9.0,8.4,9.0
"Facilitate peer review for project rubrics with competency tracking with extension tasks with scaffolding guides. Consider edge cases. Include examples.  Include objectives, prerequisites, activities, assessment criteria, extension tasks, and gamified exercises.",education,high,8.1,9.3,8.4,9.4,8.4
"Automate deployment for static code analysis with architecture diagrams for a production environment including pros and cons. Consider edge cases. Use real-world examples.  Include architecture choices, security considerations, testing strategy, deployment steps, and code review notes.",software_engineering,high,9.0,9.2,9.5,8.0,8.4
"Design a content brief for A/B testing headlines including influencer mentions for social and blog formats. Provide step-by-step guidance. Include examples.  Provide audience personas, keyword clusters, distribution plan, success KPIs, and visual references.",content_creation,high,8.6,8.7,9.0,8.2,7.1
"Document unit testing with detailed bug analysis with security audit checklist. Explain to a beginner. Focus on practical applications.  Include architecture choices, security considerations, testing strategy, deployment steps, and code review notes.",software_engineering,high,8.2,9.5,9.7,9.5,7.4
"Investigate memory leaks in monitoring dashboards step by step with performance benchmarks with architecture diagrams. Provide step-by-step guidance. Focus on practical applications.  Include architecture choices, security considerations, testing strategy, deployment steps, and code review notes.",software_engineering,high,9.2,9.7,9.3,9.5,7.5
"Produce a podcast episode on storytelling techniques with examples and templates for social and blog formats with storytelling frameworks. Highlight potential pitfalls. Include examples.  Provide audience personas, keyword clusters, distribution plan, success KPIs, and visual references.",content_creation,high,8.6,8.8,9.8,9.1,7.8
"Map a curriculum for microlearning including real-world examples for a 45-minute session. Explain to a beginner. Highlight potential pitfalls.  Include objectives, prerequisites, activities, assessment criteria, extension tasks, and gamified exercises.",education,high,9.1,10.0,8.3,8.3,8.1
"Create assessment quizzes for instructional scaffolding with learning analytics suggestions aligned to learning outcomes. Consider edge cases. Provide step-by-step guidance.  Include objectives, prerequisites, activities, assessment criteria, extension tasks, and gamified exercises.",education,high,9.4,9.5,9.2,8.1,7.2
"Automate deployment for dependency injection with code examples with diagrams with CI/CD pipeline setup. Include metrics or KPIs. Provide step-by-step guidance.  Include architecture choices, security considerations, testing strategy, deployment steps, and code review notes.",software_engineering,high,9.9,9.2,8.1,8.0,7.7
"Draft video scripts about infographic design with A/B testing suggestions including keyword research with measurable KPIs. Include examples. Highlight potential pitfalls.  Provide audience personas, keyword clusters, distribution plan, success KPIs, and visual references.",content_creation,high,9.6,8.9,8.6,9.9,7.3
"Plan a flipped classroom session on formative assessment with remediation ideas for blended learning for a 45-minute session. Highlight potential pitfalls. Consider edge cases.  Include objectives, prerequisites, activities, assessment criteria, extension tasks, and gamified exercises.",education,high,9.5,9.4,8.1,8.6,7.6
"Design a rubric for Bloom’s taxonomy for a 45-minute session covering collaborative projects. Suggest best practices. Explain to a beginner.  Include objectives, prerequisites, activities, assessment criteria, extension tasks, and gamified exercises.",education,high,8.4,8.1,8.7,9.3,7.9
"Audit content for tone and style guides for a product launch with tone and style guidelines with storytelling frameworks. Explain to a beginner. Focus on practical applications.  Provide audience personas, keyword clusters, distribution plan, success KPIs, and visual references.",content_creation,high,9.5,8.1,8.4,9.4,8.4
"Review code for bug fixes with testing strategies including pros and cons with diagrams. Focus on practical applications. Consider edge cases.  Include architecture choices, security considerations, testing strategy, deployment steps, and code review notes.",software_engineering,high,9.9,8.6,9.3,8.5,7.5
"Explain fundamentals of collaborative projects including assessment criteria for high school students. Include metrics or KPIs. Focus on practical applications.  Include objectives, prerequisites, activities, assessment criteria, extension tasks, and gamified exercises.",education,high,8.7,8.1,8.4,9.9,7.7
"Draft video scripts about product launch copies including influencer mentions covering SEO best practices. Highlight potential pitfalls. Use real-world examples.  Provide audience personas, keyword clusters, distribution plan, success KPIs, and visual references.",content_creation,high,8.8,8.7,9.9,8.7,8.6
"Produce a podcast episode on storytelling techniques covering multichannel strategy including conversion optimization tips. Highlight potential pitfalls. Suggest best practices.  Provide audience personas, keyword clusters, distribution plan, success KPIs, and visual references.",content_creation,high,8.0,9.0,9.8,9.6,8.4
"Develop gamified exercises on project-based learning with classroom examples including assessment criteria with extension tasks. Focus on practical applications. Highlight potential pitfalls.  Include objectives, prerequisites, activities, assessment criteria, extension tasks, and gamified exercises.",education,high,8.2,9.6,9.5,8.1,8.0
"Fix bugs in CI/CD pipelines with detailed bug analysis with debugging tips covering edge cases. Include metrics or KPIs. Include examples.  Include architecture choices, security considerations, testing strategy, deployment steps, and code review notes.",software_engineering,high,8.7,9.2,9.9,8.5,8.3
"Design CI/CD pipelines including alternative implementations including deployment steps. Include metrics or KPIs. Explain to a beginner.  Include architecture choices, security considerations, testing strategy, deployment steps, and code review notes.",software_engineering,high,8.4,9.0,9.4,9.8,8.4
"Draft a content strategy for podcast scripts including keyword research covering multichannel strategy with measurable KPIs. Explain to a beginner. Use real-world examples.  Provide audience personas, keyword clusters, distribution plan, success KPIs, and visual references.",content_creation,high,9.8,8.9,9.9,9.2,7.7
"Develop email campaigns for SEO content pillars with audience personas for a product launch with A/B testing suggestions. Provide step-by-step guidance. Include metrics or KPIs.  Provide audience personas, keyword clusters, distribution plan, success KPIs, and visual references.",content_creation,high,9.0,9.4,9.0,8.6,8.5
"Draft a unit outline on competency frameworks with peer evaluation using adaptive learning. Suggest best practices. Consider edge cases.  Include objectives, prerequisites, activities, assessment criteria, extension tasks, and gamified exercises.",education,high,8.8,8.0,9.2,10.0,7.4
"Configure CI/CD for React state management using real-world scenarios with diagrams covering security trade-offs. Include examples. Provide step-by-step guidance.  Include architecture choices, security considerations, testing strategy, deployment steps, and code review notes.",software_engineering,high,8.9,9.1,9.7,8.3,8.7
"Assess student performance in blended learning including assessment criteria with scaffolding guides. Include examples. Include metrics or KPIs.  Include objectives, prerequisites, activities, assessment criteria, extension tasks, and gamified exercises.",education,high,8.6,9.0,9.5,9.9,8.9
"Produce a podcast episode on content gap analysis including editorial calendar with examples and templates with storytelling frameworks. Include metrics or KPIs. Focus on practical applications.  Provide audience personas, keyword clusters, distribution plan, success KPIs, and visual references.",content_creation,high,8.9,8.9,8.3,8.4,7.8
"Analyze OAuth 2.0 with security audit checklist with CI/CD pipeline setup. Include examples. Suggest best practices.  Include architecture choices, security considerations, testing strategy, deployment steps, and code review notes.",software_engineering,high,8.9,9.1,9.8,8.3,7.8
"Write unit tests for API versioning with CI/CD pipeline setup step by step. Consider edge cases. Focus on practical applications.  Include architecture choices, security considerations, testing strategy, deployment steps, and code review notes.",software_engineering,high,8.6,8.8,9.8,8.6,8.3
"Write a blog post about editorial calendars for a product launch with examples and templates with engagement metrics. Include metrics or KPIs. Focus on practical applications.  Provide audience personas, keyword clusters, distribution plan, success KPIs, and visual references.",content_creation,high,9.1,9.6,9.6,8.5,8.0
"Draft a unit outline on project-based learning using active learning for a 45-minute session. Focus on practical applications. Consider edge cases.  Include objectives, prerequisites, activities, assessment criteria, extension tasks, and gamified exercises.",education,high,9.4,9.1,9.1,8.8,8.9
"Create scaffolding materials for student engagement metrics with differentiated activities with peer evaluation using adaptive learning. Suggest best practices. Include examples.  Include objectives, prerequisites, activities, assessment criteria, extension tasks, and gamified exercises.",education,high,9.6,8.8,8.6,9.3,8.8
"Design refactoring legacy code covering security trade-offs including pros and cons. Suggest best practices. Highlight potential pitfalls.  Include architecture choices, security considerations, testing strategy, deployment steps, and code review notes.",software_engineering,high,9.8,8.8,10.0,9.0,8.9
"Write teacher notes about learning outcomes using adaptive learning with remediation ideas. Provide step-by-step guidance. Suggest best practices.  Include objectives, prerequisites, activities, assessment criteria, extension tasks, and gamified exercises.",education,high,9.7,9.9,9.9,8.4,8.5
"Analyze outcomes of peer assessment with microlearning exercises with classroom examples for high school students. Provide step-by-step guidance. Suggest best practices.  Include objectives, prerequisites, activities, assessment criteria, extension tasks, and gamified exercises.",education,high,8.2,10.0,9.6,8.8,8.7
"Compare approaches to content repurposing including conversion optimization tips including editorial calendar with A/B testing suggestions. Include examples. Include metrics or KPIs.  Provide audience personas, keyword clusters, distribution plan, success KPIs, and visual references.",content_creation,high,8.2,9.7,8.7,9.4,8.6
"Develop classroom activities for flipped classroom models using adaptive learning including gamified exercises aligned to learning outcomes. Include metrics or KPIs. Focus on practical applications.  Include objectives, prerequisites, activities, assessment criteria, extension tasks, and gamified exercises.",education,high,9.5,8.6,8.9,8.4,8.9
"Automate deployment for memory leaks with detailed bug analysis for a production environment with security audit checklist. Include examples. Suggest best practices.  Include architecture choices, security considerations, testing strategy, deployment steps, and code review notes.",software_engineering,high,8.7,9.6,9.4,9.1,7.7
"Document security vulnerabilities for a production environment covering security trade-offs. Use real-world examples. Suggest best practices.  Include architecture choices, security considerations, testing strategy, deployment steps, and code review notes.",software_engineering,high,9.0,8.0,8.8,8.6,8.1
"Create assessment quizzes for project-based learning including formative checks for blended learning for high school students. Suggest best practices. Consider edge cases.  Include objectives, prerequisites, activities, assessment criteria, extension tasks, and gamified exercises.",education,high,8.9,9.3,9.3,10.0,8.4
"Write educational guides for classroom management with learning analytics suggestions including gamified exercises with classroom examples. Suggest best practices. Provide step-by-step guidance.  Include objectives, prerequisites, activities, assessment criteria, extension tasks, and gamified exercises.",education,high,8.6,8.2,8.2,8.2,8.4
"Automate deployment for refactoring legacy code with architecture diagrams covering edge cases. Include examples. Focus on practical applications.  Include architecture choices, security considerations, testing strategy, deployment steps, and code review notes.",software_engineering,high,8.3,9.6,9.5,8.8,7.9
"Create an editorial plan for brand voice guidelines with tone and style guidelines including influencer mentions. Suggest best practices. Explain to a beginner.  Provide audience personas, keyword clusters, distribution plan, success KPIs, and visual references.",content_creation,high,9.1,9.4,9.6,9.6,7.3
"Audit content for customer journey mapping with audience personas including editorial calendar. Consider edge cases. Focus on practical applications.  Provide audience personas, keyword clusters, distribution plan, success KPIs, and visual references.",content_creation,high,8.0,9.2,9.6,8.6,8.3
"Conduct load testing for REST APIs with CI/CD pipeline setup with diagrams. Suggest best practices. Consider edge cases.  Include architecture choices, security considerations, testing strategy, deployment steps, and code review notes.",software_engineering,high,9.4,8.1,9.6,8.2,7.7
"Explain feature toggles with code review notes with performance considerations. Highlight potential pitfalls. Include examples.  Include architecture choices, security considerations, testing strategy, deployment steps, and code review notes.",software_engineering,high,10.0,9.3,9.0,9.4,8.1
"Create infographics on thought leadership posts with visual references including conversion optimization tips. Provide step-by-step guidance. Use real-world examples.  Provide audience personas, keyword clusters, distribution plan, success KPIs, and visual references.",content_creation,high,8.6,9.4,9.6,8.9,7.6
"Summarize best practices for clean architecture with code review notes with debugging tips covering security trade-offs. Consider edge cases. Include examples.  Include architecture choices, security considerations, testing strategy, deployment steps, and code review notes.",software_engineering,high,8.6,9.0,8.5,8.7,7.8
"Plan a webinar on social media audit for social and blog formats including conversion optimization tips including editorial calendar. Focus on practical applications. Explain to a beginner.  Provide audience personas, keyword clusters, distribution plan, success KPIs, and visual references.",content_creation,high,8.2,9.6,9.3,8.3,8.8
"Draft a proposal for feature toggles with testing strategies covering security trade-offs with debugging tips. Include examples. Consider edge cases.  Include architecture choices, security considerations, testing strategy, deployment steps, and code review notes.",software_engineering,high,8.1,8.2,8.3,8.1,7.4
"Implement security vulnerabilities covering edge cases with security audit checklist. Include examples. Include metrics or KPIs.  Include architecture choices, security considerations, testing strategy, deployment steps, and code review notes.",software_engineering,high,8.3,8.7,8.8,8.6,8.0
"Analyze outcomes of digital literacy with competency tracking with scaffolding guides. Explain to a beginner. Consider edge cases.  Include objectives, prerequisites, activities, assessment criteria, extension tasks, and gamified exercises.",education,high,9.3,8.8,9.6,9.8,7.0
"Draft a unit outline on Bloom’s taxonomy with peer evaluation including gamified exercises. Provide step-by-step guidance. Focus on practical applications.  Include objectives, prerequisites, activities, assessment criteria, extension tasks, and gamified exercises.",education,high,8.1,9.8,8.2,9.0,7.1
"Produce a podcast episode on editorial calendars with visual references with storytelling frameworks. Include metrics or KPIs. Provide step-by-step guidance.  Provide audience personas, keyword clusters, distribution plan, success KPIs, and visual references.",content_creation,high,9.3,9.5,9.7,8.9,7.2
"Map a curriculum for critical thinking exercises including assessment criteria for blended learning. Use real-world examples. Focus on practical applications.  Include objectives, prerequisites, activities, assessment criteria, extension tasks, and gamified exercises.",education,high,8.1,9.2,9.6,8.2,7.2
"Produce a podcast episode on social media audit including conversion optimization tips for a product launch. Focus on practical applications. Suggest best practices.  Provide audience personas, keyword clusters, distribution plan, success KPIs, and visual references.",content_creation,high,9.5,8.7,9.8,9.9,7.2
"Write unit tests for bug fixes including deployment steps with security audit checklist. Suggest best practices. Use real-world examples.  Include architecture choices, security considerations, testing strategy, deployment steps, and code review notes.",software_engineering,high,8.8,9.1,9.9,8.1,8.9
"Design a rubric for peer assessment with classroom examples with learning analytics suggestions. Suggest best practices. Include examples.  Include objectives, prerequisites, activities, assessment criteria, extension tasks, and gamified exercises.",education,high,9.7,9.2,8.8,8.7,7.7
"Document serverless architecture with security audit checklist covering security trade-offs. Include examples. Provide step-by-step guidance.  Include architecture choices, security considerations, testing strategy, deployment steps, and code review notes.",software_engineering,high,9.3,9.6,9.7,8.5,8.9
"Optimize copy for SEO customer journey mapping with A/B testing suggestions with distribution channels including keyword research. Include examples. Include metrics or KPIs.  Provide audience personas, keyword clusters, distribution plan, success KPIs, and visual references.",content_creation,high,8.6,8.1,9.8,9.3,8.5
"Facilitate peer review for edtech tools with learning analytics suggestions for a 45-minute session. Use real-world examples. Consider edge cases.  Include objectives, prerequisites, activities, assessment criteria, extension tasks, and gamified exercises.",education,high,8.9,8.5,8.5,8.8,7.2
"Draft a unit outline on peer assessment with learning analytics suggestions using adaptive learning including gamified exercises. Suggest best practices. Include examples.  Include objectives, prerequisites, activities, assessment criteria, extension tasks, and gamified exercises.",education,high,8.5,9.4,9.8,9.2,8.6
"Conduct load testing for Kubernetes for a production environment with code review notes with performance benchmarks. Highlight potential pitfalls. Suggest best practices.  Include architecture choices, security considerations, testing strategy, deployment steps, and code review notes.",software_engineering,high,8.3,8.7,8.3,8.8,8.3
"Analyze microservices with testing strategies with code examples with debugging tips. Focus on practical applications. Highlight potential pitfalls.  Include architecture choices, security considerations, testing strategy, deployment steps, and code review notes.",software_engineering,high,9.8,9.0,9.4,9.3,7.5
"Summarize best practices for event-driven systems with performance benchmarks with CI/CD pipeline setup with code examples. Focus on practical applications. Highlight potential pitfalls.  Include architecture choices, security considerations, testing strategy, deployment steps, and code review notes.",software_engineering,high,9.3,9.0,9.1,9.6,7.5
"Optimize copy for SEO storytelling techniques with A/B testing suggestions with measurable KPIs covering SEO best practices. Include examples. Consider edge cases.  Provide audience personas, keyword clusters, distribution plan, success KPIs, and visual references.",content_creation,high,9.2,8.6,9.2,8.9,8.8
"Create interactive quizzes for case study frameworks including conversion optimization tips with visual references. Suggest best practices. Consider edge cases.  Provide audience personas, keyword clusters, distribution plan, success KPIs, and visual references.",content_creation,high,9.4,9.8,9.5,9.7,7.9
"Draft a proposal for monitoring dashboards including deployment steps with testing strategies. Include metrics or KPIs. Highlight potential pitfalls.  Include architecture choices, security considerations, testing strategy, deployment steps, and code review notes.",software_engineering,high,8.5,8.6,8.6,9.5,8.0
"Draft video scripts about influencer collaborations with engagement metrics for social and blog formats with measurable KPIs. Include metrics or KPIs. Provide step-by-step guidance.  Provide audience personas, keyword clusters, distribution plan, success KPIs, and visual references.",content_creation,high,8.6,9.0,9.1,9.0,8.2
"Design logging and observability including deployment steps with performance considerations with architecture diagrams. Include metrics or KPIs. Use real-world examples.  Include architecture choices, security considerations, testing strategy, deployment steps, and code review notes.",software_engineering,high,9.5,8.5,8.9,9.1,8.2
"Design a content brief for YouTube scripts covering multichannel strategy for a B2B SaaS brand with measurable KPIs. Highlight potential pitfalls. Provide step-by-step guidance.  Provide audience personas, keyword clusters, distribution plan, success KPIs, and visual references.",content_creation,high,8.2,9.5,9.8,9.5,7.6
"Conduct load testing for logging and observability including refactoring steps with architecture diagrams with performance considerations. Suggest best practices. Include examples.  Include architecture choices, security considerations, testing strategy, deployment steps, and code review notes.",software_engineering,high,8.8,8.1,8.9,8.9,8.3
"Design adaptive learning modules for peer assessment for blended learning covering collaborative projects. Include examples. Provide step-by-step guidance.  Include objectives, prerequisites, activities, assessment criteria, extension tasks, and gamified exercises.",education,high,8.7,9.5,8.8,9.5,7.8
"Write social captions about social media audit with engagement metrics with storytelling frameworks with examples and templates. Explain to a beginner. Provide step-by-step guidance.  Provide audience personas, keyword clusters, distribution plan, success KPIs, and visual references.",content_creation,high,9.6,8.4,8.6,9.4,7.5
"Design a content brief for visual storytelling covering SEO best practices including keyword research covering multichannel strategy. Use real-world examples. Suggest best practices.  Provide audience personas, keyword clusters, distribution plan, success KPIs, and visual references.",content_creation,high,9.2,9.6,9.5,8.1,7.1
"Create assessment quizzes for gamified learning with scaffolding guides for a 45-minute session with learning analytics suggestions. Include examples. Include metrics or KPIs.  Include objectives, prerequisites, activities, assessment criteria, extension tasks, and gamified exercises.",education,high,9.9,9.7,9.1,8.7,7.7
"Design visual assets for engagement metrics with visual references with engagement metrics. Use real-world examples. Include metrics or KPIs.  Provide audience personas, keyword clusters, distribution plan, success KPIs, and visual references.",content_creation,high,9.1,8.1,8.7,9.0,9.0
"Investigate memory leaks in dependency injection including pros and cons with performance considerations with detailed bug analysis. Provide step-by-step guidance. Include metrics or KPIs.  Include architecture choices, security considerations, testing strategy, deployment steps, and code review notes.",software_engineering,high,8.7,9.7,8.0,8.2,8.6
"Implement memory leaks with CI/CD pipeline setup step by step. Highlight potential pitfalls. Use real-world examples.  Include architecture choices, security considerations, testing strategy, deployment steps, and code review notes.",software_engineering,high,8.6,9.8,8.2,9.1,7.7
"Produce a podcast episode on storytelling techniques including editorial calendar including keyword research with measurable KPIs. Provide step-by-step guidance. Focus on practical applications.  Provide audience personas, keyword clusters, distribution plan, success KPIs, and visual references.",content_creation,high,8.7,9.2,8.8,9.3,7.2
"Outline a guide on brand messaging for social and blog formats with A/B testing suggestions including influencer mentions. Consider edge cases. Highlight potential pitfalls.  Provide audience personas, keyword clusters, distribution plan, success KPIs, and visual references.",content_creation,high,8.1,9.4,8.6,9.2,7.4
"Develop email campaigns for conversion copywriting covering SEO best practices for a B2B SaaS brand with engagement metrics. Include metrics or KPIs. Highlight potential pitfalls.  Provide audience personas, keyword clusters, distribution plan, success KPIs, and visual references.",content_creation,high,8.6,8.9,9.9,8.1,7.4
"Outline a guide on thought leadership posts with distribution channels for a product launch with measurable KPIs. Highlight potential pitfalls. Use real-world examples.  Provide audience personas, keyword clusters, distribution plan, success KPIs, and visual references.",content_creation,high,8.4,8.2,8.4,9.0,7.8
"Refactor load testing with code review notes including deployment steps. Use real-world examples. Include examples.  Include architecture choices, security considerations, testing strategy, deployment steps, and code review notes.",software_engineering,high,9.3,8.8,9.0,8.6,8.6
"Design a content brief for conversion copywriting with engagement metrics covering multichannel strategy. Use real-world examples. Include metrics or KPIs.  Provide audience personas, keyword clusters, distribution plan, success KPIs, and visual references.",content_creation,high,9.4,9.6,9.4,9.4,7.7
"Create infographics on newsletter strategy with distribution channels covering SEO best practices with storytelling frameworks. Focus on practical applications. Include metrics or KPIs.  Provide audience personas, keyword clusters, distribution plan, success KPIs, and visual references.",content_creation,high,8.4,9.0,8.4,10.0,8.6
"Create assessment quizzes for differentiated instruction with extension tasks using active learning. Consider edge cases. Focus on practical applications.  Include objectives, prerequisites, activities, assessment criteria, extension tasks, and gamified exercises.",education,high,8.3,8.3,8.9,9.5,8.1
"Investigate memory leaks in distributed transactions including refactoring steps using real-world scenarios with code review notes. Explain to a beginner. Include examples.  Include architecture choices, security considerations, testing strategy, deployment steps, and code review notes.",software_engineering,high,9.2,8.6,9.4,8.2,8.0
"Develop gamified exercises on Bloom’s taxonomy with competency tracking with learning analytics suggestions including real-world examples. Provide step-by-step guidance. Include examples.  Include objectives, prerequisites, activities, assessment criteria, extension tasks, and gamified exercises.",education,high,9.0,8.3,9.2,9.0,8.5
"Develop email campaigns for social media audit covering multichannel strategy with examples and templates for social and blog formats. Highlight potential pitfalls. Provide step-by-step guidance.  Provide audience personas, keyword clusters, distribution plan, success KPIs, and visual references.",content_creation,high,8.7,8.5,8.4,9.2,8.7
"Write teacher notes about peer assessment including assessment criteria including real-world examples. Suggest best practices. Include examples.  Include objectives, prerequisites, activities, assessment criteria, extension tasks, and gamified exercises.",education,high,8.3,8.6,9.2,9.2,8.8
"Write unit tests for Node.js with Express including pros and cons with performance considerations using real-world scenarios. Highlight potential pitfalls. Focus on practical applications.  Include architecture choices, security considerations, testing strategy, deployment steps, and code review notes.",software_engineering,high,8.6,9.7,9.2,8.9,7.7
"Create assessment quizzes for instructional design patterns with learning analytics suggestions using active learning. Suggest best practices. Use real-world examples.  Include objectives, prerequisites, activities, assessment criteria, extension tasks, and gamified exercises.",education,high,8.7,8.6,9.5,9.7,7.4
"Create assessment quizzes for educational psychology aligned to learning outcomes including formative checks with microlearning exercises. Suggest best practices. Explain to a beginner.  Include objectives, prerequisites, activities, assessment criteria, extension tasks, and gamified exercises.",education,high,9.7,8.1,9.6,8.8,7.1
"Explain event-driven systems including pros and cons with detailed bug analysis with diagrams. Include metrics or KPIs. Consider edge cases.  Include architecture choices, security considerations, testing strategy, deployment steps, and code review notes.",software_engineering,high,8.4,9.0,8.6,8.4,7.7
"Optimize performance of distributed transactions for a production environment with diagrams. Consider edge cases. Suggest best practices.  Include architecture choices, security considerations, testing strategy, deployment steps, and code review notes.",software_engineering,high,8.8,9.5,8.4,9.2,8.3
"Create an editorial plan for email drip campaigns with visual references including editorial calendar. Explain to a beginner. Use real-world examples.  Provide audience personas, keyword clusters, distribution plan, success KPIs, and visual references.",content_creation,high,8.6,9.6,8.6,9.6,9.0
"Explain fundamentals of STEM integration including formative checks with differentiated activities with scaffolding guides. Suggest best practices. Highlight potential pitfalls.  Include objectives, prerequisites, activities, assessment criteria, extension tasks, and gamified exercises.",education,high,10.0,8.1,10.0,9.4,8.8
"Assess student performance in digital literacy including gamified exercises including formative checks including assessment criteria. Highlight potential pitfalls. Focus on practical applications.  Include objectives, prerequisites, activities, assessment criteria, extension tasks, and gamified exercises.",education,high,9.4,9.2,9.6,9.7,8.7
"Plan a flipped classroom session on blended learning with scaffolding guides covering collaborative projects with differentiated activities. Highlight potential pitfalls. Provide step-by-step guidance.  Include objectives, prerequisites, activities, assessment criteria, extension tasks, and gamified exercises.",education,high,9.0,8.3,8.6,8.8,7.3
"Design adaptive learning modules for learning outcomes covering collaborative projects aligned to learning outcomes with extension tasks. Focus on practical applications. Suggest best practices.  Include objectives, prerequisites, activities, assessment criteria, extension tasks, and gamified exercises.",education,high,8.6,10.0,9.4,9.9,8.2
"Summarize techniques for case study frameworks covering SEO best practices covering multichannel strategy with visual references. Suggest best practices. Consider edge cases.  Provide audience personas, keyword clusters, distribution plan, success KPIs, and visual references.",content_creation,high,9.5,9.1,8.7,8.2,7.6
"Plan a webinar on infographic design with measurable KPIs with audience personas including keyword research. Use real-world examples. Suggest best practices.  Provide audience personas, keyword clusters, distribution plan, success KPIs, and visual references.",content_creation,high,9.9,9.0,9.7,9.0,8.5
"Develop gamified exercises on edtech tools aligned to learning outcomes for a 45-minute session for blended learning. Consider edge cases. Use real-world examples.  Include objectives, prerequisites, activities, assessment criteria, extension tasks, and gamified exercises.",education,high,9.0,8.4,9.4,9.4,9.0
"Create an editorial plan for blog topic clusters covering multichannel strategy for a product launch with measurable KPIs. Suggest best practices. Use real-world examples.  Provide audience personas, keyword clusters, distribution plan, success KPIs, and visual references.",content_creation,high,8.5,8.5,8.4,8.2,8.2
"Debug memory leaks with security audit checklist for a production environment. Include examples. Highlight potential pitfalls.  Include architecture choices, security considerations, testing strategy, deployment steps, and code review notes.",software_engineering,high,9.1,8.7,9.0,9.1,7.7
"Analyze trends in email drip campaigns for email marketing covering SEO best practices. Suggest best practices. Highlight potential pitfalls.  Provide audience personas, keyword clusters, distribution plan, success KPIs, and visual references.",content_creation,high,9.5,9.0,9.5,9.6,8.4
"Explain fundamentals of collaborative projects including gamified exercises including real-world examples. Focus on practical applications. Provide step-by-step guidance.  Include objectives, prerequisites, activities, assessment criteria, extension tasks, and gamified exercises.",education,high,9.8,9.8,8.1,10.0,8.1
"Assess security for CI/CD pipelines including refactoring steps with performance benchmarks including deployment steps. Suggest best practices. Highlight potential pitfalls.  Include architecture choices, security considerations, testing strategy, deployment steps, and code review notes.",software_engineering,high,9.2,8.3,8.6,9.7,8.3
"Plan a migration for logging and observability including alternative implementations step by step for a production environment. Consider edge cases. Include metrics or KPIs.  Include architecture choices, security considerations, testing strategy, deployment steps, and code review notes.",software_engineering,high,9.1,8.8,9.5,9.3,7.3
"Write a blog post about multichannel campaigns with engagement metrics with visual references including keyword research. Explain to a beginner. Consider edge cases.  Provide audience personas, keyword clusters, distribution plan, success KPIs, and visual references.",content_creation,high,8.7,8.2,9.6,9.4,7.0
"Design a rubric for digital literacy covering collaborative projects including assessment criteria with peer evaluation. Include metrics or KPIs. Provide step-by-step guidance.  Include objectives, prerequisites, activities, assessment criteria, extension tasks, and gamified exercises.",education,high,9.4,9.2,9.8,8.0,7.2
"Write social captions about infographic design including conversion optimization tips covering multichannel strategy. Highlight potential pitfalls. Use real-world examples.  Provide audience personas, keyword clusters, distribution plan, success KPIs, and visual references.",content_creation,high,8.0,9.0,9.9,8.1,7.9
"Analyze trends in multichannel campaigns including influencer mentions with tone and style guidelines. Include metrics or KPIs. Suggest best practices.  Provide audience personas, keyword clusters, distribution plan, success KPIs, and visual references.",content_creation,high,10.0,8.5,8.9,9.8,8.4
"Design performance profiling including alternative implementations with security audit checklist with performance considerations. Include metrics or KPIs. Suggest best practices.  Include architecture choices, security considerations, testing strategy, deployment steps, and code review notes.",software_engineering,high,8.8,8.6,8.2,8.7,8.7
"Create interactive quizzes for email drip campaigns including influencer mentions including keyword research including editorial calendar. Explain to a beginner. Provide step-by-step guidance.  Provide audience personas, keyword clusters, distribution plan, success KPIs, and visual references.",content_creation,high,9.4,9.6,9.5,8.7,8.3
"Analyze trends in multichannel campaigns with audience personas including keyword research. Consider edge cases. Provide step-by-step guidance.  Provide audience personas, keyword clusters, distribution plan, success KPIs, and visual references.",content_creation,high,9.1,9.8,8.7,8.6,8.2
"Conduct load testing for serverless architecture using real-world scenarios with security audit checklist including alternative implementations. Explain to a beginner. Include examples.  Include architecture choices, security considerations, testing strategy, deployment steps, and code review notes.",software_engineering,high,9.7,9.8,8.5,9.0,8.9
"Plan a webinar on engagement metrics with A/B testing suggestions including keyword research. Consider edge cases. Include metrics or KPIs.  Provide audience personas, keyword clusters, distribution plan, success KPIs, and visual references.",content_creation,high,9.9,9.8,9.7,9.3,7.9
"Plan a webinar on A/B testing headlines with storytelling frameworks for a product launch covering multichannel strategy. Focus on practical applications. Use real-world examples.  Provide audience personas, keyword clusters, distribution plan, success KPIs, and visual references.",content_creation,high,8.3,8.7,9.0,9.8,8.3
"Evaluate architecture of Node.js with Express with CI/CD pipeline setup with performance benchmarks. Include examples. Include metrics or KPIs.  Include architecture choices, security considerations, testing strategy, deployment steps, and code review notes.",software_engineering,high,8.7,8.4,9.0,8.1,7.7
"Facilitate peer review for curriculum mapping using active learning including assessment criteria with differentiated activities. Explain to a beginner. Focus on practical applications.  Include objectives, prerequisites, activities, assessment criteria, extension tasks, and gamified exercises.",education,high,9.8,8.1,9.4,8.1,7.4
"Draft video scripts about viral hooks with measurable KPIs with audience personas. Explain to a beginner. Consider edge cases.  Provide audience personas, keyword clusters, distribution plan, success KPIs, and visual references.",content_creation,high,10.0,10.0,9.5,8.5,7.4
"Draft a proposal for static code analysis with performance benchmarks including alternative implementations. Explain to a beginner. Highlight potential pitfalls.  Include architecture choices, security considerations, testing strategy, deployment steps, and code review notes.",software_engineering,high,9.6,9.2,8.4,9.1,8.9
"Refactor performance profiling including refactoring steps including alternative implementations with performance considerations. Explain to a beginner. Highlight potential pitfalls.  Include architecture choices, security considerations, testing strategy, deployment steps, and code review notes.",software_engineering,high,9.6,8.7,9.7,8.3,7.7
"Create a lesson plan on edtech tools with scaffolding guides with differentiated activities. Include examples. Use real-world examples.  Include objectives, prerequisites, activities, assessment criteria, extension tasks, and gamified exercises.",education,high,8.8,8.2,8.5,9.9,8.6
"Debug unit testing with diagrams step by step including alternative implementations. Consider edge cases. Suggest best practices.  Include architecture choices, security considerations, testing strategy, deployment steps, and code review notes.",software_engineering,high,8.3,9.8,9.7,9.5,8.6
"Write case studies on customer journey mapping with measurable KPIs with engagement metrics with interactive elements. Focus on practical applications. Highlight potential pitfalls.  Provide audience personas, keyword clusters, distribution plan, success KPIs, and visual references.",content_creation,high,8.6,9.3,9.0,9.8,7.8
"Create a tutorial on incident response with code review notes including refactoring steps with performance benchmarks. Focus on practical applications. Provide step-by-step guidance.  Include architecture choices, security considerations, testing strategy, deployment steps, and code review notes.",software_engineering,high,9.2,8.1,9.7,9.0,8.2
"Design logging and observability including refactoring steps with detailed bug analysis. Include examples. Consider edge cases.  Include architecture choices, security considerations, testing strategy, deployment steps, and code review notes.",software_engineering,high,9.2,8.1,8.4,9.9,7.7
"Explain fundamentals of peer assessment including gamified exercises including formative checks with classroom examples. Include examples. Highlight potential pitfalls.  Include objectives, prerequisites, activities, assessment criteria, extension tasks, and gamified exercises.",education,high,8.5,8.4,8.3,9.9,7.0
"Facilitate peer review for project rubrics including assessment criteria for high school students. Consider edge cases. Explain to a beginner.  Include objectives, prerequisites, activities, assessment criteria, extension tasks, and gamified exercises.",education,high,9.9,9.3,8.7,9.7,7.7
"Assess student performance in flipped classroom models for blended learning aligned to learning outcomes including assessment criteria. Focus on practical applications. Consider edge cases.  Include objectives, prerequisites, activities, assessment criteria, extension tasks, and gamified exercises.",education,high,9.9,8.6,8.9,9.6,7.9
"Debug Docker containers with diagrams with code examples. Consider edge cases. Provide step-by-step guidance.  Include architecture choices, security considerations, testing strategy, deployment steps, and code review notes.",software_engineering,high,9.9,9.7,9.7,9.2,8.8
"Summarize best practices for GraphQL schemas with testing strategies with performance considerations including deployment steps. Suggest best practices. Use real-world examples.  Include architecture choices, security considerations, testing strategy, deployment steps, and code review notes.",software_engineering,high,9.1,8.5,9.7,9.9,7.9
"Refactor caching strategies with CI/CD pipeline setup with code examples step by step. Highlight potential pitfalls. Provide step-by-step guidance.  Include architecture choices, security considerations, testing strategy, deployment steps, and code review notes.",software_engineering,high,9.7,9.5,9.2,8.4,8.0
"Create scaffolding materials for Bloom’s taxonomy with extension tasks covering collaborative projects aligned to learning outcomes. Suggest best practices. Provide step-by-step guidance.  Include objectives, prerequisites, activities, assessment criteria, extension tasks, and gamified exercises.",education,high,8.3,9.0,9.8,8.9,8.4
"Compare OpenID Connect with debugging tips with CI/CD pipeline setup. Include metrics or KPIs. Focus on practical applications.  Include architecture choices, security considerations, testing strategy, deployment steps, and code review notes.",software_engineering,high,8.7,8.9,8.9,9.3,7.1
"Analyze outcomes of adaptive learning with competency tracking aligned to learning outcomes. Consider edge cases. Highlight potential pitfalls.  Include objectives, prerequisites, activities, assessment criteria, extension tasks, and gamified exercises.",education,high,8.2,8.4,8.9,8.6,8.0
"Generate a list of viral hooks including editorial calendar for a B2B SaaS brand with audience personas. Use real-world examples. Include metrics or KPIs.  Provide audience personas, keyword clusters, distribution plan, success KPIs, and visual references.",content_creation,high,8.9,9.4,8.8,8.1,8.3
"Develop email campaigns for A/B testing headlines with A/B testing suggestions including influencer mentions including editorial calendar. Consider edge cases. Focus on practical applications.  Provide audience personas, keyword clusters, distribution plan, success KPIs, and visual references.",content_creation,high,9.9,9.3,8.7,8.1,8.5
"Create scaffolding materials for learning outcomes with differentiated activities with remediation ideas. Provide step-by-step guidance. Focus on practical applications.  Include objectives, prerequisites, activities, assessment criteria, extension tasks, and gamified exercises.",education,high,8.7,8.9,10.0,8.3,7.7
"Design a rubric for project rubrics with microlearning exercises for a 45-minute session covering collaborative projects. Include metrics or KPIs. Explain to a beginner.  Include objectives, prerequisites, activities, assessment criteria, extension tasks, and gamified exercises.",education,high,8.4,8.8,9.3,8.4,7.2
"Summarize techniques for social media hooks with distribution channels for social and blog formats with audience personas. Highlight potential pitfalls. Focus on practical applications.  Provide audience personas, keyword clusters, distribution plan, success KPIs, and visual references.",content_creation,high,8.8,8.7,8.0,9.7,7.8
"Review code for GraphQL schemas including pros and cons including deployment steps. Include metrics or KPIs. Suggest best practices.  Include architecture choices, security considerations, testing strategy, deployment steps, and code review notes.",software_engineering,high,8.5,9.0,8.2,8.9,8.8
"Summarize research on flipped classroom models with peer evaluation with differentiated activities. Provide step-by-step guidance. Highlight potential pitfalls.  Include objectives, prerequisites, activities, assessment criteria, extension tasks, and gamified exercises.",education,high,9.6,8.2,8.1,8.0,7.9
"Write social captions about social media audit for email marketing with storytelling frameworks. Consider edge cases. Include metrics or KPIs.  Provide audience personas, keyword clusters, distribution plan, success KPIs, and visual references.",content_creation,high,9.3,8.5,8.1,9.3,8.1
"Configure CI/CD for React state management with debugging tips with diagrams with CI/CD pipeline setup. Provide step-by-step guidance. Suggest best practices.  Include architecture choices, security considerations, testing strategy, deployment steps, and code review notes.",software_engineering,high,9.2,9.5,8.1,9.0,7.7
"Develop gamified exercises on educational psychology including real-world examples using active learning. Consider edge cases. Include metrics or KPIs.  Include objectives, prerequisites, activities, assessment criteria, extension tasks, and gamified exercises.",education,high,9.6,8.2,9.1,9.1,8.7
"Implement end-to-end testing with code review notes using real-world scenarios for a production environment. Use real-world examples. Include metrics or KPIs.  Include architecture choices, security considerations, testing strategy, deployment steps, and code review notes.",software_engineering,high,8.3,8.8,8.5,9.1,8.1
"Create a lesson plan on differentiated instruction with competency tracking with differentiated activities for high school students. Include examples. Use real-world examples.  Include objectives, prerequisites, activities, assessment criteria, extension tasks, and gamified exercises.",education,high,8.1,9.2,9.9,9.3,8.2
"Create scaffolding materials for learning analytics covering collaborative projects with learning analytics suggestions. Focus on practical applications. Include metrics or KPIs.  Include objectives, prerequisites, activities, assessment criteria, extension tasks, and gamified exercises.",education,high,9.1,8.3,9.4,8.4,7.0
"Design a content brief for storytelling techniques with distribution channels including editorial calendar covering multichannel strategy. Include examples. Highlight potential pitfalls.  Provide audience personas, keyword clusters, distribution plan, success KPIs, and visual references.",content_creation,high,8.5,8.5,8.2,9.8,7.6
"Refactor React state management with CI/CD pipeline setup with detailed bug analysis. Provide step-by-step guidance. Explain to a beginner.  Include architecture choices, security considerations, testing strategy, deployment steps, and code review notes.",software_engineering,high,9.6,9.0,10.0,9.1,8.1
"Design visual assets for case study frameworks including editorial calendar including influencer mentions. Suggest best practices. Focus on practical applications.  Provide audience personas, keyword clusters, distribution plan, success KPIs, and visual references.",content_creation,high,9.6,8.9,9.8,9.3,8.5
"Create a tutorial on memory leaks with code review notes including deployment steps. Use real-world examples. Focus on practical applications.  Include architecture choices, security considerations, testing strategy, deployment steps, and code review notes.",software_engineering,high,9.3,9.4,9.8,8.3,7.3
"Fix bugs in Node.js with Express covering security trade-offs with architecture diagrams. Include metrics or KPIs. Focus on practical applications.  Include architecture choices, security considerations, testing strategy, deployment steps, and code review notes.",software_engineering,high,8.6,10.0,8.8,9.5,7.6
"Develop email campaigns for interactive content with examples and templates with storytelling frameworks. Include examples. Explain to a beginner.  Provide audience personas, keyword clusters, distribution plan, success KPIs, and visual references.",content_creation,high,9.9,9.1,10.0,8.1,8.5
"Plan a webinar on viral hooks including conversion optimization tips with measurable KPIs covering SEO best practices. Highlight potential pitfalls. Explain to a beginner.  Provide audience personas, keyword clusters, distribution plan, success KPIs, and visual references.",content_creation,high,8.7,8.7,8.9,8.2,8.4
"Plan a webinar on A/B testing headlines with engagement metrics including editorial calendar. Provide step-by-step guidance. Highlight potential pitfalls.  Provide audience personas, keyword clusters, distribution plan, success KPIs, and visual references.",content_creation,high,9.6,8.5,9.2,9.8,8.2
"Assess student performance in formative assessment with competency tracking including real-world examples for blended learning. Include examples. Use real-world examples.  Include objectives, prerequisites, activities, assessment criteria, extension tasks, and gamified exercises.",education,high,8.6,8.6,9.0,8.9,8.2
"Summarize research on blended learning covering collaborative projects including gamified exercises. Include metrics or KPIs. Focus on practical applications.  Include objectives, prerequisites, activities, assessment criteria, extension tasks, and gamified exercises.",education,high,9.2,8.3,9.0,8.3,7.7
"Draft video scripts about SEO content pillars for a B2B SaaS brand with examples and templates. Focus on practical applications. Provide step-by-step guidance.  Provide audience personas, keyword clusters, distribution plan, success KPIs, and visual references.",content_creation,high,9.3,9.3,9.7,9.0,7.9
"Compare approaches to content gap analysis with examples and templates for social and blog formats with interactive elements. Consider edge cases. Highlight potential pitfalls.  Provide audience personas, keyword clusters, distribution plan, success KPIs, and visual references.",content_creation,high,8.4,9.2,8.8,9.7,7.4
"Analyze bug fixes with code review notes with detailed bug analysis. Suggest best practices. Provide step-by-step guidance.  Include architecture choices, security considerations, testing strategy, deployment steps, and code review notes.",software_engineering,high,9.4,9.6,9.8,8.2,7.2
"Create assessment quizzes for instructional scaffolding using adaptive learning including formative checks including gamified exercises. Consider edge cases. Include metrics or KPIs.  Include objectives, prerequisites, activities, assessment criteria, extension tasks, and gamified exercises.",education,high,9.0,8.9,9.5,8.5,8.1
"Write unit tests for distributed transactions including deployment steps covering edge cases including refactoring steps. Include metrics or KPIs. Provide step-by-step guidance.  Include architecture choices, security considerations, testing strategy, deployment steps, and code review notes.",software_engineering,high,8.3,9.5,9.8,9.4,7.1
"Plan a webinar on storytelling techniques with measurable KPIs for email marketing with tone and style guidelines. Explain to a beginner. Include metrics or KPIs.  Provide audience personas, keyword clusters, distribution plan, success KPIs, and visual references.",content_creation,high,8.5,8.3,9.1,8.4,7.3
"Plan a webinar on brand voice guidelines with storytelling frameworks for social and blog formats. Include examples. Focus on practical applications.  Provide audience personas, keyword clusters, distribution plan, success KPIs, and visual references.",content_creation,high,8.3,9.8,9.2,8.2,8.1
"Write social captions about SEO content pillars with A/B testing suggestions for email marketing for a B2B SaaS brand. Explain to a beginner. Use real-world examples.  Provide audience personas, keyword clusters, distribution plan, success KPIs, and visual references.",content_creation,high,8.8,9.9,8.4,8.5,7.9
"Summarize research on active learning strategies with peer evaluation including assessment criteria with learning analytics suggestions. Include metrics or KPIs. Explain to a beginner.  Include objectives, prerequisites, activities, assessment criteria, extension tasks, and gamified exercises.",education,high,8.2,8.7,9.9,10.0,8.7
"Implement clean architecture with performance benchmarks with diagrams including pros and cons. Consider edge cases. Highlight potential pitfalls.  Include architecture choices, security considerations, testing strategy, deployment steps, and code review notes.",software_engineering,high,9.5,8.9,9.3,8.1,8.9
"Explain unit testing with performance considerations with diagrams using real-world scenarios. Include examples. Provide step-by-step guidance.  Include architecture choices, security considerations, testing strategy, deployment steps, and code review notes.",software_engineering,high,10.0,8.3,8.9,8.5,7.2
"Plan a flipped classroom session on classroom management with competency tracking with differentiated activities. Provide step-by-step guidance. Include examples.  Include objectives, prerequisites, activities, assessment criteria, extension tasks, and gamified exercises.",education,high,9.1,9.2,9.1,9.3,7.7
"Compare static code analysis with code review notes covering edge cases. Consider edge cases. Highlight potential pitfalls.  Include architecture choices, security considerations, testing strategy, deployment steps, and code review notes.",software_engineering,high,9.2,9.9,9.5,8.1,9.0
"Automate deployment for refactoring legacy code with detailed bug analysis with CI/CD pipeline setup. Focus on practical applications. Suggest best practices.  Include architecture choices, security considerations, testing strategy, deployment steps, and code review notes.",software_engineering,high,8.5,9.5,8.9,9.4,8.5
"Refactor monolith migration using real-world scenarios with testing strategies including pros and cons. Include metrics or KPIs. Provide step-by-step guidance.  Include architecture choices, security considerations, testing strategy, deployment steps, and code review notes.",software_engineering,high,10.0,8.8,8.0,9.9,7.9
"Design a content brief for keyword clustering with measurable KPIs for social and blog formats. Consider edge cases. Include examples.  Provide audience personas, keyword clusters, distribution plan, success KPIs, and visual references.",content_creation,high,9.2,9.9,9.5,8.9,8.8
"Draft video scripts about interactive content with visual references with interactive elements with storytelling frameworks. Provide step-by-step guidance. Consider edge cases.  Provide audience personas, keyword clusters, distribution plan, success KPIs, and visual references.",content_creation,high,9.7,8.2,8.1,8.3,8.8
"Create an editorial plan for tone and style guides with tone and style guidelines including influencer mentions with interactive elements. Provide step-by-step guidance. Focus on practical applications.  Provide audience personas, keyword clusters, distribution plan, success KPIs, and visual references.",content_creation,high,9.4,9.1,8.1,8.1,7.6
"Write social captions about case study frameworks for a B2B SaaS brand with A/B testing suggestions. Highlight potential pitfalls. Use real-world examples.  Provide audience personas, keyword clusters, distribution plan, success KPIs, and visual references.",content_creation,high,9.9,10.0,8.5,9.2,8.1
"Write educational guides for peer assessment with competency tracking including assessment criteria. Use real-world examples. Focus on practical applications.  Include objectives, prerequisites, activities, assessment criteria, extension tasks, and gamified exercises.",education,high,8.6,9.1,9.8,8.0,8.2
"Produce a podcast episode on long-form articles including keyword research covering multichannel strategy. Explain to a beginner. Focus on practical applications.  Provide audience personas, keyword clusters, distribution plan, success KPIs, and visual references.",content_creation,high,9.4,8.6,8.5,8.9,8.7
"Refactor GraphQL schemas covering edge cases with diagrams including pros and cons. Provide step-by-step guidance. Include examples.  Include architecture choices, security considerations, testing strategy, deployment steps, and code review notes.",software_engineering,high,9.5,8.0,8.5,8.5,7.3
"Write unit tests for code reviews including alternative implementations step by step with performance considerations. Highlight potential pitfalls. Include metrics or KPIs.  Include architecture choices, security considerations, testing strategy, deployment steps, and code review notes.",software_engineering,high,9.2,9.5,9.5,9.5,7.5
"Generate a list of viral hooks with interactive elements covering multichannel strategy. Highlight potential pitfalls. Suggest best practices.  Provide audience personas, keyword clusters, distribution plan, success KPIs, and visual references.",content_creation,high,8.6,8.7,8.1,8.3,7.3
"Develop email campaigns for case study frameworks covering SEO best practices with A/B testing suggestions with engagement metrics. Consider edge cases. Explain to a beginner.  Provide audience personas, keyword clusters, distribution plan, success KPIs, and visual references.",content_creation,high,8.3,8.2,9.2,8.2,8.8
"Assess student performance in digital literacy including gamified exercises including assessment criteria. Consider edge cases. Use real-world examples.  Include objectives, prerequisites, activities, assessment criteria, extension tasks, and gamified exercises.",education,high,8.6,8.3,8.7,9.7,8.5
"Explain fundamentals of curriculum mapping including real-world examples with differentiated activities. Provide step-by-step guidance. Highlight potential pitfalls.  Include objectives, prerequisites, activities, assessment criteria, extension tasks, and gamified exercises.",education,high,9.6,9.8,8.3,9.3,7.9
"Summarize best practices for Kubernetes including pros and cons step by step. Include metrics or KPIs. Highlight potential pitfalls.  Include architecture choices, security considerations, testing strategy, deployment steps, and code review notes.",software_engineering,high,9.4,8.3,8.2,9.6,7.1
"Fix bugs in refactoring legacy code with performance benchmarks with code examples. Consider edge cases. Include examples.  Include architecture choices, security considerations, testing strategy, deployment steps, and code review notes.",software_engineering,high,9.8,8.4,8.3,9.1,7.7
"Compare approaches to engagement metrics including keyword research including influencer mentions. Include metrics or KPIs. Provide step-by-step guidance.  Provide audience personas, keyword clusters, distribution plan, success KPIs, and visual references.",content_creation,high,9.7,8.7,9.6,9.9,7.4
"Assess student performance in project-based learning including assessment criteria with classroom examples for a 45-minute session. Include metrics or KPIs. Explain to a beginner.  Include objectives, prerequisites, activities, assessment criteria, extension tasks, and gamified exercises.",education,high,8.4,8.6,9.0,8.7,8.0
"Produce a podcast episode on tone and style guides with A/B testing suggestions with measurable KPIs for social and blog formats. Provide step-by-step guidance. Focus on practical applications.  Provide audience personas, keyword clusters, distribution plan, success KPIs, and visual references.",content_creation,high,9.2,8.1,8.9,8.9,8.7
"Configure CI/CD for static code analysis with architecture diagrams including deployment steps. Focus on practical applications. Use real-world examples.  Include architecture choices, security considerations, testing strategy, deployment steps, and code review notes.",software_engineering,high,8.9,9.2,9.2,8.8,7.5
"Create assessment quizzes for instructional design patterns with classroom examples for a 45-minute session. Focus on practical applications. Include metrics or KPIs.  Include objectives, prerequisites, activities, assessment criteria, extension tasks, and gamified exercises.",education,high,9.6,9.3,9.3,9.9,8.4
"Generate a list of landing page copy for social and blog formats with examples and templates with engagement metrics. Highlight potential pitfalls. Provide step-by-step guidance.  Provide audience personas, keyword clusters, distribution plan, success KPIs, and visual references.",content_creation,high,9.8,9.9,10.0,8.0,7.2
"Plan a flipped classroom session on differentiated instruction with scaffolding guides with peer evaluation. Include metrics or KPIs. Include examples.  Include objectives, prerequisites, activities, assessment criteria, extension tasks, and gamified exercises.",education,high,9.6,8.9,8.1,8.5,7.7
"Explain incident response covering edge cases with debugging tips. Include examples. Include metrics or KPIs.  Include architecture choices, security considerations, testing strategy, deployment steps, and code review notes.",software_engineering,high,9.1,9.5,8.6,9.7,8.1
"Explain fundamentals of critical thinking exercises for high school students covering collaborative projects with remediation ideas. Use real-world examples. Include examples.  Include objectives, prerequisites, activities, assessment criteria, extension tasks, and gamified exercises.",education,high,9.6,8.4,8.9,8.2,7.1
"Develop collaborative projects for inclusive pedagogy with classroom examples with peer evaluation with microlearning exercises. Include examples. Provide step-by-step guidance.  Include objectives, prerequisites, activities, assessment criteria, extension tasks, and gamified exercises.",education,high,8.6,9.5,9.3,8.5,8.4
"Design visual assets for A/B testing headlines including keyword research with examples and templates. Explain to a beginner. Provide step-by-step guidance.  Provide audience personas, keyword clusters, distribution plan, success KPIs, and visual references.",content_creation,high,9.8,9.4,9.3,9.6,7.2
"Write case studies on case study frameworks with engagement metrics with visual references with examples and templates. Include metrics or KPIs. Include examples.  Provide audience personas, keyword clusters, distribution plan, success KPIs, and visual references.",content_creation,high,9.1,8.6,8.0,9.6,7.9
"Audit content for thought leadership posts covering SEO best practices for a B2B SaaS brand. Include metrics or KPIs. Suggest best practices.  Provide audience personas, keyword clusters, distribution plan, success KPIs, and visual references.",content_creation,high,9.0,9.4,9.2,9.9,8.2
"Facilitate peer review for classroom management with classroom examples for a 45-minute session with extension tasks. Highlight potential pitfalls. Include examples.  Include objectives, prerequisites, activities, assessment criteria, extension tasks, and gamified exercises.",education,high,8.2,9.7,10.0,8.4,8.9
"Outline a guide on visual storytelling covering multichannel strategy including influencer mentions. Explain to a beginner. Use real-world examples.  Provide audience personas, keyword clusters, distribution plan, success KPIs, and visual references.",content_creation,high,8.4,9.2,8.3,8.2,7.8
"Draft a proposal for incident response with architecture diagrams using real-world scenarios. Include metrics or KPIs. Suggest best practices.  Include architecture choices, security considerations, testing strategy, deployment steps, and code review notes.",software_engineering,high,8.1,8.2,8.1,8.0,8.9
"Document CI/CD pipelines with code examples including alternative implementations with debugging tips. Consider edge cases. Include examples.  Include architecture choices, security considerations, testing strategy, deployment steps, and code review notes.",software_engineering,high,10.0,9.3,9.0,9.2,7.6
"Facilitate peer review for learning analytics aligned to learning outcomes including formative checks for high school students. Include examples. Include metrics or KPIs.  Include objectives, prerequisites, activities, assessment criteria, extension tasks, and gamified exercises.",education,high,9.9,8.9,9.0,9.2,7.3
"Debug code reviews using real-world scenarios covering edge cases. Highlight potential pitfalls. Provide step-by-step guidance.  Include architecture choices, security considerations, testing strategy, deployment steps, and code review notes.",software_engineering,high,9.1,9.2,8.2,9.4,7.7
"Draft video scripts about brand voice guidelines with engagement metrics with interactive elements with storytelling frameworks. Consider edge cases. Suggest best practices.  Provide audience personas, keyword clusters, distribution plan, success KPIs, and visual references.",content_creation,high,8.6,9.8,9.6,8.9,7.5
"Debug Python FastAPI with architecture diagrams including pros and cons including deployment steps. Focus on practical applications. Highlight potential pitfalls.  Include architecture choices, security considerations, testing strategy, deployment steps, and code review notes.",software_engineering,high,8.4,9.4,9.5,8.1,8.1
"Plan a flipped classroom session on project-based learning using adaptive learning with microlearning exercises. Highlight potential pitfalls. Include examples.  Include objectives, prerequisites, activities, assessment criteria, extension tasks, and gamified exercises.",education,high,8.1,10.0,9.5,8.7,8.2
"Write teacher notes about microlearning with competency tracking with extension tasks. Focus on practical applications. Include examples.  Include objectives, prerequisites, activities, assessment criteria, extension tasks, and gamified exercises.",education,high,8.9,9.8,9.8,9.3,8.3
"Draft video scripts about viral hooks for a product launch with storytelling frameworks with visual references. Include metrics or KPIs. Suggest best practices.  Provide audience personas, keyword clusters, distribution plan, success KPIs, and visual references.",content_creation,high,9.4,8.2,8.7,9.5,8.8
"Draft a unit outline on project-based learning with differentiated activities covering collaborative projects. Provide step-by-step guidance. Consider edge cases.  Include objectives, prerequisites, activities, assessment criteria, extension tasks, and gamified exercises.",education,high,8.8,8.6,9.4,9.2,8.9
"Draft a proposal for Python FastAPI using real-world scenarios with code examples with architecture diagrams. Suggest best practices. Explain to a beginner.  Include architecture choices, security considerations, testing strategy, deployment steps, and code review notes.",software_engineering,high,10.0,9.4,8.9,8.0,8.3
"Explain React state management using real-world scenarios with code review notes including refactoring steps. Include examples. Include metrics or KPIs.  Include architecture choices, security considerations, testing strategy, deployment steps, and code review notes.",software_engineering,high,9.3,8.6,9.3,9.9,7.7
"Design a content brief for case study frameworks with A/B testing suggestions with tone and style guidelines with measurable KPIs. Provide step-by-step guidance. Include examples.  Provide audience personas, keyword clusters, distribution plan, success KPIs, and visual references.",content_creation,high,8.2,9.2,8.1,8.7,7.2
"Write unit tests for static code analysis covering edge cases for a production environment. Provide step-by-step guidance. Explain to a beginner.  Include architecture choices, security considerations, testing strategy, deployment steps, and code review notes.",software_engineering,high,8.4,8.5,8.5,9.1,7.4
"Optimize copy for SEO product launch copies covering SEO best practices including conversion optimization tips including editorial calendar. Highlight potential pitfalls. Include metrics or KPIs.  Provide audience personas, keyword clusters, distribution plan, success KPIs, and visual references.",content_creation,high,8.1,8.2,9.8,8.7,8.0
"Analyze event-driven systems with performance benchmarks with detailed bug analysis. Suggest best practices. Include metrics or KPIs.  Include architecture choices, security considerations, testing strategy, deployment steps, and code review notes.",software_engineering,high,8.6,9.4,9.3,8.7,8.0
"Explain fundamentals of inclusive pedagogy including assessment criteria with peer evaluation. Suggest best practices. Include examples.  Include objectives, prerequisites, activities, assessment criteria, extension tasks, and gamified exercises.",education,high,8.8,8.3,8.7,9.1,7.1
"Create a lesson plan on learning path design including formative checks with microlearning exercises. Focus on practical applications. Include examples.  Include objectives, prerequisites, activities, assessment criteria, extension tasks, and gamified exercises.",education,high,8.0,8.8,9.8,9.7,8.5
"Summarize best practices for feature toggles with testing strategies with CI/CD pipeline setup including deployment steps. Suggest best practices. Provide step-by-step guidance.  Include architecture choices, security considerations, testing strategy, deployment steps, and code review notes.",software_engineering,high,9.1,8.1,8.2,9.8,7.1
"Write educational guides for differentiated instruction for a 45-minute session covering collaborative projects. Explain to a beginner. Focus on practical applications.  Include objectives, prerequisites, activities, assessment criteria, extension tasks, and gamified exercises.",education,high,8.4,8.0,8.8,9.5,7.9
"Configure CI/CD for Python FastAPI for a production environment with detailed bug analysis. Consider edge cases. Suggest best practices.  Include architecture choices, security considerations, testing strategy, deployment steps, and code review notes.",software_engineering,high,9.2,9.5,8.4,9.5,7.7
"Design a content brief for keyword clustering with examples and templates including editorial calendar for social and blog formats. Provide step-by-step guidance. Suggest best practices.  Provide audience personas, keyword clusters, distribution plan, success KPIs, and visual references.",content_creation,high,9.0,8.8,9.1,9.2,8.5
"Create infographics on engagement metrics with storytelling frameworks with interactive elements. Focus on practical applications. Include examples.  Provide audience personas, keyword clusters, distribution plan, success KPIs, and visual references.",content_creation,high,9.9,9.6,9.9,10.0,7.8
"Evaluate architecture of serverless architecture with performance considerations using real-world scenarios covering edge cases. Consider edge cases. Explain to a beginner.  Include architecture choices, security considerations, testing strategy, deployment steps, and code review notes.",software_engineering,high,9.2,8.9,8.8,8.2,8.6
"Draft video scripts about tone and style guides including editorial calendar for a product launch. Suggest best practices. Explain to a beginner.  Provide audience personas, keyword clusters, distribution plan, success KPIs, and visual references.",content_creation,high,8.8,8.8,9.5,9.4,7.7
"Develop gamified exercises on instructional scaffolding with competency tracking with extension tasks with peer evaluation. Focus on practical applications. Include metrics or KPIs.  Include objectives, prerequisites, activities, assessment criteria, extension tasks, and gamified exercises.",education,high,9.4,9.0,8.0,8.9,7.7
"Analyze Docker containers with detailed bug analysis with security audit checklist. Explain to a beginner. Suggest best practices.  Include architecture choices, security considerations, testing strategy, deployment steps, and code review notes.",software_engineering,high,8.6,8.1,8.4,8.4,8.1
"Compare pedagogical methods for differentiated instruction with peer evaluation with learning analytics suggestions. Provide step-by-step guidance. Include metrics or KPIs.  Include objectives, prerequisites, activities, assessment criteria, extension tasks, and gamified exercises.",education,high,8.2,8.7,8.8,9.7,8.7
"Optimize performance of OAuth 2.0 including pros and cons with detailed bug analysis with security audit checklist. Explain to a beginner. Provide step-by-step guidance.  Include architecture choices, security considerations, testing strategy, deployment steps, and code review notes.",software_engineering,high,9.2,8.6,9.9,9.6,8.6
"Design a rubric for microlearning for high school students with peer evaluation. Explain to a beginner. Suggest best practices.  Include objectives, prerequisites, activities, assessment criteria, extension tasks, and gamified exercises.",education,high,8.8,10.0,9.9,8.5,7.8
"Fix bugs in continuous testing step by step with code examples. Consider edge cases. Use real-world examples.  Include architecture choices, security considerations, testing strategy, deployment steps, and code review notes.",software_engineering,high,9.5,8.1,8.5,9.6,7.6
"Develop classroom activities for STEM integration including assessment criteria including formative checks. Provide step-by-step guidance. Use real-world examples.  Include objectives, prerequisites, activities, assessment criteria, extension tasks, and gamified exercises.",education,high,9.9,9.2,9.2,8.9,8.1
"Automate deployment for performance profiling with code review notes with CI/CD pipeline setup including alternative implementations. Consider edge cases. Provide step-by-step guidance.  Include architecture choices, security considerations, testing strategy, deployment steps, and code review notes.",software_engineering,high,9.9,8.4,9.7,8.4,7.1
"Summarize best practices for dependency injection with diagrams with performance considerations including deployment steps. Focus on practical applications. Include examples.  Include architecture choices, security considerations, testing strategy, deployment steps, and code review notes.",software_engineering,high,9.9,9.1,8.2,9.8,8.1
"Analyze trends in email drip campaigns with storytelling frameworks covering SEO best practices. Use real-world examples. Consider edge cases.  Provide audience personas, keyword clusters, distribution plan, success KPIs, and visual references.",content_creation,high,9.3,8.2,9.6,8.3,7.7
"Plan a flipped classroom session on collaborative projects with peer evaluation aligned to learning outcomes. Highlight potential pitfalls. Include metrics or KPIs.  Include objectives, prerequisites, activities, assessment criteria, extension tasks, and gamified exercises.",education,high,8.8,8.2,9.8,8.3,7.4
"Assess security for performance profiling with debugging tips with CI/CD pipeline setup including deployment steps. Explain to a beginner. Include metrics or KPIs.  Include architecture choices, security considerations, testing strategy, deployment steps, and code review notes.",software_engineering,high,8.1,9.9,8.4,8.7,8.2
"Review code for Kubernetes covering edge cases with debugging tips with CI/CD pipeline setup. Focus on practical applications. Use real-world examples.  Include architecture choices, security considerations, testing strategy, deployment steps, and code review notes.",software_engineering,high,10.0,9.4,9.7,9.5,7.6
"Design adaptive learning modules for instructional design patterns for high school students for a 45-minute session including formative checks. Include metrics or KPIs. Explain to a beginner.  Include objectives, prerequisites, activities, assessment criteria, extension tasks, and gamified exercises.",education,high,8.6,9.9,8.9,8.2,7.2
"Assess student performance in curriculum mapping with microlearning exercises covering collaborative projects. Focus on practical applications. Highlight potential pitfalls.  Include objectives, prerequisites, activities, assessment criteria, extension tasks, and gamified exercises.",education,high,9.7,8.3,8.5,9.3,8.4
"Analyze distributed transactions with code review notes with security audit checklist. Provide step-by-step guidance. Use real-world examples.  Include architecture choices, security considerations, testing strategy, deployment steps, and code review notes.",software_engineering,high,8.3,8.5,10.0,8.2,7.9
"Design adaptive learning modules for peer assessment with microlearning exercises covering collaborative projects including assessment criteria. Highlight potential pitfalls. Suggest best practices.  Include objectives, prerequisites, activities, assessment criteria, extension tasks, and gamified exercises.",education,high,8.6,9.2,8.7,8.7,7.4
"Debug bug fixes with security audit checklist with architecture diagrams. Highlight potential pitfalls. Consider edge cases.  Include architecture choices, security considerations, testing strategy, deployment steps, and code review notes.",software_engineering,high,9.2,9.1,9.8,9.1,7.7
"Automate deployment for monolith migration for a production environment with code review notes covering security trade-offs. Explain to a beginner. Suggest best practices.  Include architecture choices, security considerations, testing strategy, deployment steps, and code review notes.",software_engineering,high,9.4,9.4,9.0,9.8,8.5
"Summarize techniques for conversion copywriting with A/B testing suggestions with visual references. Include metrics or KPIs. Explain to a beginner.  Provide audience personas, keyword clusters, distribution plan, success KPIs, and visual references.",content_creation,high,8.8,9.1,9.6,9.4,8.2
"Create infographics on product launch copies with measurable KPIs for email marketing. Provide step-by-step guidance. Highlight potential pitfalls.  Provide audience personas, keyword clusters, distribution plan, success KPIs, and visual references.",content_creation,high,8.1,8.0,9.8,8.3,7.9
"Compare serverless architecture with debugging tips using real-world scenarios step by step. Highlight potential pitfalls. Consider edge cases.  Include architecture choices, security considerations, testing strategy, deployment steps, and code review notes.",software_engineering,high,10.0,9.8,9.7,9.4,8.4
"Create interactive quizzes for YouTube scripts covering SEO best practices for a B2B SaaS brand. Focus on practical applications. Highlight potential pitfalls.  Provide audience personas, keyword clusters, distribution plan, success KPIs, and visual references.",content_creation,high,9.0,8.7,9.4,8.9,7.9
"Outline a guide on customer journey mapping with measurable KPIs including keyword research. Explain to a beginner. Provide step-by-step guidance.  Provide audience personas, keyword clusters, distribution plan, success KPIs, and visual references.",content_creation,high,8.4,8.5,9.0,8.9,7.8
"Optimize copy for SEO blog topic clusters for email marketing including keyword research covering multichannel strategy. Use real-world examples. Consider edge cases.  Provide audience personas, keyword clusters, distribution plan, success KPIs, and visual references.",content_creation,high,9.5,9.5,9.3,8.1,8.9
"Refactor API versioning with testing strategies including pros and cons. Consider edge cases. Explain to a beginner.  Include architecture choices, security considerations, testing strategy, deployment steps, and code review notes.",software_engineering,high,9.2,9.3,8.4,8.5,7.2
"Develop gamified exercises on instructional design patterns with peer evaluation for blended learning. Provide step-by-step guidance. Highlight potential pitfalls.  Include objectives, prerequisites, activities, assessment criteria, extension tasks, and gamified exercises.",education,high,8.8,10.0,8.2,8.2,7.1
"Refactor Django ORM for a production environment with CI/CD pipeline setup. Highlight potential pitfalls. Focus on practical applications.  Include architecture choices, security considerations, testing strategy, deployment steps, and code review notes.",software_engineering,high,8.9,8.3,8.1,8.2,7.8
"Develop email campaigns for newsletter strategy for social and blog formats with A/B testing suggestions. Focus on practical applications. Consider edge cases.  Provide audience personas, keyword clusters, distribution plan, success KPIs, and visual references.",content_creation,high,9.8,9.6,8.9,9.7,7.5
"Write social captions about conversion copywriting with tone and style guidelines with interactive elements. Include metrics or KPIs. Use real-world examples.  Provide audience personas, keyword clusters, distribution plan, success KPIs, and visual references.",content_creation,high,8.4,9.3,8.7,8.7,7.7
"Assess student performance in microlearning using active learning aligned to learning outcomes. Focus on practical applications. Suggest best practices.  Include objectives, prerequisites, activities, assessment criteria, extension tasks, and gamified exercises.",education,high,8.6,8.1,9.7,9.3,7.1
"Map a curriculum for active learning strategies including gamified exercises including assessment criteria using active learning. Include examples. Use real-world examples.  Include objectives, prerequisites, activities, assessment criteria, extension tasks, and gamified exercises.",education,high,8.1,9.2,9.0,9.7,8.0
"Plan a migration for static code analysis covering edge cases including refactoring steps for a production environment. Explain to a beginner. Include metrics or KPIs.  Include architecture choices, security considerations, testing strategy, deployment steps, and code review notes.",software_engineering,high,8.5,9.4,8.9,9.0,7.3
"Create scaffolding materials for flipped classroom models with classroom examples including assessment criteria. Highlight potential pitfalls. Explain to a beginner.  Include objectives, prerequisites, activities, assessment criteria, extension tasks, and gamified exercises.",education,high,8.6,9.9,9.0,9.9,9.0
"Draft a content strategy for storytelling techniques with measurable KPIs for a B2B SaaS brand. Suggest best practices. Provide step-by-step guidance.  Provide audience personas, keyword clusters, distribution plan, success KPIs, and visual references.",content_creation,high,9.3,8.5,9.4,9.1,7.6
"Write educational guides for digital literacy for high school students with remediation ideas with classroom examples. Focus on practical applications. Include examples.  Include objectives, prerequisites, activities, assessment criteria, extension tasks, and gamified exercises.",education,high,8.5,8.9,9.6,9.1,8.2
"Document clean architecture including pros and cons covering security trade-offs with performance considerations. Include metrics or KPIs. Provide step-by-step guidance.  Include architecture choices, security considerations, testing strategy, deployment steps, and code review notes.",software_engineering,high,8.0,8.5,9.3,8.1,7.9
"Develop classroom activities for blended learning with differentiated activities for high school students. Provide step-by-step guidance. Include metrics or KPIs.  Include objectives, prerequisites, activities, assessment criteria, extension tasks, and gamified exercises.",education,high,9.7,9.6,8.6,8.9,7.3
"Plan a migration for OpenID Connect with architecture diagrams with detailed bug analysis with security audit checklist. Highlight potential pitfalls. Consider edge cases.  Include architecture choices, security considerations, testing strategy, deployment steps, and code review notes.",software_engineering,high,9.2,9.9,9.4,8.8,8.2
"Design end-to-end testing using real-world scenarios step by step. Provide step-by-step guidance. Include metrics or KPIs.  Include architecture choices, security considerations, testing strategy, deployment steps, and code review notes.",software_engineering,high,8.1,9.4,8.5,9.1,8.9
"Compare performance profiling including deployment steps for a production environment with code review notes. Include metrics or KPIs. Include examples.  Include architecture choices, security considerations, testing strategy, deployment steps, and code review notes.",software_engineering,high,8.1,8.7,9.7,8.6,7.6
"Automate deployment for microservices with detailed bug analysis for a production environment with code examples. Provide step-by-step guidance. Include examples.  Include architecture choices, security considerations, testing strategy, deployment steps, and code review notes.",software_engineering,high,9.7,9.7,8.3,8.1,8.6
"Create assessment quizzes for formative assessment covering collaborative projects with remediation ideas using adaptive learning. Focus on practical applications. Provide step-by-step guidance.  Include objectives, prerequisites, activities, assessment criteria, extension tasks, and gamified exercises.",education,high,9.2,9.8,8.1,9.6,7.0
"Design visual assets for customer journey mapping including influencer mentions for email marketing with measurable KPIs. Consider edge cases. Include examples.  Provide audience personas, keyword clusters, distribution plan, success KPIs, and visual references.",content_creation,high,8.0,9.1,8.4,8.6,8.4
"Design visual assets for influencer collaborations including editorial calendar with visual references including conversion optimization tips. Include metrics or KPIs. Provide step-by-step guidance.  Provide audience personas, keyword clusters, distribution plan, success KPIs, and visual references.",content_creation,high,8.8,8.8,9.0,8.3,7.3
"Draft video scripts about newsletter strategy for a B2B SaaS brand with storytelling frameworks covering SEO best practices. Consider edge cases. Include metrics or KPIs.  Provide audience personas, keyword clusters, distribution plan, success KPIs, and visual references.",content_creation,high,9.2,8.1,9.7,9.5,7.2
"Design visual assets for social media hooks with distribution channels for email marketing for a product launch. Include examples. Focus on practical applications.  Provide audience personas, keyword clusters, distribution plan, success KPIs, and visual references.",content_creation,high,9.6,9.0,10.0,9.4,8.8
"Draft video scripts about podcast scripts with interactive elements with audience personas. Use real-world examples. Highlight potential pitfalls.  Provide audience personas, keyword clusters, distribution plan, success KPIs, and visual references.",content_creation,high,9.2,9.8,8.6,9.2,7.7
"Analyze trends in storytelling techniques for a product launch including conversion optimization tips including keyword research. Explain to a beginner. Focus on practical applications.  Provide audience personas, keyword clusters, distribution plan, success KPIs, and visual references.",content_creation,high,8.0,9.3,8.2,9.3,7.7
"Compare pedagogical methods for lesson objectives using adaptive learning with competency tracking with classroom examples. Provide step-by-step guidance. Include metrics or KPIs.  Include objectives, prerequisites, activities, assessment criteria, extension tasks, and gamified exercises.",education,high,8.7,9.5,8.9,9.9,7.3
"Create infographics on content gap analysis with interactive elements with examples and templates covering SEO best practices. Highlight potential pitfalls. Focus on practical applications.  Provide audience personas, keyword clusters, distribution plan, success KPIs, and visual references.",content_creation,high,8.6,9.9,8.1,8.5,7.3
"Compare approaches to case study frameworks with audience personas for a B2B SaaS brand including editorial calendar. Include examples. Explain to a beginner.  Provide audience personas, keyword clusters, distribution plan, success KPIs, and visual references.",content_creation,high,8.6,9.6,9.1,9.1,7.7
"Generate a list of thought leadership posts with visual references including conversion optimization tips with tone and style guidelines. Include examples. Suggest best practices.  Provide audience personas, keyword clusters, distribution plan, success KPIs, and visual references.",content_creation,high,8.1,8.7,8.6,9.3,8.1
"Plan a webinar on multichannel campaigns for a B2B SaaS brand with engagement metrics with audience personas. Provide step-by-step guidance. Include metrics or KPIs.  Provide audience personas, keyword clusters, distribution plan, success KPIs, and visual references.",content_creation,high,8.1,8.3,9.3,8.7,7.3
"Design microlearning modules on competency frameworks with scaffolding guides for a 45-minute session. Suggest best practices. Include metrics or KPIs.  Include objectives, prerequisites, activities, assessment criteria, extension tasks, and gamified exercises.",education,high,8.2,8.7,8.1,8.5,8.6
"Draft a content strategy for engagement metrics with A/B testing suggestions including influencer mentions. Explain to a beginner. Include metrics or KPIs.  Provide audience personas, keyword clusters, distribution plan, success KPIs, and visual references.",content_creation,high,9.0,8.8,9.3,8.1,7.3
"Analyze unit testing with performance benchmarks for a production environment with CI/CD pipeline setup. Use real-world examples. Focus on practical applications.  Include architecture choices, security considerations, testing strategy, deployment steps, and code review notes.",software_engineering,high,9.7,8.6,8.3,8.9,8.9
"Develop collaborative projects for active learning strategies with scaffolding guides including assessment criteria for high school students. Explain to a beginner. Highlight potential pitfalls.  Include objectives, prerequisites, activities, assessment criteria, extension tasks, and gamified exercises.",education,high,9.9,9.1,8.7,8.8,7.1
"Write case studies on SEO content pillars covering multichannel strategy for email marketing covering SEO best practices. Highlight potential pitfalls. Include metrics or KPIs.  Provide audience personas, keyword clusters, distribution plan, success KPIs, and visual references.",content_creation,high,9.9,9.3,8.3,9.2,7.2
"Create a tutorial on Kubernetes covering edge cases with detailed bug analysis using real-world scenarios. Use real-world examples. Provide step-by-step guidance.  Include architecture choices, security considerations, testing strategy, deployment steps, and code review notes.",software_engineering,high,9.0,8.1,8.3,8.5,8.8
"Design adaptive learning modules for blended learning for blended learning with competency tracking for a 45-minute session. Include metrics or KPIs. Focus on practical applications.  Include objectives, prerequisites, activities, assessment criteria, extension tasks, and gamified exercises.",education,high,8.4,8.8,8.9,9.6,7.5
"Analyze trends in long-form articles including editorial calendar for a product launch with examples and templates. Explain to a beginner. Use real-world examples.  Provide audience personas, keyword clusters, distribution plan, success KPIs, and visual references.",content_creation,high,8.0,8.9,8.2,8.5,7.2
"Plan a migration for clean architecture for a production environment including refactoring steps. Suggest best practices. Focus on practical applications.  Include architecture choices, security considerations, testing strategy, deployment steps, and code review notes.",software_engineering,high,9.5,8.4,9.3,9.0,7.3
"Compare approaches to brand messaging with examples and templates including influencer mentions. Use real-world examples. Focus on practical applications.  Provide audience personas, keyword clusters, distribution plan, success KPIs, and visual references.",content_creation,high,9.2,9.8,9.3,9.3,8.8
"Draft video scripts about thought leadership posts for social and blog formats with A/B testing suggestions with tone and style guidelines. Use real-world examples. Focus on practical applications.  Provide audience personas, keyword clusters, distribution plan, success KPIs, and visual references.",content_creation,high,9.2,9.2,8.0,9.6,8.1
"Draft a proposal for API versioning covering edge cases covering security trade-offs. Suggest best practices. Focus on practical applications.  Include architecture choices, security considerations, testing strategy, deployment steps, and code review notes.",software_engineering,high,9.4,9.7,8.1,8.1,8.5
"Design visual assets for YouTube scripts including editorial calendar for email marketing. Include metrics or KPIs. Include examples.  Provide audience personas, keyword clusters, distribution plan, success KPIs, and visual references.",content_creation,high,8.9,8.9,9.9,8.6,7.5
"Develop email campaigns for email drip campaigns with distribution channels with measurable KPIs including editorial calendar. Highlight potential pitfalls. Consider edge cases.  Provide audience personas, keyword clusters, distribution plan, success KPIs, and visual references.",content_creation,high,8.8,9.1,8.6,8.7,7.5
"Design a content brief for content gap analysis with measurable KPIs with distribution channels for social and blog formats. Focus on practical applications. Include metrics or KPIs.  Provide audience personas, keyword clusters, distribution plan, success KPIs, and visual references.",content_creation,high,8.2,9.0,8.2,9.8,7.5
"Develop email campaigns for customer journey mapping covering multichannel strategy including keyword research including influencer mentions. Use real-world examples. Include examples.  Provide audience personas, keyword clusters, distribution plan, success KPIs, and visual references.",content_creation,high,9.4,8.1,8.2,9.3,8.6
"Refactor incident response with architecture diagrams including pros and cons. Include examples. Provide step-by-step guidance.  Include architecture choices, security considerations, testing strategy, deployment steps, and code review notes.",software_engineering,high,8.1,9.5,9.8,8.5,7.4
"Assess security for logging and observability for a production environment including alternative implementations. Focus on practical applications. Include metrics or KPIs.  Include architecture choices, security considerations, testing strategy, deployment steps, and code review notes.",software_engineering,high,9.1,9.7,9.3,9.2,8.0
"Generate a list of conversion copywriting with engagement metrics with measurable KPIs. Highlight potential pitfalls. Suggest best practices.  Provide audience personas, keyword clusters, distribution plan, success KPIs, and visual references.",content_creation,high,8.4,9.6,9.7,9.0,7.0
"Facilitate peer review for learning analytics for high school students using active learning. Include metrics or KPIs. Explain to a beginner.  Include objectives, prerequisites, activities, assessment criteria, extension tasks, and gamified exercises.",education,high,8.3,9.4,10.0,9.9,8.2
"Draft video scripts about product launch copies with A/B testing suggestions with measurable KPIs. Include examples. Highlight potential pitfalls.  Provide audience personas, keyword clusters, distribution plan, success KPIs, and visual references.",content_creation,high,8.4,9.0,9.7,9.2,8.7
"Create infographics on landing page copy with engagement metrics for social and blog formats. Provide step-by-step guidance. Suggest best practices.  Provide audience personas, keyword clusters, distribution plan, success KPIs, and visual references.",content_creation,high,9.4,9.1,9.0,9.5,9.0
"Develop classroom activities for educational psychology including real-world examples with remediation ideas including formative checks. Use real-world examples. Provide step-by-step guidance.  Include objectives, prerequisites, activities, assessment criteria, extension tasks, and gamified exercises.",education,high,9.5,8.7,8.7,8.1,8.0
"Write case studies on viral hooks with interactive elements covering SEO best practices. Explain to a beginner. Provide step-by-step guidance.  Provide audience personas, keyword clusters, distribution plan, success KPIs, and visual references.",content_creation,high,9.4,8.2,8.6,9.3,8.8
"Generate a list of keyword clustering including influencer mentions for a product launch with visual references. Highlight potential pitfalls. Explain to a beginner.  Provide audience personas, keyword clusters, distribution plan, success KPIs, and visual references.",content_creation,high,10.0,9.1,9.3,9.5,7.7
"Assess student performance in assessment rubrics including gamified exercises with microlearning exercises with remediation ideas. Provide step-by-step guidance. Focus on practical applications.  Include objectives, prerequisites, activities, assessment criteria, extension tasks, and gamified exercises.",education,high,9.5,9.5,8.1,8.6,7.1
"Create infographics on engagement metrics including conversion optimization tips for email marketing. Consider edge cases. Suggest best practices.  Provide audience personas, keyword clusters, distribution plan, success KPIs, and visual references.",content_creation,high,9.4,9.1,8.8,8.3,7.1
"Design visual assets for case study frameworks with examples and templates with interactive elements. Explain to a beginner. Include metrics or KPIs.  Provide audience personas, keyword clusters, distribution plan, success KPIs, and visual references.",content_creation,high,8.8,9.4,8.6,8.5,8.0
"Write case studies on brand voice guidelines including influencer mentions with distribution channels for a B2B SaaS brand. Focus on practical applications. Provide step-by-step guidance.  Provide audience personas, keyword clusters, distribution plan, success KPIs, and visual references.",content_creation,high,9.5,8.4,8.6,8.6,7.3
"Analyze outcomes of blended learning for blended learning for a 45-minute session including gamified exercises. Explain to a beginner. Use real-world examples.  Include objectives, prerequisites, activities, assessment criteria, extension tasks, and gamified exercises.",education,high,8.6,9.2,8.5,9.2,7.4
"Summarize best practices for feature toggles with code review notes including refactoring steps with detailed bug analysis. Consider edge cases. Explain to a beginner.  Include architecture choices, security considerations, testing strategy, deployment steps, and code review notes.",software_engineering,high,9.7,9.5,8.4,8.0,8.3
"Generate a list of conversion copywriting including influencer mentions covering SEO best practices. Highlight potential pitfalls. Focus on practical applications.  Provide audience personas, keyword clusters, distribution plan, success KPIs, and visual references.",content_creation,high,9.1,9.7,9.7,8.7,7.2
"Compare approaches to engagement metrics with storytelling frameworks with tone and style guidelines covering SEO best practices. Highlight potential pitfalls. Use real-world examples.  Provide audience personas, keyword clusters, distribution plan, success KPIs, and visual references.",content_creation,high,9.3,8.1,8.4,8.7,8.7
"Refactor CI/CD pipelines using real-world scenarios with architecture diagrams. Highlight potential pitfalls. Provide step-by-step guidance.  Include architecture choices, security considerations, testing strategy, deployment steps, and code review notes.",software_engineering,high,8.4,8.8,8.4,8.1,8.0
"Fix bugs in clean architecture including deployment steps with code examples using real-world scenarios. Include examples. Explain to a beginner.  Include architecture choices, security considerations, testing strategy, deployment steps, and code review notes.",software_engineering,high,9.4,9.2,8.0,9.6,7.8
"Write case studies on multichannel campaigns for email marketing with engagement metrics with storytelling frameworks. Focus on practical applications. Suggest best practices.  Provide audience personas, keyword clusters, distribution plan, success KPIs, and visual references.",content_creation,high,9.1,9.6,9.2,9.3,8.6
"Compare pedagogical methods for curriculum mapping for high school students including gamified exercises. Focus on practical applications. Include examples.  Include objectives, prerequisites, activities, assessment criteria, extension tasks, and gamified exercises.",education,high,8.3,9.9,8.6,9.3,7.3
"Develop classroom activities for formative assessment with learning analytics suggestions with remediation ideas including gamified exercises. Highlight potential pitfalls. Explain to a beginner.  Include objectives, prerequisites, activities, assessment criteria, extension tasks, and gamified exercises.",education,high,9.5,8.2,9.4,9.4,7.6
"Analyze trends in social media hooks including editorial calendar with visual references for a product launch. Consider edge cases. Focus on practical applications.  Provide audience personas, keyword clusters, distribution plan, success KPIs, and visual references.",content_creation,high,8.8,8.2,9.9,8.1,8.3
"Design a rubric for competency frameworks using adaptive learning with scaffolding guides including formative checks. Provide step-by-step guidance. Include examples.  Include objectives, prerequisites, activities, assessment criteria, extension tasks, and gamified exercises.",education,high,9.5,9.4,9.5,9.1,7.1
"Develop gamified exercises on competency frameworks with competency tracking including real-world examples using adaptive learning. Suggest best practices. Include metrics or KPIs.  Include objectives, prerequisites, activities, assessment criteria, extension tasks, and gamified exercises.",education,high,9.4,9.8,9.8,8.0,7.8
"Compare load testing covering edge cases with testing strategies. Provide step-by-step guidance. Focus on practical applications.  Include architecture choices, security considerations, testing strategy, deployment steps, and code review notes.",software_engineering,high,9.7,9.1,8.7,8.7,7.8
"Create interactive quizzes for influencer collaborations including keyword research including editorial calendar for social and blog formats. Use real-world examples. Focus on practical applications.  Provide audience personas, keyword clusters, distribution plan, success KPIs, and visual references.",content_creation,high,9.4,8.5,8.3,8.3,7.1
"Map a curriculum for learning outcomes including formative checks with learning analytics suggestions with extension tasks. Highlight potential pitfalls. Suggest best practices.  Include objectives, prerequisites, activities, assessment criteria, extension tasks, and gamified exercises.",education,high,9.8,9.1,9.4,8.7,7.8
"Produce a podcast episode on case study frameworks covering SEO best practices with A/B testing suggestions with tone and style guidelines. Focus on practical applications. Highlight potential pitfalls.  Provide audience personas, keyword clusters, distribution plan, success KPIs, and visual references.",content_creation,high,8.7,8.9,8.9,9.8,7.7
"Design adaptive learning modules for differentiated instruction with differentiated activities with learning analytics suggestions with scaffolding guides. Explain to a beginner. Include examples.  Include objectives, prerequisites, activities, assessment criteria, extension tasks, and gamified exercises.",education,high,8.3,8.6,9.6,9.5,8.9
"Develop gamified exercises on curriculum mapping including gamified exercises including assessment criteria. Consider edge cases. Highlight potential pitfalls.  Include objectives, prerequisites, activities, assessment criteria, extension tasks, and gamified exercises.",education,high,8.6,9.2,8.8,9.7,8.5
"Summarize best practices for monolith migration with diagrams with performance benchmarks including pros and cons. Include metrics or KPIs. Focus on practical applications.  Include architecture choices, security considerations, testing strategy, deployment steps, and code review notes.",software_engineering,high,9.4,9.9,9.7,8.4,7.1
"Design visual assets for case study frameworks with distribution channels for email marketing for a B2B SaaS brand. Explain to a beginner. Consider edge cases.  Provide audience personas, keyword clusters, distribution plan, success KPIs, and visual references.",content_creation,high,9.3,9.7,8.6,8.9,7.4
"Analyze outcomes of learning analytics aligned to learning outcomes with microlearning exercises. Provide step-by-step guidance. Focus on practical applications.  Include objectives, prerequisites, activities, assessment criteria, extension tasks, and gamified exercises.",education,high,9.4,8.5,9.7,8.4,7.5
"Create infographics on infographic design for a B2B SaaS brand with examples and templates. Include metrics or KPIs. Include examples.  Provide audience personas, keyword clusters, distribution plan, success KPIs, and visual references.",content_creation,high,8.8,9.8,8.2,9.8,8.4
"Implement OAuth 2.0 with detailed bug analysis including refactoring steps. Suggest best practices. Use real-world examples.  Include architecture choices, security considerations, testing strategy, deployment steps, and code review notes.",software_engineering,high,9.8,8.9,9.2,8.8,8.7
"Plan a flipped classroom session on competency frameworks covering collaborative projects for blended learning. Highlight potential pitfalls. Include metrics or KPIs.  Include objectives, prerequisites, activities, assessment criteria, extension tasks, and gamified exercises.",education,high,9.3,9.7,9.6,9.6,8.3
"Draft a unit outline on instructional design patterns with extension tasks covering collaborative projects for a 45-minute session. Provide step-by-step guidance. Include examples.  Include objectives, prerequisites, activities, assessment criteria, extension tasks, and gamified exercises.",education,high,8.3,9.5,8.7,9.6,8.9
"Write teacher notes about peer assessment including assessment criteria including real-world examples for blended learning. Include examples. Include metrics or KPIs.  Include objectives, prerequisites, activities, assessment criteria, extension tasks, and gamified exercises.",education,high,9.9,9.6,9.5,8.7,7.9
"Develop email campaigns for engagement metrics with examples and templates covering SEO best practices. Focus on practical applications. Provide step-by-step guidance.  Provide audience personas, keyword clusters, distribution plan, success KPIs, and visual references.",content_creation,high,9.0,8.0,8.0,8.1,8.4
"Create a tutorial on dependency injection step by step for a production environment covering security trade-offs. Use real-world examples. Explain to a beginner.  Include architecture choices, security considerations, testing strategy, deployment steps, and code review notes.",software_engineering,high,8.2,9.1,8.3,9.5,8.1
"Create an editorial plan for social media audit with measurable KPIs for a product launch for social and blog formats. Include examples. Highlight potential pitfalls.  Provide audience personas, keyword clusters, distribution plan, success KPIs, and visual references.",content_creation,high,9.1,8.2,9.0,10.0,7.4
"Analyze trends in customer journey mapping for email marketing including editorial calendar with engagement metrics. Provide step-by-step guidance. Use real-world examples.  Provide audience personas, keyword clusters, distribution plan, success KPIs, and visual references.",content_creation,high,8.2,10.0,9.5,8.9,8.3
"Explain OAuth 2.0 with security audit checklist including pros and cons with debugging tips. Suggest best practices. Consider edge cases.  Include architecture choices, security considerations, testing strategy, deployment steps, and code review notes.",software_engineering,high,8.0,8.3,9.7,10.0,8.9
"Create scaffolding materials for flipped classroom models for blended learning using adaptive learning with peer evaluation. Include examples. Use real-world examples.  Include objectives, prerequisites, activities, assessment criteria, extension tasks, and gamified exercises.",education,high,8.5,9.4,10.0,8.9,8.0
"Summarize best practices for serverless architecture with architecture diagrams including refactoring steps. Include examples. Focus on practical applications.  Include architecture choices, security considerations, testing strategy, deployment steps, and code review notes.",software_engineering,high,9.5,10.0,10.0,8.3,8.3
"Assess student performance in classroom management with extension tasks including real-world examples. Focus on practical applications. Suggest best practices.  Include objectives, prerequisites, activities, assessment criteria, extension tasks, and gamified exercises.",education,high,8.9,8.7,9.1,9.3,7.4
"Draft video scripts about brand messaging with examples and templates with storytelling frameworks for social and blog formats. Provide step-by-step guidance. Include metrics or KPIs.  Provide audience personas, keyword clusters, distribution plan, success KPIs, and visual references.",content_creation,high,9.8,8.5,8.9,8.9,7.2
"Implement Node.js with Express including pros and cons for a production environment. Suggest best practices. Focus on practical applications.  Include architecture choices, security considerations, testing strategy, deployment steps, and code review notes.",software_engineering,high,8.9,9.2,8.1,8.3,8.0
"Document clean architecture with diagrams covering security trade-offs with performance benchmarks. Suggest best practices. Provide step-by-step guidance.  Include architecture choices, security considerations, testing strategy, deployment steps, and code review notes.",software_engineering,high,9.9,8.6,9.3,9.7,7.9
"Document performance profiling including alternative implementations using real-world scenarios. Consider edge cases. Focus on practical applications.  Include architecture choices, security considerations, testing strategy, deployment steps, and code review notes.",software_engineering,high,10.0,9.8,8.0,8.1,7.1
"Analyze caching strategies with testing strategies with code review notes. Consider edge cases. Highlight potential pitfalls.  Include architecture choices, security considerations, testing strategy, deployment steps, and code review notes.",software_engineering,high,8.8,9.2,8.2,8.2,7.5
"Evaluate architecture of Docker containers including alternative implementations with performance considerations. Include metrics or KPIs. Include examples.  Include architecture choices, security considerations, testing strategy, deployment steps, and code review notes.",software_engineering,high,9.3,8.0,8.8,9.3,8.5
"Evaluate architecture of end-to-end testing with code review notes using real-world scenarios. Consider edge cases. Highlight potential pitfalls.  Include architecture choices, security considerations, testing strategy, deployment steps, and code review notes.",software_engineering,high,8.7,8.3,9.1,8.1,9.0
"Design visual assets for content repurposing with tone and style guidelines with A/B testing suggestions. Include examples. Include metrics or KPIs.  Provide audience personas, keyword clusters, distribution plan, success KPIs, and visual references.",content_creation,high,10.0,9.8,8.9,9.3,7.0
"Develop collaborative projects for active learning strategies aligned to learning outcomes with competency tracking. Use real-world examples. Consider edge cases.  Include objectives, prerequisites, activities, assessment criteria, extension tasks, and gamified exercises.",education,high,8.5,8.7,8.0,8.4,8.3
"Analyze outcomes of digital literacy covering collaborative projects for high school students including formative checks. Highlight potential pitfalls. Focus on practical applications.  Include objectives, prerequisites, activities, assessment criteria, extension tasks, and gamified exercises.",education,high,9.0,8.3,8.7,8.2,8.0
"Design microlearning modules on classroom management for a 45-minute session including formative checks. Include metrics or KPIs. Use real-world examples.  Include objectives, prerequisites, activities, assessment criteria, extension tasks, and gamified exercises.",education,high,9.5,8.2,8.8,8.4,7.9
"Plan a migration for event-driven systems step by step including pros and cons. Explain to a beginner. Include examples.  Include architecture choices, security considerations, testing strategy, deployment steps, and code review notes.",software_engineering,high,9.2,8.5,9.3,9.4,8.7
"Optimize copy for SEO email drip campaigns with tone and style guidelines with measurable KPIs with audience personas. Provide step-by-step guidance. Consider edge cases.  Provide audience personas, keyword clusters, distribution plan, success KPIs, and visual references.",content_creation,high,9.1,8.4,8.1,9.6,7.4
"Design adaptive learning modules for Bloom’s taxonomy for high school students with extension tasks including assessment criteria. Focus on practical applications. Highlight potential pitfalls.  Include objectives, prerequisites, activities, assessment criteria, extension tasks, and gamified exercises.",education,high,9.6,10.0,9.0,8.6,8.9
"Write a blog post about editorial calendars with examples and templates with A/B testing suggestions. Include examples. Use real-world examples.  Provide audience personas, keyword clusters, distribution plan, success KPIs, and visual references.",content_creation,high,9.4,9.6,8.2,8.1,8.5
"Audit content for customer journey mapping with A/B testing suggestions with tone and style guidelines. Provide step-by-step guidance. Suggest best practices.  Provide audience personas, keyword clusters, distribution plan, success KPIs, and visual references.",content_creation,high,9.2,8.9,8.4,9.5,7.8
"Write case studies on thought leadership posts with measurable KPIs for social and blog formats. Suggest best practices. Include examples.  Provide audience personas, keyword clusters, distribution plan, success KPIs, and visual references.",content_creation,high,8.8,9.3,9.1,9.3,8.5
"Plan a flipped classroom session on competency frameworks including real-world examples with classroom examples including gamified exercises. Provide step-by-step guidance. Suggest best practices.  Include objectives, prerequisites, activities, assessment criteria, extension tasks, and gamified exercises.",education,high,9.5,9.4,8.8,8.3,8.0
"Compare pedagogical methods for differentiated instruction for high school students including formative checks. Explain to a beginner. Highlight potential pitfalls.  Include objectives, prerequisites, activities, assessment criteria, extension tasks, and gamified exercises.",education,high,9.2,8.9,9.0,9.9,7.1
"Optimize copy for SEO blog topic clusters with audience personas with interactive elements. Explain to a beginner. Focus on practical applications.  Provide audience personas, keyword clusters, distribution plan, success KPIs, and visual references.",content_creation,high,8.5,8.3,9.2,9.9,8.6
"Evaluate architecture of microservices including refactoring steps with code review notes. Focus on practical applications. Include examples.  Include architecture choices, security considerations, testing strategy, deployment steps, and code review notes.",software_engineering,high,9.5,8.8,8.0,9.4,8.5
"Optimize copy for SEO social media audit with storytelling frameworks with examples and templates. Suggest best practices. Provide step-by-step guidance.  Provide audience personas, keyword clusters, distribution plan, success KPIs, and visual references.",content_creation,high,9.4,8.2,8.3,8.0,8.8
"Review code for CI/CD pipelines with diagrams using real-world scenarios with performance considerations. Use real-world examples. Explain to a beginner.  Include architecture choices, security considerations, testing strategy, deployment steps, and code review notes.",software_engineering,high,8.4,9.7,9.0,9.4,7.4
"Create a tutorial on event-driven systems with debugging tips with detailed bug analysis. Provide step-by-step guidance. Include examples.  Include architecture choices, security considerations, testing strategy, deployment steps, and code review notes.",software_engineering,high,8.2,9.4,9.9,8.2,8.6
"Write case studies on infographic design with storytelling frameworks with interactive elements. Focus on practical applications. Use real-world examples.  Provide audience personas, keyword clusters, distribution plan, success KPIs, and visual references.",content_creation,high,8.4,8.9,8.7,8.4,8.7
"Analyze trends in social media hooks covering SEO best practices with distribution channels with examples and templates. Suggest best practices. Include metrics or KPIs.  Provide audience personas, keyword clusters, distribution plan, success KPIs, and visual references.",content_creation,high,9.8,8.6,9.1,9.1,8.8
"Plan a flipped classroom session on formative assessment for blended learning including real-world examples. Use real-world examples. Highlight potential pitfalls.  Include objectives, prerequisites, activities, assessment criteria, extension tasks, and gamified exercises.",education,high,8.1,8.6,9.0,9.8,8.0
"Conduct load testing for load testing including alternative implementations with testing strategies. Include metrics or KPIs. Suggest best practices.  Include architecture choices, security considerations, testing strategy, deployment steps, and code review notes.",software_engineering,high,8.2,9.3,8.8,9.7,8.3
"Create a lesson plan on instructional design patterns with competency tracking with remediation ideas. Explain to a beginner. Use real-world examples.  Include objectives, prerequisites, activities, assessment criteria, extension tasks, and gamified exercises.",education,high,9.2,8.2,8.8,9.4,7.7
"Design a rubric for classroom management with microlearning exercises for a 45-minute session aligned to learning outcomes. Suggest best practices. Explain to a beginner.  Include objectives, prerequisites, activities, assessment criteria, extension tasks, and gamified exercises.",education,high,8.6,10.0,9.6,9.6,7.6
"Investigate memory leaks in continuous testing with performance considerations including alternative implementations with CI/CD pipeline setup. Use real-world examples. Consider edge cases.  Include architecture choices, security considerations, testing strategy, deployment steps, and code review notes.",software_engineering,high,8.6,9.5,8.5,8.2,7.3
"Assess security for security vulnerabilities with architecture diagrams using real-world scenarios. Include metrics or KPIs. Include examples.  Include architecture choices, security considerations, testing strategy, deployment steps, and code review notes.",software_engineering,high,8.1,9.7,9.5,8.5,8.6
"Write a blog post about visual storytelling with visual references with measurable KPIs with A/B testing suggestions. Use real-world examples. Provide step-by-step guidance.  Provide audience personas, keyword clusters, distribution plan, success KPIs, and visual references.",content_creation,high,9.5,9.0,9.6,9.3,8.1
"Write unit tests for security vulnerabilities with testing strategies including alternative implementations with diagrams. Suggest best practices. Explain to a beginner.  Include architecture choices, security considerations, testing strategy, deployment steps, and code review notes.",software_engineering,high,8.8,9.2,8.7,9.4,7.4
"Design adaptive learning modules for learning outcomes aligned to learning outcomes with classroom examples with differentiated activities. Explain to a beginner. Suggest best practices.  Include objectives, prerequisites, activities, assessment criteria, extension tasks, and gamified exercises.",education,high,8.9,9.9,9.5,8.4,8.3
"Debug refactoring legacy code with detailed bug analysis for a production environment with performance considerations. Provide step-by-step guidance. Explain to a beginner.  Include architecture choices, security considerations, testing strategy, deployment steps, and code review notes.",software_engineering,high,8.7,9.0,9.3,9.4,8.0
"Plan a flipped classroom session on microlearning aligned to learning outcomes with learning analytics suggestions. Use real-world examples. Include examples.  Include objectives, prerequisites, activities, assessment criteria, extension tasks, and gamified exercises.",education,high,8.5,9.8,8.7,8.3,9.0
"Create interactive quizzes for A/B testing headlines with A/B testing suggestions with tone and style guidelines. Include examples. Use real-world examples.  Provide audience personas, keyword clusters, distribution plan, success KPIs, and visual references.",content_creation,high,9.3,8.9,9.5,8.0,8.5
"Develop collaborative projects for inclusive pedagogy with extension tasks with learning analytics suggestions. Highlight potential pitfalls. Suggest best practices.  Include objectives, prerequisites, activities, assessment criteria, extension tasks, and gamified exercises.",education,high,9.7,9.0,9.7,8.8,7.1
"Draft a proposal for event-driven systems with performance considerations including pros and cons. Include examples. Suggest best practices.  Include architecture choices, security considerations, testing strategy, deployment steps, and code review notes.",software_engineering,high,9.1,9.2,9.0,9.5,7.6
"Create an editorial plan for podcast scripts covering multichannel strategy with A/B testing suggestions for social and blog formats. Include metrics or KPIs. Provide step-by-step guidance.  Provide audience personas, keyword clusters, distribution plan, success KPIs, and visual references.",content_creation,high,9.4,9.8,8.7,8.7,7.2
"Fix bugs in logging and observability with code examples covering edge cases. Include examples. Explain to a beginner.  Include architecture choices, security considerations, testing strategy, deployment steps, and code review notes.",software_engineering,high,9.6,8.5,9.2,9.7,7.0
"Design a content brief for landing page copy for a B2B SaaS brand for a product launch. Include examples. Highlight potential pitfalls.  Provide audience personas, keyword clusters, distribution plan, success KPIs, and visual references.",content_creation,high,9.2,9.3,9.8,8.7,8.8
"Automate deployment for performance profiling step by step with diagrams. Include examples. Include metrics or KPIs.  Include architecture choices, security considerations, testing strategy, deployment steps, and code review notes.",software_engineering,high,9.2,9.9,8.5,8.9,8.3
"Explain CI/CD pipelines covering security trade-offs with testing strategies. Suggest best practices. Include examples.  Include architecture choices, security considerations, testing strategy, deployment steps, and code review notes.",software_engineering,high,8.9,8.7,9.8,10.0,7.7
"Develop gamified exercises on flipped classroom models including formative checks for a 45-minute session. Highlight potential pitfalls. Include metrics or KPIs.  Include objectives, prerequisites, activities, assessment criteria, extension tasks, and gamified exercises.",education,high,8.8,8.4,8.9,8.8,7.1
"Write a blog post about YouTube scripts for social and blog formats for a product launch for a B2B SaaS brand. Focus on practical applications. Highlight potential pitfalls.  Provide audience personas, keyword clusters, distribution plan, success KPIs, and visual references.",content_creation,high,8.9,8.6,9.2,8.4,8.8
"Evaluate architecture of Python FastAPI with detailed bug analysis with code review notes with testing strategies. Include metrics or KPIs. Suggest best practices.  Include architecture choices, security considerations, testing strategy, deployment steps, and code review notes.",software_engineering,high,8.8,9.5,9.7,9.2,8.4
"Document Docker containers with detailed bug analysis using real-world scenarios including pros and cons. Explain to a beginner. Focus on practical applications.  Include architecture choices, security considerations, testing strategy, deployment steps, and code review notes.",software_engineering,high,8.2,8.3,9.4,8.2,7.0
"Write a blog post about conversion copywriting including keyword research for a B2B SaaS brand with engagement metrics. Use real-world examples. Focus on practical applications.  Provide audience personas, keyword clusters, distribution plan, success KPIs, and visual references.",content_creation,high,9.4,9.8,9.8,10.0,7.3
"Conduct load testing for continuous testing covering edge cases with detailed bug analysis. Use real-world examples. Explain to a beginner.  Include architecture choices, security considerations, testing strategy, deployment steps, and code review notes.",software_engineering,high,8.3,9.1,9.5,9.0,7.6
"Document OpenID Connect including pros and cons with testing strategies with detailed bug analysis. Focus on practical applications. Highlight potential pitfalls.  Include architecture choices, security considerations, testing strategy, deployment steps, and code review notes.",software_engineering,high,8.0,9.1,8.1,9.7,7.5
"Facilitate peer review for critical thinking exercises for blended learning including gamified exercises with extension tasks. Use real-world examples. Focus on practical applications.  Include objectives, prerequisites, activities, assessment criteria, extension tasks, and gamified exercises.",education,high,9.8,9.0,8.2,8.9,8.3
"Write unit tests for logging and observability step by step including alternative implementations for a production environment. Focus on practical applications. Use real-world examples.  Include architecture choices, security considerations, testing strategy, deployment steps, and code review notes.",software_engineering,high,8.8,9.4,9.3,9.3,7.1
"Design memory leaks covering edge cases including deployment steps. Explain to a beginner. Provide step-by-step guidance.  Include architecture choices, security considerations, testing strategy, deployment steps, and code review notes.",software_engineering,high,8.7,8.5,8.8,9.6,9.0
"Design adaptive learning modules for learning outcomes with peer evaluation using adaptive learning including assessment criteria. Explain to a beginner. Suggest best practices.  Include objectives, prerequisites, activities, assessment criteria, extension tasks, and gamified exercises.",education,high,9.7,9.6,9.4,9.6,8.5
"Design microlearning modules on STEM integration for a 45-minute session including assessment criteria. Explain to a beginner. Include examples.  Include objectives, prerequisites, activities, assessment criteria, extension tasks, and gamified exercises.",education,high,8.7,8.7,8.7,9.2,8.3
"Design microlearning modules on peer assessment for blended learning with extension tasks with remediation ideas. Include metrics or KPIs. Provide step-by-step guidance.  Include objectives, prerequisites, activities, assessment criteria, extension tasks, and gamified exercises.",education,high,8.1,9.2,9.1,9.7,7.8
"Investigate memory leaks in monolith migration with performance benchmarks with debugging tips with performance considerations. Provide step-by-step guidance. Explain to a beginner.  Include architecture choices, security considerations, testing strategy, deployment steps, and code review notes.",software_engineering,high,9.6,8.6,9.3,8.9,8.5
"Optimize copy for SEO social media audit including keyword research including editorial calendar with engagement metrics. Suggest best practices. Consider edge cases.  Provide audience personas, keyword clusters, distribution plan, success KPIs, and visual references.",content_creation,high,9.3,9.1,8.0,9.5,8.6
"Design microlearning modules on learning path design with learning analytics suggestions with differentiated activities. Suggest best practices. Provide step-by-step guidance.  Include objectives, prerequisites, activities, assessment criteria, extension tasks, and gamified exercises.",education,high,8.4,9.8,9.3,9.0,8.1
"Implement microservices using real-world scenarios with CI/CD pipeline setup with detailed bug analysis. Include examples. Explain to a beginner.  Include architecture choices, security considerations, testing strategy, deployment steps, and code review notes.",software_engineering,high,9.8,9.7,9.4,8.8,8.9
"Evaluate architecture of Docker containers with CI/CD pipeline setup with security audit checklist. Include metrics or KPIs. Use real-world examples.  Include architecture choices, security considerations, testing strategy, deployment steps, and code review notes.",software_engineering,high,10.0,8.4,9.8,8.3,8.5
"Summarize research on inclusive pedagogy with extension tasks with scaffolding guides with differentiated activities. Use real-world examples. Include examples.  Include objectives, prerequisites, activities, assessment criteria, extension tasks, and gamified exercises.",education,high,9.5,8.5,8.8,9.5,8.6
"Fix bugs in memory leaks with architecture diagrams with code review notes. Explain to a beginner. Focus on practical applications.  Include architecture choices, security considerations, testing strategy, deployment steps, and code review notes.",software_engineering,high,8.9,8.9,10.0,8.3,7.5
"Generate a list of product launch copies including influencer mentions with tone and style guidelines. Focus on practical applications. Consider edge cases.  Provide audience personas, keyword clusters, distribution plan, success KPIs, and visual references.",content_creation,high,8.4,9.5,8.4,9.1,8.7
"Design microlearning modules on STEM integration aligned to learning outcomes covering collaborative projects including gamified exercises. Consider edge cases. Include metrics or KPIs.  Include objectives, prerequisites, activities, assessment criteria, extension tasks, and gamified exercises.",education,high,8.9,9.0,8.2,8.8,8.8
"Document feature toggles with CI/CD pipeline setup with detailed bug analysis including deployment steps. Highlight potential pitfalls. Focus on practical applications.  Include architecture choices, security considerations, testing strategy, deployment steps, and code review notes.",software_engineering,high,8.3,9.6,8.7,9.3,7.5
"Analyze trends in conversion copywriting including keyword research with A/B testing suggestions. Provide step-by-step guidance. Include metrics or KPIs.  Provide audience personas, keyword clusters, distribution plan, success KPIs, and visual references.",content_creation,high,8.7,8.7,9.3,9.8,7.9
"Fix bugs in security vulnerabilities using real-world scenarios including refactoring steps. Suggest best practices. Provide step-by-step guidance.  Include architecture choices, security considerations, testing strategy, deployment steps, and code review notes.",software_engineering,high,9.6,9.8,9.9,9.0,8.3
"Write case studies on editorial calendars for a product launch including editorial calendar. Highlight potential pitfalls. Provide step-by-step guidance.  Provide audience personas, keyword clusters, distribution plan, success KPIs, and visual references.",content_creation,high,9.4,10.0,8.9,8.4,7.4
"Audit content for email drip campaigns with distribution channels including keyword research including editorial calendar. Consider edge cases. Explain to a beginner.  Provide audience personas, keyword clusters, distribution plan, success KPIs, and visual references.",content_creation,high,8.2,9.2,8.6,9.6,8.2
"Optimize performance of OAuth 2.0 with debugging tips with performance considerations including refactoring steps. Highlight potential pitfalls. Explain to a beginner.  Include architecture choices, security considerations, testing strategy, deployment steps, and code review notes.",software_engineering,high,9.0,8.3,9.9,10.0,7.4
"Develop email campaigns for blog topic clusters with storytelling frameworks for social and blog formats. Include metrics or KPIs. Consider edge cases.  Provide audience personas, keyword clusters, distribution plan, success KPIs, and visual references.",content_creation,high,9.5,9.1,8.7,9.0,7.9
"Produce a podcast episode on engagement metrics with examples and templates with interactive elements. Focus on practical applications. Explain to a beginner.  Provide audience personas, keyword clusters, distribution plan, success KPIs, and visual references.",content_creation,high,8.3,9.2,8.1,9.9,8.1
"Create a lesson plan on educational psychology with learning analytics suggestions with microlearning exercises covering collaborative projects. Suggest best practices. Consider edge cases.  Include objectives, prerequisites, activities, assessment criteria, extension tasks, and gamified exercises.",education,high,8.3,8.3,8.4,8.2,7.6
"Implement feature toggles with code examples step by step. Use real-world examples. Focus on practical applications.  Include architecture choices, security considerations, testing strategy, deployment steps, and code review notes.",software_engineering,high,8.2,9.6,8.1,9.9,7.7
"Design microlearning modules on microlearning including gamified exercises with extension tasks including real-world examples. Explain to a beginner. Use real-world examples.  Include objectives, prerequisites, activities, assessment criteria, extension tasks, and gamified exercises.",education,high,9.0,9.2,9.8,9.3,7.4
"Optimize copy for SEO SEO content pillars including keyword research covering multichannel strategy with visual references. Include metrics or KPIs. Consider edge cases.  Provide audience personas, keyword clusters, distribution plan, success KPIs, and visual references.",content_creation,high,8.9,8.3,9.9,8.3,8.6
"Fix bugs in OAuth 2.0 with code review notes with CI/CD pipeline setup with debugging tips. Highlight potential pitfalls. Consider edge cases.  Include architecture choices, security considerations, testing strategy, deployment steps, and code review notes.",software_engineering,high,9.7,8.2,8.9,8.5,7.1
"Analyze serverless architecture with security audit checklist for a production environment with debugging tips. Explain to a beginner. Use real-world examples.  Include architecture choices, security considerations, testing strategy, deployment steps, and code review notes.",software_engineering,high,8.8,8.3,8.6,8.2,8.8
"Assess security for unit testing with debugging tips with detailed bug analysis covering security trade-offs. Suggest best practices. Focus on practical applications.  Include architecture choices, security considerations, testing strategy, deployment steps, and code review notes.",software_engineering,high,9.2,8.0,9.6,8.4,7.2
"Configure CI/CD for TypeScript types using real-world scenarios including deployment steps. Provide step-by-step guidance. Suggest best practices.  Include architecture choices, security considerations, testing strategy, deployment steps, and code review notes.",software_engineering,high,8.9,9.0,8.9,9.5,8.0
"Generate a list of visual storytelling with distribution channels with storytelling frameworks. Use real-world examples. Consider edge cases.  Provide audience personas, keyword clusters, distribution plan, success KPIs, and visual references.",content_creation,high,8.8,9.1,8.7,9.2,8.9
"Draft a unit outline on Bloom’s taxonomy with microlearning exercises for a 45-minute session with remediation ideas. Focus on practical applications. Explain to a beginner.  Include objectives, prerequisites, activities, assessment criteria, extension tasks, and gamified exercises.",education,high,9.6,9.3,8.5,10.0,7.5
"Facilitate peer review for collaborative projects including real-world examples for blended learning for a 45-minute session. Include examples. Provide step-by-step guidance.  Include objectives, prerequisites, activities, assessment criteria, extension tasks, and gamified exercises.",education,high,8.9,9.8,9.0,8.8,8.3
"Develop gamified exercises on edtech tools using active learning including gamified exercises aligned to learning outcomes. Consider edge cases. Suggest best practices.  Include objectives, prerequisites, activities, assessment criteria, extension tasks, and gamified exercises.",education,high,8.1,8.5,9.3,8.8,8.8
"Analyze outcomes of microlearning with classroom examples with scaffolding guides. Use real-world examples. Provide step-by-step guidance.  Include objectives, prerequisites, activities, assessment criteria, extension tasks, and gamified exercises.",education,high,9.1,8.6,9.3,8.9,8.1
"Write social captions about case study frameworks with examples and templates for a B2B SaaS brand covering SEO best practices. Use real-world examples. Highlight potential pitfalls.  Provide audience personas, keyword clusters, distribution plan, success KPIs, and visual references.",content_creation,high,9.4,8.3,8.0,8.9,8.3
"Compare Kubernetes with diagrams covering edge cases with debugging tips. Consider edge cases. Explain to a beginner.  Include architecture choices, security considerations, testing strategy, deployment steps, and code review notes.",software_engineering,high,8.9,9.1,9.0,8.5,8.7
"Refactor Python FastAPI with testing strategies including pros and cons. Include examples. Explain to a beginner.  Include architecture choices, security considerations, testing strategy, deployment steps, and code review notes.",software_engineering,high,8.4,8.5,8.1,9.1,8.5
"Draft a proposal for GraphQL schemas with testing strategies with diagrams with security audit checklist. Explain to a beginner. Consider edge cases.  Include architecture choices, security considerations, testing strategy, deployment steps, and code review notes.",software_engineering,high,9.4,8.8,9.9,8.7,7.4
"Create a lesson plan on assessment rubrics with learning analytics suggestions for a 45-minute session. Focus on practical applications. Consider edge cases.  Include objectives, prerequisites, activities, assessment criteria, extension tasks, and gamified exercises.",education,high,9.8,9.6,8.7,9.8,7.8
"Plan a migration for database indexing with performance considerations including refactoring steps. Include examples. Consider edge cases.  Include architecture choices, security considerations, testing strategy, deployment steps, and code review notes.",software_engineering,high,9.4,9.8,9.1,9.9,8.2
"Write a blog post about viral hooks with interactive elements including influencer mentions including keyword research. Provide step-by-step guidance. Suggest best practices.  Provide audience personas, keyword clusters, distribution plan, success KPIs, and visual references.",content_creation,high,9.8,9.5,8.8,9.2,7.2
"Design visual assets for newsletter strategy with engagement metrics with tone and style guidelines with audience personas. Provide step-by-step guidance. Include metrics or KPIs.  Provide audience personas, keyword clusters, distribution plan, success KPIs, and visual references.",content_creation,high,9.9,9.8,9.8,8.1,8.2
"Design microservices for a production environment with performance considerations. Explain to a beginner. Consider edge cases.  Include architecture choices, security considerations, testing strategy, deployment steps, and code review notes.",software_engineering,high,8.5,9.2,8.1,9.3,8.5
"Assess student performance in curriculum mapping with scaffolding guides including formative checks with learning analytics suggestions. Include examples. Include metrics or KPIs.  Include objectives, prerequisites, activities, assessment criteria, extension tasks, and gamified exercises.",education,high,8.2,8.1,8.7,9.6,7.1
"Create scaffolding materials for instructional scaffolding with microlearning exercises with classroom examples for high school students. Provide step-by-step guidance. Consider edge cases.  Include objectives, prerequisites, activities, assessment criteria, extension tasks, and gamified exercises.",education,high,9.9,8.5,8.1,9.3,8.0
"Map a curriculum for instructional scaffolding with differentiated activities for blended learning. Explain to a beginner. Include metrics or KPIs.  Include objectives, prerequisites, activities, assessment criteria, extension tasks, and gamified exercises.",education,high,8.7,9.6,8.4,9.6,8.1
"Summarize research on project rubrics using adaptive learning including gamified exercises. Include examples. Include metrics or KPIs.  Include objectives, prerequisites, activities, assessment criteria, extension tasks, and gamified exercises.",education,high,9.0,8.4,9.4,8.3,8.7
"Draft video scripts about engagement metrics with engagement metrics with interactive elements with examples and templates. Consider edge cases. Provide step-by-step guidance.  Provide audience personas, keyword clusters, distribution plan, success KPIs, and visual references.",content_creation,high,8.4,8.1,8.3,8.5,8.5
"Draft a content strategy for social media audit including editorial calendar for a B2B SaaS brand. Highlight potential pitfalls. Use real-world examples.  Provide audience personas, keyword clusters, distribution plan, success KPIs, and visual references.",content_creation,high,8.8,8.7,8.8,9.0,8.3
"Explain security vulnerabilities including deployment steps covering security trade-offs. Provide step-by-step guidance. Include metrics or KPIs.  Include architecture choices, security considerations, testing strategy, deployment steps, and code review notes.",software_engineering,high,8.8,8.9,9.7,9.7,7.4
"Summarize best practices for database indexing with performance considerations using real-world scenarios. Consider edge cases. Include metrics or KPIs.  Include architecture choices, security considerations, testing strategy, deployment steps, and code review notes.",software_engineering,high,9.1,9.5,8.7,9.8,8.5
"Analyze trends in engagement metrics with visual references including influencer mentions with audience personas. Focus on practical applications. Suggest best practices.  Provide audience personas, keyword clusters, distribution plan, success KPIs, and visual references.",content_creation,high,8.8,9.5,8.6,8.8,7.3
"Draft a proposal for distributed transactions including deployment steps covering security trade-offs with architecture diagrams. Include examples. Use real-world examples.  Include architecture choices, security considerations, testing strategy, deployment steps, and code review notes.",software_engineering,high,9.0,9.9,8.9,8.5,7.9
"Compare approaches to case study frameworks with distribution channels with engagement metrics for a B2B SaaS brand. Highlight potential pitfalls. Explain to a beginner.  Provide audience personas, keyword clusters, distribution plan, success KPIs, and visual references.",content_creation,high,8.5,8.9,8.4,8.5,8.1
"Analyze trends in conversion copywriting covering multichannel strategy with measurable KPIs with distribution channels. Highlight potential pitfalls. Consider edge cases.  Provide audience personas, keyword clusters, distribution plan, success KPIs, and visual references.",content_creation,high,9.4,8.7,8.5,9.1,8.0
"Draft video scripts about conversion copywriting including influencer mentions with storytelling frameworks. Include metrics or KPIs. Suggest best practices.  Provide audience personas, keyword clusters, distribution plan, success KPIs, and visual references.",content_creation,high,8.5,9.3,9.9,8.7,8.1
"Develop gamified exercises on gamified learning using adaptive learning with remediation ideas with microlearning exercises. Consider edge cases. Explain to a beginner.  Include objectives, prerequisites, activities, assessment criteria, extension tasks, and gamified exercises.",education,high,8.0,8.8,8.3,8.1,7.8
"Debug OpenID Connect including refactoring steps with testing strategies with code review notes. Include metrics or KPIs. Focus on practical applications.  Include architecture choices, security considerations, testing strategy, deployment steps, and code review notes.",software_engineering,high,9.3,9.2,8.1,10.0,7.1
"Outline a guide on blog topic clusters with tone and style guidelines with visual references. Include metrics or KPIs. Provide step-by-step guidance.  Provide audience personas, keyword clusters, distribution plan, success KPIs, and visual references.",content_creation,high,9.0,9.4,9.6,8.6,8.2
"Assess security for event-driven systems with performance considerations with performance benchmarks. Include metrics or KPIs. Explain to a beginner.  Include architecture choices, security considerations, testing strategy, deployment steps, and code review notes.",software_engineering,high,9.9,9.9,9.6,8.6,7.4
"Summarize research on learning path design using active learning using adaptive learning. Suggest best practices. Use real-world examples.  Include objectives, prerequisites, activities, assessment criteria, extension tasks, and gamified exercises.",education,high,9.0,9.6,9.5,9.8,7.3
"Draft a unit outline on microlearning with extension tasks with classroom examples. Explain to a beginner. Include examples.  Include objectives, prerequisites, activities, assessment criteria, extension tasks, and gamified exercises.",education,high,8.4,9.4,9.4,8.5,7.6
"Assess student performance in blended learning with classroom examples for a 45-minute session. Consider edge cases. Include metrics or KPIs.  Include objectives, prerequisites, activities, assessment criteria, extension tasks, and gamified exercises.",education,high,9.7,8.3,8.3,9.0,8.5
"Debug monolith migration including deployment steps with diagrams with security audit checklist. Include examples. Explain to a beginner.  Include architecture choices, security considerations, testing strategy, deployment steps, and code review notes.",software_engineering,high,9.5,9.5,9.3,8.2,7.3
"Compare approaches to brand messaging including conversion optimization tips with interactive elements for a product launch. Include metrics or KPIs. Include examples.  Provide audience personas, keyword clusters, distribution plan, success KPIs, and visual references.",content_creation,high,8.3,9.3,9.6,8.5,8.1
"Configure CI/CD for Kubernetes including alternative implementations with security audit checklist including refactoring steps. Consider edge cases. Provide step-by-step guidance.  Include architecture choices, security considerations, testing strategy, deployment steps, and code review notes.",software_engineering,high,10.0,8.6,9.4,9.0,8.2
"Design microlearning modules on adaptive learning with scaffolding guides for a 45-minute session. Highlight potential pitfalls. Consider edge cases.  Include objectives, prerequisites, activities, assessment criteria, extension tasks, and gamified exercises.",education,high,10.0,8.8,9.8,8.7,8.9
"Design visual assets for email drip campaigns with measurable KPIs with engagement metrics. Consider edge cases. Highlight potential pitfalls.  Provide audience personas, keyword clusters, distribution plan, success KPIs, and visual references.",content_creation,high,8.3,8.1,8.5,8.7,7.7
"Summarize techniques for content repurposing for email marketing with audience personas including editorial calendar. Use real-world examples. Suggest best practices.  Provide audience personas, keyword clusters, distribution plan, success KPIs, and visual references.",content_creation,high,8.1,9.2,9.5,9.8,8.6
"Plan a migration for GraphQL schemas with security audit checklist covering edge cases using real-world scenarios. Provide step-by-step guidance. Consider edge cases.  Include architecture choices, security considerations, testing strategy, deployment steps, and code review notes.",software_engineering,high,8.4,8.3,8.9,9.4,7.8
"Outline a guide on blog topic clusters with audience personas with distribution channels. Focus on practical applications. Use real-world examples.  Provide audience personas, keyword clusters, distribution plan, success KPIs, and visual references.",content_creation,high,9.1,8.0,9.5,8.5,8.9
"Refactor incident response with code review notes with performance benchmarks. Include examples. Explain to a beginner.  Include architecture choices, security considerations, testing strategy, deployment steps, and code review notes.",software_engineering,high,8.6,9.3,9.9,9.6,8.6
"Assess student performance in classroom management with differentiated activities with scaffolding guides with competency tracking. Include examples. Provide step-by-step guidance.  Include objectives, prerequisites, activities, assessment criteria, extension tasks, and gamified exercises.",education,high,9.4,9.8,8.9,9.6,8.5
"Summarize techniques for long-form articles including conversion optimization tips with interactive elements. Include examples. Focus on practical applications.  Provide audience personas, keyword clusters, distribution plan, success KPIs, and visual references.",content_creation,high,9.0,9.1,8.9,9.8,8.1
"Develop collaborative projects for peer assessment for high school students covering collaborative projects. Include metrics or KPIs. Consider edge cases.  Include objectives, prerequisites, activities, assessment criteria, extension tasks, and gamified exercises.",education,high,9.2,8.6,9.1,8.7,7.2
"Draft a proposal for OAuth 2.0 with security audit checklist including deployment steps covering security trade-offs. Suggest best practices. Provide step-by-step guidance.  Include architecture choices, security considerations, testing strategy, deployment steps, and code review notes.",software_engineering,high,9.1,9.8,8.5,9.8,7.6
"Develop classroom activities for microlearning with differentiated activities using adaptive learning covering collaborative projects. Suggest best practices. Include metrics or KPIs.  Include objectives, prerequisites, activities, assessment criteria, extension tasks, and gamified exercises.",education,high,8.3,8.1,9.8,9.6,8.9
"Outline a guide on brand voice guidelines including conversion optimization tips for a B2B SaaS brand. Consider edge cases. Highlight potential pitfalls.  Provide audience personas, keyword clusters, distribution plan, success KPIs, and visual references.",content_creation,high,8.2,9.5,9.9,9.1,8.4
"Explain bug fixes with detailed bug analysis with architecture diagrams. Highlight potential pitfalls. Suggest best practices.  Include architecture choices, security considerations, testing strategy, deployment steps, and code review notes.",software_engineering,high,9.7,9.5,9.3,8.6,7.8
"Write teacher notes about adaptive learning including real-world examples including assessment criteria for high school students. Consider edge cases. Highlight potential pitfalls.  Include objectives, prerequisites, activities, assessment criteria, extension tasks, and gamified exercises.",education,high,9.7,9.6,9.9,9.9,7.1
"Audit content for YouTube scripts with A/B testing suggestions covering SEO best practices for email marketing. Include examples. Focus on practical applications.  Provide audience personas, keyword clusters, distribution plan, success KPIs, and visual references.",content_creation,high,9.4,8.9,8.3,9.8,8.4
"Refactor OAuth 2.0 covering security trade-offs with detailed bug analysis with diagrams. Explain to a beginner. Consider edge cases.  Include architecture choices, security considerations, testing strategy, deployment steps, and code review notes.",software_engineering,high,8.5,9.3,9.5,9.6,7.9
"Draft a proposal for refactoring legacy code with code examples using real-world scenarios with code review notes. Provide step-by-step guidance. Suggest best practices.  Include architecture choices, security considerations, testing strategy, deployment steps, and code review notes.",software_engineering,high,8.2,9.5,8.4,8.5,7.3
"Evaluate architecture of OAuth 2.0 covering security trade-offs for a production environment. Include metrics or KPIs. Explain to a beginner.  Include architecture choices, security considerations, testing strategy, deployment steps, and code review notes.",software_engineering,high,9.1,9.4,9.2,9.9,8.2
"Summarize techniques for conversion copywriting for a product launch including influencer mentions with storytelling frameworks. Explain to a beginner. Focus on practical applications.  Provide audience personas, keyword clusters, distribution plan, success KPIs, and visual references.",content_creation,high,9.8,8.2,9.0,8.4,8.8
"Analyze outcomes of project-based learning including gamified exercises including formative checks with learning analytics suggestions. Include metrics or KPIs. Focus on practical applications.  Include objectives, prerequisites, activities, assessment criteria, extension tasks, and gamified exercises.",education,high,8.9,8.3,9.4,9.5,8.2
"Create interactive quizzes for thought leadership posts with audience personas covering SEO best practices. Include examples. Use real-world examples.  Provide audience personas, keyword clusters, distribution plan, success KPIs, and visual references.",content_creation,high,8.1,8.4,8.5,8.3,7.4
"Write teacher notes about project rubrics with learning analytics suggestions including gamified exercises. Include metrics or KPIs. Provide step-by-step guidance.  Include objectives, prerequisites, activities, assessment criteria, extension tasks, and gamified exercises.",education,high,8.3,9.2,9.9,8.1,8.0
"Develop gamified exercises on competency frameworks with scaffolding guides for a 45-minute session including formative checks. Include examples. Use real-world examples.  Include objectives, prerequisites, activities, assessment criteria, extension tasks, and gamified exercises.",education,high,8.9,9.1,9.1,9.5,8.8
"Write educational guides for educational psychology for high school students with microlearning exercises including gamified exercises. Include examples. Consider edge cases.  Include objectives, prerequisites, activities, assessment criteria, extension tasks, and gamified exercises.",education,high,9.9,9.2,8.8,9.4,7.7
"Create an editorial plan for blog topic clusters with tone and style guidelines with visual references. Use real-world examples. Include metrics or KPIs.  Provide audience personas, keyword clusters, distribution plan, success KPIs, and visual references.",content_creation,high,8.5,9.2,8.7,8.2,8.9
"Produce a podcast episode on case study frameworks with interactive elements including keyword research. Suggest best practices. Explain to a beginner.  Provide audience personas, keyword clusters, distribution plan, success KPIs, and visual references.",content_creation,high,9.0,9.1,9.4,9.3,8.8
"Design a rubric for adaptive learning using active learning with microlearning exercises. Highlight potential pitfalls. Explain to a beginner.  Include objectives, prerequisites, activities, assessment criteria, extension tasks, and gamified exercises.",education,high,9.5,8.5,8.2,8.5,7.0
"Optimize copy for SEO podcast scripts including editorial calendar with audience personas covering SEO best practices. Explain to a beginner. Consider edge cases.  Provide audience personas, keyword clusters, distribution plan, success KPIs, and visual references.",content_creation,high,8.8,9.0,8.2,8.8,7.3
"Develop collaborative projects for peer assessment with differentiated activities including formative checks. Focus on practical applications. Include examples.  Include objectives, prerequisites, activities, assessment criteria, extension tasks, and gamified exercises.",education,high,9.1,8.3,8.8,9.8,7.2
"Write educational guides for curriculum mapping with microlearning exercises for high school students aligned to learning outcomes. Use real-world examples. Include examples.  Include objectives, prerequisites, activities, assessment criteria, extension tasks, and gamified exercises.",education,high,8.5,9.7,8.8,8.9,7.1
"Optimize copy for SEO keyword clustering with distribution channels with audience personas. Include metrics or KPIs. Provide step-by-step guidance.  Provide audience personas, keyword clusters, distribution plan, success KPIs, and visual references.",content_creation,high,8.8,8.4,9.5,9.6,7.7
"Write teacher notes about adaptive learning including assessment criteria including formative checks including gamified exercises. Provide step-by-step guidance. Use real-world examples.  Include objectives, prerequisites, activities, assessment criteria, extension tasks, and gamified exercises.",education,high,9.6,8.7,9.0,8.7,7.4
"Facilitate peer review for assessment rubrics using adaptive learning with remediation ideas. Use real-world examples. Explain to a beginner.  Include objectives, prerequisites, activities, assessment criteria, extension tasks, and gamified exercises.",education,high,9.9,9.1,8.5,8.1,8.8
"Produce a podcast episode on email drip campaigns covering multichannel strategy for a B2B SaaS brand with examples and templates. Explain to a beginner. Include metrics or KPIs.  Provide audience personas, keyword clusters, distribution plan, success KPIs, and visual references.",content_creation,high,9.6,8.3,9.0,9.7,7.4
"Design a content brief for thought leadership posts with storytelling frameworks for social and blog formats. Provide step-by-step guidance. Include metrics or KPIs.  Provide audience personas, keyword clusters, distribution plan, success KPIs, and visual references.",content_creation,high,9.3,8.2,8.8,8.3,8.7
"Assess security for feature toggles with CI/CD pipeline setup with code review notes with code examples. Suggest best practices. Focus on practical applications.  Include architecture choices, security considerations, testing strategy, deployment steps, and code review notes.",software_engineering,high,8.9,9.2,9.2,9.1,7.7
"Create infographics on product launch copies for email marketing with examples and templates. Highlight potential pitfalls. Focus on practical applications.  Provide audience personas, keyword clusters, distribution plan, success KPIs, and visual references.",content_creation,high,8.1,8.0,8.4,9.0,8.2
"Conduct load testing for OpenID Connect with CI/CD pipeline setup with performance considerations. Use real-world examples. Include metrics or KPIs.  Include architecture choices, security considerations, testing strategy, deployment steps, and code review notes.",software_engineering,high,9.4,9.8,8.8,9.5,7.1
"Evaluate architecture of incident response step by step with code review notes. Highlight potential pitfalls. Provide step-by-step guidance.  Include architecture choices, security considerations, testing strategy, deployment steps, and code review notes.",software_engineering,high,9.3,8.4,8.3,8.4,8.1
"Write case studies on brand voice guidelines including editorial calendar with visual references for a B2B SaaS brand. Consider edge cases. Suggest best practices.  Provide audience personas, keyword clusters, distribution plan, success KPIs, and visual references.",content_creation,high,8.0,8.5,9.0,8.2,7.8
"Summarize techniques for product launch copies with audience personas with tone and style guidelines. Explain to a beginner. Provide step-by-step guidance.  Provide audience personas, keyword clusters, distribution plan, success KPIs, and visual references.",content_creation,high,9.4,9.9,8.7,9.3,7.4
"Audit content for social media audit with measurable KPIs for email marketing including conversion optimization tips. Highlight potential pitfalls. Suggest best practices.  Provide audience personas, keyword clusters, distribution plan, success KPIs, and visual references.",content_creation,high,9.3,8.9,8.4,8.5,7.0
"Automate deployment for monolith migration including pros and cons with testing strategies with performance considerations. Consider edge cases. Highlight potential pitfalls.  Include architecture choices, security considerations, testing strategy, deployment steps, and code review notes.",software_engineering,high,8.9,9.5,8.8,8.1,7.0
"Plan a flipped classroom session on peer assessment with differentiated activities for a 45-minute session. Focus on practical applications. Suggest best practices.  Include objectives, prerequisites, activities, assessment criteria, extension tasks, and gamified exercises.",education,high,9.5,9.3,8.7,8.8,7.3
"Draft a content strategy for brand messaging with storytelling frameworks with measurable KPIs for a product launch. Include metrics or KPIs. Focus on practical applications.  Provide audience personas, keyword clusters, distribution plan, success KPIs, and visual references.",content_creation,high,8.3,8.6,8.9,9.6,7.4
"Assess security for caching strategies with code review notes with performance considerations with code examples. Provide step-by-step guidance. Explain to a beginner.  Include architecture choices, security considerations, testing strategy, deployment steps, and code review notes.",software_engineering,high,8.0,8.0,9.9,8.2,7.1
"Conduct load testing for security vulnerabilities including refactoring steps with performance considerations with security audit checklist. Provide step-by-step guidance. Include examples.  Include architecture choices, security considerations, testing strategy, deployment steps, and code review notes.",software_engineering,high,9.7,9.1,9.2,9.4,7.2
"Plan a migration for clean architecture with debugging tips using real-world scenarios with code review notes. Explain to a beginner. Focus on practical applications.  Include architecture choices, security considerations, testing strategy, deployment steps, and code review notes.",software_engineering,high,9.1,8.3,9.8,8.0,7.8
"Draft video scripts about A/B testing headlines with measurable KPIs with interactive elements with distribution channels. Provide step-by-step guidance. Use real-world examples.  Provide audience personas, keyword clusters, distribution plan, success KPIs, and visual references.",content_creation,high,8.8,8.1,8.7,9.4,8.2
"Implement TypeScript types with code review notes with performance considerations with performance benchmarks. Suggest best practices. Explain to a beginner.  Include architecture choices, security considerations, testing strategy, deployment steps, and code review notes.",software_engineering,high,10.0,8.9,8.4,8.2,7.8
"Evaluate architecture of Django ORM with detailed bug analysis with testing strategies. Explain to a beginner. Include examples.  Include architecture choices, security considerations, testing strategy, deployment steps, and code review notes.",software_engineering,high,8.5,9.4,8.2,8.5,7.6
"Fix bugs in GraphQL schemas with testing strategies with diagrams. Consider edge cases. Explain to a beginner.  Include architecture choices, security considerations, testing strategy, deployment steps, and code review notes.",software_engineering,high,9.4,9.3,9.4,8.3,7.1
"Create an editorial plan for brand voice guidelines including keyword research with distribution channels. Explain to a beginner. Use real-world examples.  Provide audience personas, keyword clusters, distribution plan, success KPIs, and visual references.",content_creation,high,9.5,9.9,9.1,8.3,7.9
"Explain microservices with detailed bug analysis covering edge cases. Suggest best practices. Consider edge cases.  Include architecture choices, security considerations, testing strategy, deployment steps, and code review notes.",software_engineering,high,8.0,8.2,9.9,8.3,8.5
"Develop classroom activities for competency frameworks including assessment criteria with peer evaluation with competency tracking. Consider edge cases. Include examples.  Include objectives, prerequisites, activities, assessment criteria, extension tasks, and gamified exercises.",education,high,9.1,9.4,8.9,9.0,8.3
"Design a content brief for social media hooks including keyword research with A/B testing suggestions for email marketing. Highlight potential pitfalls. Suggest best practices.  Provide audience personas, keyword clusters, distribution plan, success KPIs, and visual references.",content_creation,high,9.1,9.1,9.8,9.0,7.1
"Draft video scripts about brand messaging including conversion optimization tips with visual references. Use real-world examples. Include examples.  Provide audience personas, keyword clusters, distribution plan, success KPIs, and visual references.",content_creation,high,8.1,8.1,9.0,8.2,8.1
"Assess student performance in formative assessment for blended learning using adaptive learning. Include examples. Focus on practical applications.  Include objectives, prerequisites, activities, assessment criteria, extension tasks, and gamified exercises.",education,high,9.8,8.3,8.3,9.2,8.5
"Analyze outcomes of educational psychology including assessment criteria including real-world examples with differentiated activities. Consider edge cases. Explain to a beginner.  Include objectives, prerequisites, activities, assessment criteria, extension tasks, and gamified exercises.",education,high,8.8,8.9,9.2,9.9,8.2
"Design a content brief for conversion copywriting with examples and templates with measurable KPIs. Consider edge cases. Include examples.  Provide audience personas, keyword clusters, distribution plan, success KPIs, and visual references.",content_creation,high,8.3,8.6,9.0,8.8,7.4
"Draft video scripts about customer journey mapping including conversion optimization tips with distribution channels. Explain to a beginner. Use real-world examples.  Provide audience personas, keyword clusters, distribution plan, success KPIs, and visual references.",content_creation,high,8.9,9.0,8.3,8.6,7.9
"Design a content brief for brand messaging for a B2B SaaS brand with measurable KPIs with engagement metrics. Suggest best practices. Focus on practical applications.  Provide audience personas, keyword clusters, distribution plan, success KPIs, and visual references.",content_creation,high,8.6,8.9,8.7,9.7,8.9
"Design unit testing with security audit checklist including alternative implementations with performance considerations. Use real-world examples. Consider edge cases.  Include architecture choices, security considerations, testing strategy, deployment steps, and code review notes.",software_engineering,high,8.9,8.1,8.1,9.3,7.3
"Write a blog post about interactive content including keyword research with tone and style guidelines. Use real-world examples. Consider edge cases.  Provide audience personas, keyword clusters, distribution plan, success KPIs, and visual references.",content_creation,high,8.0,8.4,8.8,8.8,7.9
"Analyze outcomes of peer assessment with scaffolding guides including assessment criteria with microlearning exercises. Explain to a beginner. Include metrics or KPIs.  Include objectives, prerequisites, activities, assessment criteria, extension tasks, and gamified exercises.",education,high,9.8,8.4,8.1,8.2,8.2
"Develop email campaigns for storytelling techniques with interactive elements with storytelling frameworks including conversion optimization tips. Focus on practical applications. Suggest best practices.  Provide audience personas, keyword clusters, distribution plan, success KPIs, and visual references.",content_creation,high,8.8,8.6,9.6,9.7,8.7
"Configure CI/CD for Kubernetes including deployment steps with performance considerations. Include examples. Suggest best practices.  Include architecture choices, security considerations, testing strategy, deployment steps, and code review notes.",software_engineering,high,8.9,10.0,8.4,9.6,7.8
"Develop email campaigns for social media audit with interactive elements for a product launch. Consider edge cases. Focus on practical applications.  Provide audience personas, keyword clusters, distribution plan, success KPIs, and visual references.",content_creation,high,9.6,9.3,9.7,8.6,9.0
"Develop email campaigns for storytelling techniques with visual references with engagement metrics. Include metrics or KPIs. Explain to a beginner.  Provide audience personas, keyword clusters, distribution plan, success KPIs, and visual references.",content_creation,high,8.7,9.1,9.0,9.1,8.6
"Write case studies on podcast scripts covering multichannel strategy for a B2B SaaS brand for a product launch. Suggest best practices. Highlight potential pitfalls.  Provide audience personas, keyword clusters, distribution plan, success KPIs, and visual references.",content_creation,high,8.5,8.6,9.9,8.5,8.6
"Design microlearning modules on student engagement metrics using active learning with differentiated activities with competency tracking. Include metrics or KPIs. Consider edge cases.  Include objectives, prerequisites, activities, assessment criteria, extension tasks, and gamified exercises.",education,high,9.5,9.4,9.1,8.8,8.7
"Map a curriculum for project rubrics with peer evaluation for blended learning with scaffolding guides. Provide step-by-step guidance. Use real-world examples.  Include objectives, prerequisites, activities, assessment criteria, extension tasks, and gamified exercises.",education,high,8.6,9.1,9.2,8.1,8.1
"Design microlearning modules on collaborative projects including real-world examples with extension tasks covering collaborative projects. Include examples. Explain to a beginner.  Include objectives, prerequisites, activities, assessment criteria, extension tasks, and gamified exercises.",education,high,9.5,9.9,9.4,9.2,7.1
"Optimize performance of memory leaks including deployment steps using real-world scenarios for a production environment. Include examples. Provide step-by-step guidance.  Include architecture choices, security considerations, testing strategy, deployment steps, and code review notes.",software_engineering,high,8.0,9.1,8.8,9.3,8.5
"Create assessment quizzes for gamified learning with extension tasks with microlearning exercises. Use real-world examples. Explain to a beginner.  Include objectives, prerequisites, activities, assessment criteria, extension tasks, and gamified exercises.",education,high,9.3,8.5,10.0,8.1,7.5
"Optimize performance of database indexing with diagrams using real-world scenarios including alternative implementations. Include metrics or KPIs. Include examples.  Include architecture choices, security considerations, testing strategy, deployment steps, and code review notes.",software_engineering,high,8.2,8.8,9.3,9.4,7.5
"Map a curriculum for differentiated instruction including assessment criteria with competency tracking aligned to learning outcomes. Include examples. Include metrics or KPIs.  Include objectives, prerequisites, activities, assessment criteria, extension tasks, and gamified exercises.",education,high,8.4,8.5,8.4,8.5,8.1
"Write social captions about storytelling techniques including influencer mentions with storytelling frameworks. Suggest best practices. Use real-world examples.  Provide audience personas, keyword clusters, distribution plan, success KPIs, and visual references.",content_creation,high,9.6,8.8,8.1,8.7,7.3
"Create assessment quizzes for learning outcomes with extension tasks including formative checks with microlearning exercises. Provide step-by-step guidance. Focus on practical applications.  Include objectives, prerequisites, activities, assessment criteria, extension tasks, and gamified exercises.",education,high,8.6,8.9,10.0,9.0,7.9
"Fix bugs in load testing covering security trade-offs including alternative implementations with performance benchmarks. Highlight potential pitfalls. Include metrics or KPIs.  Include architecture choices, security considerations, testing strategy, deployment steps, and code review notes.",software_engineering,high,8.1,8.8,8.5,9.6,8.8
"Create infographics on social media audit for email marketing with storytelling frameworks including influencer mentions. Consider edge cases. Include metrics or KPIs.  Provide audience personas, keyword clusters, distribution plan, success KPIs, and visual references.",content_creation,high,8.5,9.7,9.6,9.4,8.1
"Create assessment quizzes for edtech tools for high school students using active learning with peer evaluation. Focus on practical applications. Include metrics or KPIs.  Include objectives, prerequisites, activities, assessment criteria, extension tasks, and gamified exercises.",education,high,9.3,8.5,9.6,9.1,8.0
"Create scaffolding materials for learning path design with classroom examples for high school students. Use real-world examples. Explain to a beginner.  Include objectives, prerequisites, activities, assessment criteria, extension tasks, and gamified exercises.",education,high,8.4,9.0,8.8,9.2,8.3
"Create an editorial plan for engagement metrics with storytelling frameworks for email marketing for a product launch. Focus on practical applications. Provide step-by-step guidance.  Provide audience personas, keyword clusters, distribution plan, success KPIs, and visual references.",content_creation,high,9.3,9.8,9.2,9.7,8.7
"Assess security for load testing with architecture diagrams with code review notes. Explain to a beginner. Consider edge cases.  Include architecture choices, security considerations, testing strategy, deployment steps, and code review notes.",software_engineering,high,8.8,9.2,8.8,8.5,7.2
"Facilitate peer review for STEM integration for high school students including formative checks with competency tracking. Suggest best practices. Provide step-by-step guidance.  Include objectives, prerequisites, activities, assessment criteria, extension tasks, and gamified exercises.",education,high,9.9,8.4,9.9,9.8,8.1
"Write a blog post about conversion copywriting with measurable KPIs with A/B testing suggestions. Include metrics or KPIs. Use real-world examples.  Provide audience personas, keyword clusters, distribution plan, success KPIs, and visual references.",content_creation,high,8.3,8.1,8.1,9.6,8.3
"Investigate memory leaks in Docker containers with code examples with code review notes with testing strategies. Include examples. Focus on practical applications.  Include architecture choices, security considerations, testing strategy, deployment steps, and code review notes.",software_engineering,high,9.1,9.8,9.4,9.8,7.0
"Write social captions about newsletter strategy including keyword research for a product launch. Include metrics or KPIs. Provide step-by-step guidance.  Provide audience personas, keyword clusters, distribution plan, success KPIs, and visual references.",content_creation,high,9.8,8.0,8.5,9.1,7.8
"Design microlearning modules on critical thinking exercises including assessment criteria with classroom examples. Explain to a beginner. Suggest best practices.  Include objectives, prerequisites, activities, assessment criteria, extension tasks, and gamified exercises.",education,high,9.0,9.0,8.8,9.5,8.1
"Review code for CI/CD pipelines including pros and cons using real-world scenarios. Highlight potential pitfalls. Use real-world examples.  Include architecture choices, security considerations, testing strategy, deployment steps, and code review notes.",software_engineering,high,9.8,8.3,8.1,9.1,8.3
"Write educational guides for differentiated instruction using adaptive learning with learning analytics suggestions. Include examples. Provide step-by-step guidance.  Include objectives, prerequisites, activities, assessment criteria, extension tasks, and gamified exercises.",education,high,8.7,9.7,8.9,8.8,7.9
"Implement microservices covering edge cases using real-world scenarios with performance benchmarks. Provide step-by-step guidance. Consider edge cases.  Include architecture choices, security considerations, testing strategy, deployment steps, and code review notes.",software_engineering,high,8.5,8.4,9.7,9.0,7.8
"Design Python FastAPI with code review notes step by step covering security trade-offs. Consider edge cases. Highlight potential pitfalls.  Include architecture choices, security considerations, testing strategy, deployment steps, and code review notes.",software_engineering,high,8.6,9.7,9.3,8.5,7.6
"Draft video scripts about case study frameworks including keyword research with audience personas with measurable KPIs. Use real-world examples. Include examples.  Provide audience personas, keyword clusters, distribution plan, success KPIs, and visual references.",content_creation,high,8.8,8.0,9.3,9.0,7.6
"Compare pedagogical methods for classroom management for blended learning including formative checks. Explain to a beginner. Suggest best practices.  Include objectives, prerequisites, activities, assessment criteria, extension tasks, and gamified exercises.",education,high,9.3,8.6,9.6,9.9,8.3
"Develop email campaigns for customer journey mapping with distribution channels with A/B testing suggestions. Focus on practical applications. Provide step-by-step guidance.  Provide audience personas, keyword clusters, distribution plan, success KPIs, and visual references.",content_creation,high,8.4,8.1,8.3,8.4,8.1
"Design a content brief for thought leadership posts with distribution channels with storytelling frameworks. Provide step-by-step guidance. Explain to a beginner.  Provide audience personas, keyword clusters, distribution plan, success KPIs, and visual references.",content_creation,high,9.9,9.6,8.4,8.9,7.6
"Summarize research on active learning strategies aligned to learning outcomes for high school students. Consider edge cases. Suggest best practices.  Include objectives, prerequisites, activities, assessment criteria, extension tasks, and gamified exercises.",education,high,8.7,8.7,9.3,9.5,8.9
"Evaluate architecture of API versioning with testing strategies with diagrams. Provide step-by-step guidance. Include metrics or KPIs.  Include architecture choices, security considerations, testing strategy, deployment steps, and code review notes.",software_engineering,high,8.4,9.0,8.2,8.9,9.0
"Write case studies on multichannel campaigns with engagement metrics with measurable KPIs including editorial calendar. Provide step-by-step guidance. Suggest best practices.  Provide audience personas, keyword clusters, distribution plan, success KPIs, and visual references.",content_creation,high,8.5,9.5,8.1,8.1,7.6
"Create a lesson plan on lesson objectives with classroom examples with peer evaluation. Include examples. Focus on practical applications.  Include objectives, prerequisites, activities, assessment criteria, extension tasks, and gamified exercises.",education,high,8.9,8.7,9.9,8.6,8.2
"Develop classroom activities for formative assessment including gamified exercises with remediation ideas with peer evaluation. Focus on practical applications. Include metrics or KPIs.  Include objectives, prerequisites, activities, assessment criteria, extension tasks, and gamified exercises.",education,high,9.5,8.3,8.6,8.5,8.1
"Assess security for unit testing with testing strategies with security audit checklist including pros and cons. Focus on practical applications. Include examples.  Include architecture choices, security considerations, testing strategy, deployment steps, and code review notes.",software_engineering,high,8.6,9.9,9.6,9.2,7.4
"Design microlearning modules on formative assessment including assessment criteria including gamified exercises. Include metrics or KPIs. Focus on practical applications.  Include objectives, prerequisites, activities, assessment criteria, extension tasks, and gamified exercises.",education,high,9.0,9.5,9.5,9.6,8.6
"Investigate memory leaks in OAuth 2.0 with code review notes with CI/CD pipeline setup with code examples. Explain to a beginner. Use real-world examples.  Include architecture choices, security considerations, testing strategy, deployment steps, and code review notes.",software_engineering,high,9.4,8.4,8.4,8.1,8.3
"Write unit tests for feature toggles including refactoring steps using real-world scenarios with diagrams. Use real-world examples. Include metrics or KPIs.  Include architecture choices, security considerations, testing strategy, deployment steps, and code review notes.",software_engineering,high,8.3,10.0,8.4,9.5,8.5
"Compare pedagogical methods for formative assessment with learning analytics suggestions with scaffolding guides including formative checks. Highlight potential pitfalls. Include metrics or KPIs.  Include objectives, prerequisites, activities, assessment criteria, extension tasks, and gamified exercises.",education,high,9.4,8.1,9.6,8.1,7.0
"Create interactive quizzes for podcast scripts including editorial calendar including keyword research. Highlight potential pitfalls. Include metrics or KPIs.  Provide audience personas, keyword clusters, distribution plan, success KPIs, and visual references.",content_creation,high,8.3,8.8,9.6,9.7,7.4
"Compare pedagogical methods for digital literacy with differentiated activities aligned to learning outcomes. Include metrics or KPIs. Highlight potential pitfalls.  Include objectives, prerequisites, activities, assessment criteria, extension tasks, and gamified exercises.",education,high,9.2,9.7,8.5,9.4,8.9
"Write unit tests for GraphQL schemas with code review notes including alternative implementations for a production environment. Suggest best practices. Explain to a beginner.  Include architecture choices, security considerations, testing strategy, deployment steps, and code review notes.",software_engineering,high,9.6,8.9,8.3,8.1,8.3
"Compare approaches to tone and style guides with distribution channels with engagement metrics. Include examples. Include metrics or KPIs.  Provide audience personas, keyword clusters, distribution plan, success KPIs, and visual references.",content_creation,high,8.7,9.8,8.2,8.0,7.2
"Write case studies on long-form articles with measurable KPIs with distribution channels. Include examples. Highlight potential pitfalls.  Provide audience personas, keyword clusters, distribution plan, success KPIs, and visual references.",content_creation,high,9.2,9.7,9.6,8.6,7.4
"Fix bugs in Kubernetes with CI/CD pipeline setup with diagrams including refactoring steps. Highlight potential pitfalls. Focus on practical applications.  Include architecture choices, security considerations, testing strategy, deployment steps, and code review notes.",software_engineering,high,8.4,9.8,9.3,8.9,8.1
"Generate a list of interactive content with visual references with measurable KPIs. Explain to a beginner. Include metrics or KPIs.  Provide audience personas, keyword clusters, distribution plan, success KPIs, and visual references.",content_creation,high,8.6,9.7,9.0,9.4,8.6
"Explain fundamentals of collaborative projects using active learning for high school students for a 45-minute session. Provide step-by-step guidance. Explain to a beginner.  Include objectives, prerequisites, activities, assessment criteria, extension tasks, and gamified exercises.",education,high,9.0,8.1,8.4,9.6,8.4
"Summarize research on competency frameworks with peer evaluation for high school students. Provide step-by-step guidance. Explain to a beginner.  Include objectives, prerequisites, activities, assessment criteria, extension tasks, and gamified exercises.",education,high,9.6,9.3,8.8,8.9,7.3
"Review code for database indexing with diagrams with code examples. Focus on practical applications. Include metrics or KPIs.  Include architecture choices, security considerations, testing strategy, deployment steps, and code review notes.",software_engineering,high,8.7,9.8,9.9,8.2,7.0
"Write educational guides for critical thinking exercises with competency tracking including gamified exercises. Include metrics or KPIs. Focus on practical applications.  Include objectives, prerequisites, activities, assessment criteria, extension tasks, and gamified exercises.",education,high,8.3,9.7,8.3,9.6,8.8
"Map a curriculum for learning path design aligned to learning outcomes with classroom examples with microlearning exercises. Provide step-by-step guidance. Use real-world examples.  Include objectives, prerequisites, activities, assessment criteria, extension tasks, and gamified exercises.",education,high,10.0,8.8,8.4,9.5,7.6
"Develop collaborative projects for peer assessment with differentiated activities with microlearning exercises. Explain to a beginner. Consider edge cases.  Include objectives, prerequisites, activities, assessment criteria, extension tasks, and gamified exercises.",education,high,8.8,8.9,9.1,9.4,8.2
"Write educational guides for learning path design with microlearning exercises aligned to learning outcomes. Include examples. Suggest best practices.  Include objectives, prerequisites, activities, assessment criteria, extension tasks, and gamified exercises.",education,high,8.9,9.7,8.5,8.7,8.2
"Investigate memory leaks in performance profiling with performance considerations with debugging tips using real-world scenarios. Use real-world examples. Consider edge cases.  Include architecture choices, security considerations, testing strategy, deployment steps, and code review notes.",software_engineering,high,8.0,8.1,9.6,9.7,7.7
"Debug distributed transactions including deployment steps with testing strategies. Consider edge cases. Use real-world examples.  Include architecture choices, security considerations, testing strategy, deployment steps, and code review notes.",software_engineering,high,8.5,8.7,9.4,9.1,8.9
"Write teacher notes about instructional scaffolding with competency tracking for a 45-minute session for high school students. Use real-world examples. Include metrics or KPIs.  Include objectives, prerequisites, activities, assessment criteria, extension tasks, and gamified exercises.",education,high,8.5,8.6,8.9,10.0,8.3
"Summarize techniques for product launch copies with audience personas with interactive elements. Consider edge cases. Suggest best practices.  Provide audience personas, keyword clusters, distribution plan, success KPIs, and visual references.",content_creation,high,9.3,9.9,8.8,8.2,7.7
"Plan a migration for CI/CD pipelines including pros and cons with debugging tips. Use real-world examples. Suggest best practices.  Include architecture choices, security considerations, testing strategy, deployment steps, and code review notes.",software_engineering,high,9.0,9.4,10.0,8.4,8.5
"Compare incident response covering edge cases using real-world scenarios covering security trade-offs. Use real-world examples. Focus on practical applications.  Include architecture choices, security considerations, testing strategy, deployment steps, and code review notes.",software_engineering,high,9.5,8.1,8.4,8.7,7.8
"Develop classroom activities for learning path design with remediation ideas with learning analytics suggestions with extension tasks. Provide step-by-step guidance. Include metrics or KPIs.  Include objectives, prerequisites, activities, assessment criteria, extension tasks, and gamified exercises.",education,high,8.7,8.4,8.3,9.3,8.7
"Review code for continuous testing including pros and cons including deployment steps. Provide step-by-step guidance. Explain to a beginner.  Include architecture choices, security considerations, testing strategy, deployment steps, and code review notes.",software_engineering,high,9.1,9.2,8.6,9.0,7.8
"Explain fundamentals of edtech tools with competency tracking including assessment criteria. Explain to a beginner. Include metrics or KPIs.  Include objectives, prerequisites, activities, assessment criteria, extension tasks, and gamified exercises.",education,high,8.4,9.1,8.5,9.8,8.3
"Develop gamified exercises on formative assessment including real-world examples for blended learning. Explain to a beginner. Consider edge cases.  Include objectives, prerequisites, activities, assessment criteria, extension tasks, and gamified exercises.",education,high,8.7,8.9,9.9,9.7,8.8
"Analyze outcomes of project rubrics including gamified exercises covering collaborative projects. Include metrics or KPIs. Consider edge cases.  Include objectives, prerequisites, activities, assessment criteria, extension tasks, and gamified exercises.",education,high,10.0,8.4,9.9,9.1,8.9
"Conduct load testing for GraphQL schemas with performance considerations including refactoring steps. Consider edge cases. Include examples.  Include architecture choices, security considerations, testing strategy, deployment steps, and code review notes.",software_engineering,high,9.6,10.0,9.6,9.6,7.1
"Compare approaches to social media hooks covering SEO best practices with measurable KPIs. Use real-world examples. Highlight potential pitfalls.  Provide audience personas, keyword clusters, distribution plan, success KPIs, and visual references.",content_creation,high,8.4,9.5,9.4,9.4,8.9
"Develop gamified exercises on Bloom’s taxonomy including formative checks with remediation ideas aligned to learning outcomes. Highlight potential pitfalls. Include metrics or KPIs.  Include objectives, prerequisites, activities, assessment criteria, extension tasks, and gamified exercises.",education,high,9.4,9.6,9.3,8.8,8.5
"Conduct load testing for OAuth 2.0 including refactoring steps with code examples with performance considerations. Focus on practical applications. Consider edge cases.  Include architecture choices, security considerations, testing strategy, deployment steps, and code review notes.",software_engineering,high,8.5,8.6,9.6,9.4,7.5
"Write a blog post about product launch copies with distribution channels for email marketing. Suggest best practices. Include metrics or KPIs.  Provide audience personas, keyword clusters, distribution plan, success KPIs, and visual references.",content_creation,high,8.8,9.1,8.5,10.0,8.0
"Compare Kubernetes with code review notes with CI/CD pipeline setup with diagrams. Consider edge cases. Include examples.  Include architecture choices, security considerations, testing strategy, deployment steps, and code review notes.",software_engineering,high,8.9,10.0,9.4,8.8,7.4
"Summarize best practices for microservices with CI/CD pipeline setup with architecture diagrams. Suggest best practices. Include metrics or KPIs.  Include architecture choices, security considerations, testing strategy, deployment steps, and code review notes.",software_engineering,high,8.5,9.2,8.8,9.6,8.1
"Fix bugs in monitoring dashboards with architecture diagrams covering security trade-offs. Explain to a beginner. Highlight potential pitfalls.  Include architecture choices, security considerations, testing strategy, deployment steps, and code review notes.",software_engineering,high,8.7,10.0,8.7,8.5,8.5
"Design a content brief for content repurposing with tone and style guidelines for email marketing including influencer mentions. Provide step-by-step guidance. Consider edge cases.  Provide audience personas, keyword clusters, distribution plan, success KPIs, and visual references.",content_creation,high,8.5,8.2,9.9,10.0,8.9
"Assess security for CI/CD pipelines with security audit checklist including refactoring steps. Highlight potential pitfalls. Include examples.  Include architecture choices, security considerations, testing strategy, deployment steps, and code review notes.",software_engineering,high,9.1,9.1,9.5,9.0,7.3
"Automate deployment for monolith migration with testing strategies with detailed bug analysis. Suggest best practices. Include examples.  Include architecture choices, security considerations, testing strategy, deployment steps, and code review notes.",software_engineering,high,9.5,9.4,8.8,9.5,8.7
"Refactor logging and observability with code review notes with security audit checklist. Include examples. Highlight potential pitfalls.  Include architecture choices, security considerations, testing strategy, deployment steps, and code review notes.",software_engineering,high,9.2,8.0,8.7,8.2,8.5
"Debug microservices including refactoring steps step by step. Focus on practical applications. Suggest best practices.  Include architecture choices, security considerations, testing strategy, deployment steps, and code review notes.",software_engineering,high,9.1,9.6,9.9,9.7,7.6
"Evaluate architecture of monitoring dashboards with code review notes with debugging tips with security audit checklist. Highlight potential pitfalls. Include examples.  Include architecture choices, security considerations, testing strategy, deployment steps, and code review notes.",software_engineering,high,8.1,8.4,8.4,9.6,9.0
"Summarize best practices for serverless architecture with detailed bug analysis with diagrams. Focus on practical applications. Provide step-by-step guidance.  Include architecture choices, security considerations, testing strategy, deployment steps, and code review notes.",software_engineering,high,8.1,10.0,9.9,8.1,9.0
"Create scaffolding materials for instructional design patterns covering collaborative projects with differentiated activities with remediation ideas. Suggest best practices. Highlight potential pitfalls.  Include objectives, prerequisites, activities, assessment criteria, extension tasks, and gamified exercises.",education,high,9.3,8.9,9.0,8.3,8.2
"Evaluate architecture of monolith migration step by step with diagrams. Include metrics or KPIs. Consider edge cases.  Include architecture choices, security considerations, testing strategy, deployment steps, and code review notes.",software_engineering,high,9.8,8.5,8.6,8.5,8.0
"Plan a flipped classroom session on collaborative projects including formative checks with competency tracking. Highlight potential pitfalls. Include metrics or KPIs.  Include objectives, prerequisites, activities, assessment criteria, extension tasks, and gamified exercises.",education,high,9.3,9.6,8.6,8.3,8.8
"Summarize best practices for dependency injection including pros and cons with security audit checklist including alternative implementations. Consider edge cases. Explain to a beginner.  Include architecture choices, security considerations, testing strategy, deployment steps, and code review notes.",software_engineering,high,9.5,8.2,8.8,9.1,8.8
"Summarize research on project-based learning covering collaborative projects with extension tasks with differentiated activities. Include examples. Include metrics or KPIs.  Include objectives, prerequisites, activities, assessment criteria, extension tasks, and gamified exercises.",education,high,9.5,8.0,9.6,8.3,8.8
"Assess security for TypeScript types with performance considerations with code examples with security audit checklist. Provide step-by-step guidance. Focus on practical applications.  Include architecture choices, security considerations, testing strategy, deployment steps, and code review notes.",software_engineering,high,8.4,8.5,8.2,8.3,8.2
"Write case studies on visual storytelling for social and blog formats for email marketing with measurable KPIs. Highlight potential pitfalls. Explain to a beginner.  Provide audience personas, keyword clusters, distribution plan, success KPIs, and visual references.",content_creation,high,10.0,8.1,8.4,9.1,7.1
"Design microlearning modules on student engagement metrics with differentiated activities using active learning for high school students. Include examples. Provide step-by-step guidance.  Include objectives, prerequisites, activities, assessment criteria, extension tasks, and gamified exercises.",education,high,9.8,9.7,9.6,8.9,8.7
"Plan a migration for continuous testing step by step with security audit checklist using real-world scenarios. Highlight potential pitfalls. Suggest best practices.  Include architecture choices, security considerations, testing strategy, deployment steps, and code review notes.",software_engineering,high,8.5,10.0,8.9,8.4,8.5
"Draft a unit outline on curriculum mapping covering collaborative projects aligned to learning outcomes with extension tasks. Highlight potential pitfalls. Focus on practical applications.  Include objectives, prerequisites, activities, assessment criteria, extension tasks, and gamified exercises.",education,high,9.0,9.7,8.3,9.8,8.0
"Write case studies on brand messaging with audience personas covering multichannel strategy including conversion optimization tips. Include examples. Consider edge cases.  Provide audience personas, keyword clusters, distribution plan, success KPIs, and visual references.",content_creation,high,9.9,9.4,9.3,9.1,8.6
"Analyze React state management for a production environment including pros and cons including deployment steps. Use real-world examples. Consider edge cases.  Include architecture choices, security considerations, testing strategy, deployment steps, and code review notes.",software_engineering,high,8.6,8.3,8.3,9.8,7.2
"Plan a webinar on viral hooks with examples and templates with visual references with storytelling frameworks. Highlight potential pitfalls. Explain to a beginner.  Provide audience personas, keyword clusters, distribution plan, success KPIs, and visual references.",content_creation,high,8.7,9.4,9.7,8.1,7.7
"Write social captions about influencer collaborations for a B2B SaaS brand with storytelling frameworks with audience personas. Use real-world examples. Explain to a beginner.  Provide audience personas, keyword clusters, distribution plan, success KPIs, and visual references.",content_creation,high,8.9,9.5,9.6,9.9,8.9
"Configure CI/CD for dependency injection with code review notes with detailed bug analysis including alternative implementations. Include metrics or KPIs. Explain to a beginner.  Include architecture choices, security considerations, testing strategy, deployment steps, and code review notes.",software_engineering,high,8.9,9.4,9.3,8.1,8.9
"Implement OpenID Connect using real-world scenarios with debugging tips with testing strategies. Include metrics or KPIs. Explain to a beginner.  Include architecture choices, security considerations, testing strategy, deployment steps, and code review notes.",software_engineering,high,8.7,9.5,9.7,9.9,7.8
"Create assessment quizzes for flipped classroom models with microlearning exercises with extension tasks. Suggest best practices. Consider edge cases.  Include objectives, prerequisites, activities, assessment criteria, extension tasks, and gamified exercises.",education,high,9.2,8.3,8.7,9.8,7.6
"Implement serverless architecture including alternative implementations with architecture diagrams. Include examples. Consider edge cases.  Include architecture choices, security considerations, testing strategy, deployment steps, and code review notes.",software_engineering,high,8.9,9.7,8.5,8.1,7.3
"Analyze microservices including refactoring steps with diagrams with security audit checklist. Consider edge cases. Use real-world examples.  Include architecture choices, security considerations, testing strategy, deployment steps, and code review notes.",software_engineering,high,9.3,9.1,9.2,9.9,8.3
"Design adaptive learning modules for peer assessment using adaptive learning for a 45-minute session with microlearning exercises. Explain to a beginner. Include metrics or KPIs.  Include objectives, prerequisites, activities, assessment criteria, extension tasks, and gamified exercises.",education,high,9.6,9.3,9.5,8.2,8.2
"Plan a webinar on case study frameworks including influencer mentions for email marketing. Focus on practical applications. Explain to a beginner.  Provide audience personas, keyword clusters, distribution plan, success KPIs, and visual references.",content_creation,high,9.1,8.7,9.3,9.5,8.2
"Analyze trends in product launch copies with examples and templates for a product launch. Include examples. Focus on practical applications.  Provide audience personas, keyword clusters, distribution plan, success KPIs, and visual references.",content_creation,high,9.5,8.4,8.2,8.0,8.0
"Summarize techniques for newsletter strategy with interactive elements for a product launch with engagement metrics. Provide step-by-step guidance. Explain to a beginner.  Provide audience personas, keyword clusters, distribution plan, success KPIs, and visual references.",content_creation,high,9.0,8.0,9.6,9.6,8.1
"Optimize performance of static code analysis including pros and cons with architecture diagrams. Highlight potential pitfalls. Focus on practical applications.  Include architecture choices, security considerations, testing strategy, deployment steps, and code review notes.",software_engineering,high,8.6,8.3,8.5,9.4,8.8
"Draft a unit outline on adaptive learning with remediation ideas covering collaborative projects. Include metrics or KPIs. Focus on practical applications.  Include objectives, prerequisites, activities, assessment criteria, extension tasks, and gamified exercises.",education,high,9.3,9.9,9.0,8.8,7.7
"Develop classroom activities for project rubrics with classroom examples using active learning. Highlight potential pitfalls. Suggest best practices.  Include objectives, prerequisites, activities, assessment criteria, extension tasks, and gamified exercises.",education,high,9.8,9.0,9.4,9.3,8.6
"Facilitate peer review for critical thinking exercises with classroom examples including formative checks with differentiated activities. Include examples. Focus on practical applications.  Include objectives, prerequisites, activities, assessment criteria, extension tasks, and gamified exercises.",education,high,9.4,8.4,9.5,9.3,8.8
"Explain fundamentals of active learning strategies including gamified exercises with learning analytics suggestions. Include examples. Explain to a beginner.  Include objectives, prerequisites, activities, assessment criteria, extension tasks, and gamified exercises.",education,high,8.8,9.8,9.9,9.1,8.7
"Assess security for monitoring dashboards with CI/CD pipeline setup with performance benchmarks. Explain to a beginner. Use real-world examples.  Include architecture choices, security considerations, testing strategy, deployment steps, and code review notes.",software_engineering,high,8.6,9.2,8.9,8.3,8.0
"Evaluate architecture of security vulnerabilities with debugging tips with performance benchmarks using real-world scenarios. Include examples. Highlight potential pitfalls.  Include architecture choices, security considerations, testing strategy, deployment steps, and code review notes.",software_engineering,high,8.0,8.6,8.2,9.8,7.8
"Develop classroom activities for student engagement metrics aligned to learning outcomes with microlearning exercises for high school students. Provide step-by-step guidance. Highlight potential pitfalls.  Include objectives, prerequisites, activities, assessment criteria, extension tasks, and gamified exercises.",education,high,9.5,8.4,9.0,9.4,7.1
"Configure CI/CD for load testing including deployment steps with debugging tips. Include metrics or KPIs. Explain to a beginner.  Include architecture choices, security considerations, testing strategy, deployment steps, and code review notes.",software_engineering,high,9.2,9.1,9.1,8.1,8.3
"Fix bugs in continuous testing with code review notes with CI/CD pipeline setup with performance benchmarks. Provide step-by-step guidance. Suggest best practices.  Include architecture choices, security considerations, testing strategy, deployment steps, and code review notes.",software_engineering,high,9.4,8.1,8.8,9.8,8.8
"Create infographics on visual storytelling covering SEO best practices for social and blog formats. Consider edge cases. Use real-world examples.  Provide audience personas, keyword clusters, distribution plan, success KPIs, and visual references.",content_creation,high,9.8,9.1,9.8,9.7,7.0
"Document TypeScript types covering edge cases with testing strategies. Use real-world examples. Focus on practical applications.  Include architecture choices, security considerations, testing strategy, deployment steps, and code review notes.",software_engineering,high,9.7,9.8,8.8,9.6,8.0
"Write teacher notes about gamified learning for high school students with scaffolding guides including gamified exercises. Highlight potential pitfalls. Include examples.  Include objectives, prerequisites, activities, assessment criteria, extension tasks, and gamified exercises.",education,high,8.3,8.9,9.8,8.4,8.9
"Summarize techniques for customer journey mapping including editorial calendar with audience personas including keyword research. Include examples. Include metrics or KPIs.  Provide audience personas, keyword clusters, distribution plan, success KPIs, and visual references.",content_creation,high,9.5,9.9,9.7,9.6,7.5
"Refactor unit testing with detailed bug analysis with performance benchmarks. Suggest best practices. Explain to a beginner.  Include architecture choices, security considerations, testing strategy, deployment steps, and code review notes.",software_engineering,high,9.8,8.8,8.4,8.5,8.3
"Design visual assets for newsletter strategy for email marketing for a product launch for social and blog formats. Use real-world examples. Consider edge cases.  Provide audience personas, keyword clusters, distribution plan, success KPIs, and visual references.",content_creation,high,8.5,8.7,8.5,8.5,8.0
"Plan a flipped classroom session on project rubrics with extension tasks with competency tracking covering collaborative projects. Focus on practical applications. Suggest best practices.  Include objectives, prerequisites, activities, assessment criteria, extension tasks, and gamified exercises.",education,high,8.5,8.7,9.3,9.7,7.6
"Assess security for feature toggles covering edge cases with testing strategies. Highlight potential pitfalls. Suggest best practices.  Include architecture choices, security considerations, testing strategy, deployment steps, and code review notes.",software_engineering,high,9.7,8.8,8.7,9.7,7.2
"Plan a migration for monitoring dashboards with performance considerations with diagrams. Suggest best practices. Use real-world examples.  Include architecture choices, security considerations, testing strategy, deployment steps, and code review notes.",software_engineering,high,8.4,8.3,8.3,9.8,7.2
"Design visual assets for editorial calendars for a B2B SaaS brand with audience personas including editorial calendar. Explain to a beginner. Focus on practical applications.  Provide audience personas, keyword clusters, distribution plan, success KPIs, and visual references.",content_creation,high,8.9,10.0,9.1,8.3,7.9
"Write teacher notes about flipped classroom models including formative checks with remediation ideas for blended learning. Highlight potential pitfalls. Include examples.  Include objectives, prerequisites, activities, assessment criteria, extension tasks, and gamified exercises.",education,high,9.4,8.2,8.7,9.1,8.1
"Develop gamified exercises on learning analytics aligned to learning outcomes with peer evaluation with remediation ideas. Include examples. Include metrics or KPIs.  Include objectives, prerequisites, activities, assessment criteria, extension tasks, and gamified exercises.",education,high,9.5,9.4,8.0,8.7,8.1
"Write educational guides for project-based learning covering collaborative projects using adaptive learning. Include examples. Highlight potential pitfalls.  Include objectives, prerequisites, activities, assessment criteria, extension tasks, and gamified exercises.",education,high,8.8,9.2,9.8,9.8,7.4
"Optimize copy for SEO tone and style guides including influencer mentions with interactive elements with visual references. Use real-world examples. Focus on practical applications.  Provide audience personas, keyword clusters, distribution plan, success KPIs, and visual references.",content_creation,high,9.9,8.2,8.5,9.5,7.2
"Write a blog post about email drip campaigns including conversion optimization tips including editorial calendar. Consider edge cases. Include metrics or KPIs.  Provide audience personas, keyword clusters, distribution plan, success KPIs, and visual references.",content_creation,high,9.4,9.8,8.2,8.8,8.5
"Write unit tests for Node.js with Express including deployment steps using real-world scenarios covering security trade-offs. Include metrics or KPIs. Focus on practical applications.  Include architecture choices, security considerations, testing strategy, deployment steps, and code review notes.",software_engineering,high,9.2,8.6,9.9,9.3,8.2
"Conduct load testing for serverless architecture with code review notes with detailed bug analysis with architecture diagrams. Explain to a beginner. Highlight potential pitfalls.  Include architecture choices, security considerations, testing strategy, deployment steps, and code review notes.",software_engineering,high,9.7,8.2,9.8,9.6,7.9
"Refactor monolith migration with testing strategies covering security trade-offs. Include metrics or KPIs. Include examples.  Include architecture choices, security considerations, testing strategy, deployment steps, and code review notes.",software_engineering,high,8.9,9.7,8.0,8.9,8.4
"Develop email campaigns for viral hooks with storytelling frameworks with tone and style guidelines including keyword research. Include metrics or KPIs. Provide step-by-step guidance.  Provide audience personas, keyword clusters, distribution plan, success KPIs, and visual references.",content_creation,high,8.5,9.9,9.9,9.0,7.0
"Debug OpenID Connect including alternative implementations including refactoring steps with security audit checklist. Explain to a beginner. Include examples.  Include architecture choices, security considerations, testing strategy, deployment steps, and code review notes.",software_engineering,high,9.2,8.2,9.9,9.9,8.6
"Plan a migration for OpenID Connect covering security trade-offs with CI/CD pipeline setup. Focus on practical applications. Explain to a beginner.  Include architecture choices, security considerations, testing strategy, deployment steps, and code review notes.",software_engineering,high,9.4,8.3,9.1,9.1,8.3
"Develop gamified exercises on digital literacy using active learning for a 45-minute session with extension tasks. Include examples. Highlight potential pitfalls.  Include objectives, prerequisites, activities, assessment criteria, extension tasks, and gamified exercises.",education,high,8.8,8.3,9.2,8.8,8.6
"Analyze trends in newsletter strategy for a product launch for a B2B SaaS brand with visual references. Include examples. Consider edge cases.  Provide audience personas, keyword clusters, distribution plan, success KPIs, and visual references.",content_creation,high,9.8,9.9,9.6,8.6,8.0
"Audit content for tone and style guides with measurable KPIs for a B2B SaaS brand with engagement metrics. Consider edge cases. Focus on practical applications.  Provide audience personas, keyword clusters, distribution plan, success KPIs, and visual references.",content_creation,high,9.2,8.2,9.9,9.2,7.2
"Debug TypeScript types including refactoring steps with security audit checklist. Explain to a beginner. Use real-world examples.  Include architecture choices, security considerations, testing strategy, deployment steps, and code review notes.",software_engineering,high,9.8,8.0,9.4,8.7,8.1
"Explain unit testing with CI/CD pipeline setup covering edge cases including refactoring steps. Explain to a beginner. Highlight potential pitfalls.  Include architecture choices, security considerations, testing strategy, deployment steps, and code review notes.",software_engineering,high,9.4,9.1,9.1,8.0,8.1
"Plan a migration for monitoring dashboards with debugging tips with code review notes with testing strategies. Use real-world examples. Include examples.  Include architecture choices, security considerations, testing strategy, deployment steps, and code review notes.",software_engineering,high,8.7,9.9,9.8,9.5,7.5
"Plan a webinar on customer journey mapping with audience personas for email marketing. Use real-world examples. Suggest best practices.  Provide audience personas, keyword clusters, distribution plan, success KPIs, and visual references.",content_creation,high,8.4,8.4,8.4,10.0,8.8
"Investigate memory leaks in OAuth 2.0 with testing strategies for a production environment using real-world scenarios. Highlight potential pitfalls. Include examples.  Include architecture choices, security considerations, testing strategy, deployment steps, and code review notes.",software_engineering,high,9.9,9.4,8.1,9.6,8.8
"Design visual assets for case study frameworks covering multichannel strategy with tone and style guidelines. Suggest best practices. Highlight potential pitfalls.  Provide audience personas, keyword clusters, distribution plan, success KPIs, and visual references.",content_creation,high,8.1,8.1,9.6,8.8,7.9
"Create scaffolding materials for Bloom’s taxonomy with microlearning exercises with differentiated activities. Suggest best practices. Consider edge cases.  Include objectives, prerequisites, activities, assessment criteria, extension tasks, and gamified exercises.",education,high,9.6,9.6,8.4,8.5,8.1
"Debug database indexing with testing strategies with performance benchmarks with security audit checklist. Provide step-by-step guidance. Suggest best practices.  Include architecture choices, security considerations, testing strategy, deployment steps, and code review notes.",software_engineering,high,8.1,8.7,8.3,8.4,8.9
"Document REST APIs with code review notes step by step. Provide step-by-step guidance. Consider edge cases.  Include architecture choices, security considerations, testing strategy, deployment steps, and code review notes.",software_engineering,high,9.9,8.9,9.8,8.4,7.5
"Implement OAuth 2.0 with debugging tips with diagrams. Consider edge cases. Suggest best practices.  Include architecture choices, security considerations, testing strategy, deployment steps, and code review notes.",software_engineering,high,9.5,8.7,9.9,8.7,8.8
"Outline a guide on YouTube scripts for email marketing with A/B testing suggestions. Include metrics or KPIs. Explain to a beginner.  Provide audience personas, keyword clusters, distribution plan, success KPIs, and visual references.",content_creation,high,8.3,9.7,9.6,9.6,7.7
"Create an editorial plan for landing page copy with storytelling frameworks with measurable KPIs. Include examples. Highlight potential pitfalls.  Provide audience personas, keyword clusters, distribution plan, success KPIs, and visual references.",content_creation,high,8.5,8.2,9.0,8.7,8.7
"Summarize techniques for case study frameworks with audience personas with interactive elements for social and blog formats. Suggest best practices. Focus on practical applications.  Provide audience personas, keyword clusters, distribution plan, success KPIs, and visual references.",content_creation,high,9.2,9.5,10.0,9.5,8.7
"Write educational guides for STEM integration with differentiated activities using adaptive learning with learning analytics suggestions. Explain to a beginner. Consider edge cases.  Include objectives, prerequisites, activities, assessment criteria, extension tasks, and gamified exercises.",education,high,8.6,8.1,9.7,8.5,7.4
"Analyze trends in thought leadership posts for a product launch with examples and templates with engagement metrics. Include metrics or KPIs. Explain to a beginner.  Provide audience personas, keyword clusters, distribution plan, success KPIs, and visual references.",content_creation,high,8.9,9.5,9.7,8.8,8.2
"Create a lesson plan on critical thinking exercises aligned to learning outcomes including real-world examples with extension tasks. Focus on practical applications. Include examples.  Include objectives, prerequisites, activities, assessment criteria, extension tasks, and gamified exercises.",education,high,8.7,8.3,8.4,9.7,8.8
"Plan a flipped classroom session on inclusive pedagogy using adaptive learning with competency tracking. Use real-world examples. Highlight potential pitfalls.  Include objectives, prerequisites, activities, assessment criteria, extension tasks, and gamified exercises.",education,high,9.6,9.8,8.7,9.7,8.7
"Write teacher notes about STEM integration with learning analytics suggestions with competency tracking. Include metrics or KPIs. Highlight potential pitfalls.  Include objectives, prerequisites, activities, assessment criteria, extension tasks, and gamified exercises.",education,high,9.1,9.9,8.7,8.4,7.3
"Summarize best practices for memory leaks covering edge cases with testing strategies with code examples. Include examples. Suggest best practices.  Include architecture choices, security considerations, testing strategy, deployment steps, and code review notes.",software_engineering,high,8.9,9.7,9.0,8.9,7.7
"Optimize copy for SEO multichannel campaigns with engagement metrics for email marketing. Focus on practical applications. Include examples.  Provide audience personas, keyword clusters, distribution plan, success KPIs, and visual references.",content_creation,high,9.4,10.0,9.4,8.4,8.4
"Write teacher notes about instructional scaffolding for high school students with learning analytics suggestions. Use real-world examples. Include examples.  Include objectives, prerequisites, activities, assessment criteria, extension tasks, and gamified exercises.",education,high,8.5,8.6,8.2,9.4,7.1
"Develop classroom activities for lesson objectives for high school students with extension tasks covering collaborative projects. Include metrics or KPIs. Provide step-by-step guidance.  Include objectives, prerequisites, activities, assessment criteria, extension tasks, and gamified exercises.",education,high,8.9,9.5,8.6,9.8,8.2
"Compare monolith migration covering security trade-offs with performance benchmarks. Use real-world examples. Include examples.  Include architecture choices, security considerations, testing strategy, deployment steps, and code review notes.",software_engineering,high,8.9,9.0,9.7,8.0,7.1
"Draft a proposal for database indexing covering edge cases with diagrams including alternative implementations. Provide step-by-step guidance. Highlight potential pitfalls.  Include architecture choices, security considerations, testing strategy, deployment steps, and code review notes.",software_engineering,high,8.1,9.4,8.4,8.7,8.6
"Create infographics on social media audit for a B2B SaaS brand with examples and templates. Explain to a beginner. Use real-world examples.  Provide audience personas, keyword clusters, distribution plan, success KPIs, and visual references.",content_creation,high,10.0,8.3,9.3,9.1,7.7
"Debug memory leaks with performance benchmarks with code review notes. Consider edge cases. Focus on practical applications.  Include architecture choices, security considerations, testing strategy, deployment steps, and code review notes.",software_engineering,high,8.2,8.1,8.0,9.2,8.0
"Draft a unit outline on competency frameworks with competency tracking with microlearning exercises including assessment criteria. Consider edge cases. Highlight potential pitfalls.  Include objectives, prerequisites, activities, assessment criteria, extension tasks, and gamified exercises.",education,high,9.4,8.4,9.3,8.8,8.4
"Facilitate peer review for flipped classroom models with scaffolding guides using active learning with remediation ideas. Highlight potential pitfalls. Provide step-by-step guidance.  Include objectives, prerequisites, activities, assessment criteria, extension tasks, and gamified exercises.",education,high,8.4,9.3,8.5,9.9,7.2
"Plan a flipped classroom session on flipped classroom models using adaptive learning with microlearning exercises aligned to learning outcomes. Suggest best practices. Include examples.  Include objectives, prerequisites, activities, assessment criteria, extension tasks, and gamified exercises.",education,high,8.9,9.7,8.2,8.4,8.9
"Analyze outcomes of student engagement metrics using adaptive learning for a 45-minute session using active learning. Provide step-by-step guidance. Consider edge cases.  Include objectives, prerequisites, activities, assessment criteria, extension tasks, and gamified exercises.",education,high,9.2,9.5,9.5,8.6,7.1
"Facilitate peer review for lesson objectives using active learning including assessment criteria using adaptive learning. Use real-world examples. Explain to a beginner.  Include objectives, prerequisites, activities, assessment criteria, extension tasks, and gamified exercises.",education,high,9.2,9.9,8.2,8.7,7.4
"Document refactoring legacy code with architecture diagrams using real-world scenarios covering security trade-offs. Highlight potential pitfalls. Suggest best practices.  Include architecture choices, security considerations, testing strategy, deployment steps, and code review notes.",software_engineering,high,9.5,9.8,9.0,8.5,8.4
"Refactor database indexing with architecture diagrams with performance considerations. Include metrics or KPIs. Focus on practical applications.  Include architecture choices, security considerations, testing strategy, deployment steps, and code review notes.",software_engineering,high,9.9,9.7,9.1,9.0,7.8
"Design microlearning modules on instructional design patterns with competency tracking with microlearning exercises. Provide step-by-step guidance. Explain to a beginner.  Include objectives, prerequisites, activities, assessment criteria, extension tasks, and gamified exercises.",education,high,9.6,8.8,9.8,9.8,7.7
"Audit content for social media hooks for social and blog formats covering SEO best practices. Include metrics or KPIs. Highlight potential pitfalls.  Provide audience personas, keyword clusters, distribution plan, success KPIs, and visual references.",content_creation,high,8.2,9.8,9.7,8.1,8.8
"Analyze outcomes of STEM integration aligned to learning outcomes for high school students. Explain to a beginner. Highlight potential pitfalls.  Include objectives, prerequisites, activities, assessment criteria, extension tasks, and gamified exercises.",education,high,8.1,8.6,8.6,8.9,7.8
"Draft video scripts about brand messaging including keyword research with examples and templates with visual references. Use real-world examples. Highlight potential pitfalls.  Provide audience personas, keyword clusters, distribution plan, success KPIs, and visual references.",content_creation,high,9.8,8.3,8.4,9.5,7.7
"Configure CI/CD for bug fixes with diagrams with performance benchmarks. Highlight potential pitfalls. Consider edge cases.  Include architecture choices, security considerations, testing strategy, deployment steps, and code review notes.",software_engineering,high,9.9,8.3,9.3,9.8,8.1
"Develop email campaigns for content repurposing for a product launch with examples and templates. Consider edge cases. Focus on practical applications.  Provide audience personas, keyword clusters, distribution plan, success KPIs, and visual references.",content_creation,high,8.1,8.1,8.7,9.7,8.7
"Develop classroom activities for collaborative projects for a 45-minute session with differentiated activities including assessment criteria. Highlight potential pitfalls. Focus on practical applications.  Include objectives, prerequisites, activities, assessment criteria, extension tasks, and gamified exercises.",education,high,9.9,9.5,8.5,8.6,8.2
"Draft video scripts about email drip campaigns for a B2B SaaS brand including editorial calendar with tone and style guidelines. Include metrics or KPIs. Focus on practical applications.  Provide audience personas, keyword clusters, distribution plan, success KPIs, and visual references.",content_creation,high,8.4,9.7,9.0,9.2,8.5
"Analyze static code analysis with CI/CD pipeline setup covering edge cases for a production environment. Provide step-by-step guidance. Use real-world examples.  Include architecture choices, security considerations, testing strategy, deployment steps, and code review notes.",software_engineering,high,8.7,8.5,9.0,8.7,7.6
"Optimize performance of CI/CD pipelines covering edge cases with diagrams. Focus on practical applications. Highlight potential pitfalls.  Include architecture choices, security considerations, testing strategy, deployment steps, and code review notes.",software_engineering,high,8.0,8.3,8.9,8.3,7.4
"Write educational guides for learning analytics with learning analytics suggestions covering collaborative projects. Highlight potential pitfalls. Provide step-by-step guidance.  Include objectives, prerequisites, activities, assessment criteria, extension tasks, and gamified exercises.",education,high,9.9,8.5,9.5,9.7,8.8
"Write unit tests for load testing with CI/CD pipeline setup including deployment steps with debugging tips. Highlight potential pitfalls. Suggest best practices.  Include architecture choices, security considerations, testing strategy, deployment steps, and code review notes.",software_engineering,high,9.1,8.3,8.1,9.0,7.6
"Analyze outcomes of learning outcomes covering collaborative projects with extension tasks including gamified exercises. Include metrics or KPIs. Use real-world examples.  Include objectives, prerequisites, activities, assessment criteria, extension tasks, and gamified exercises.",education,high,8.9,8.9,8.6,8.2,7.4
"Design a content brief for YouTube scripts with audience personas with examples and templates with visual references. Consider edge cases. Use real-world examples.  Provide audience personas, keyword clusters, distribution plan, success KPIs, and visual references.",content_creation,high,8.6,8.7,8.7,8.8,8.2
"Design visual assets for tone and style guides with tone and style guidelines with distribution channels. Suggest best practices. Highlight potential pitfalls.  Provide audience personas, keyword clusters, distribution plan, success KPIs, and visual references.",content_creation,high,8.7,8.1,9.4,9.9,8.0
"Write social captions about social media audit with A/B testing suggestions covering SEO best practices with measurable KPIs. Use real-world examples. Suggest best practices.  Provide audience personas, keyword clusters, distribution plan, success KPIs, and visual references.",content_creation,high,8.2,8.6,8.7,9.8,7.2
"Explain fundamentals of curriculum mapping with microlearning exercises for high school students with peer evaluation. Consider edge cases. Provide step-by-step guidance.  Include objectives, prerequisites, activities, assessment criteria, extension tasks, and gamified exercises.",education,high,9.8,9.7,9.5,8.7,7.9
"Develop classroom activities for edtech tools with remediation ideas including real-world examples including gamified exercises. Suggest best practices. Focus on practical applications.  Include objectives, prerequisites, activities, assessment criteria, extension tasks, and gamified exercises.",education,high,8.7,9.3,9.2,9.8,8.0
"Create a lesson plan on microlearning using active learning including real-world examples including formative checks. Consider edge cases. Use real-world examples.  Include objectives, prerequisites, activities, assessment criteria, extension tasks, and gamified exercises.",education,high,9.4,8.1,9.3,8.3,8.4
"Facilitate peer review for edtech tools with classroom examples including real-world examples using active learning. Provide step-by-step guidance. Explain to a beginner.  Include objectives, prerequisites, activities, assessment criteria, extension tasks, and gamified exercises.",education,high,8.2,9.5,9.0,8.1,8.9
"Create a lesson plan on STEM integration with extension tasks for high school students with remediation ideas. Highlight potential pitfalls. Include metrics or KPIs.  Include objectives, prerequisites, activities, assessment criteria, extension tasks, and gamified exercises.",education,high,9.2,8.4,9.4,9.0,8.0
"Write unit tests for microservices covering edge cases with detailed bug analysis covering security trade-offs. Suggest best practices. Explain to a beginner.  Include architecture choices, security considerations, testing strategy, deployment steps, and code review notes.",software_engineering,high,8.5,9.5,9.4,9.9,7.2
"Draft a content strategy for newsletter strategy with engagement metrics with tone and style guidelines. Use real-world examples. Include metrics or KPIs.  Provide audience personas, keyword clusters, distribution plan, success KPIs, and visual references.",content_creation,high,8.3,8.5,9.3,9.9,8.8
"Create a tutorial on event-driven systems including refactoring steps with code examples. Focus on practical applications. Include metrics or KPIs.  Include architecture choices, security considerations, testing strategy, deployment steps, and code review notes.",software_engineering,high,8.4,9.1,9.6,8.6,8.7
"Create assessment quizzes for instructional scaffolding with learning analytics suggestions including gamified exercises. Use real-world examples. Include examples.  Include objectives, prerequisites, activities, assessment criteria, extension tasks, and gamified exercises.",education,high,9.6,9.9,9.3,8.8,8.8
"Create scaffolding materials for project rubrics with extension tasks using active learning including gamified exercises. Focus on practical applications. Explain to a beginner.  Include objectives, prerequisites, activities, assessment criteria, extension tasks, and gamified exercises.",education,high,9.3,8.8,8.6,9.7,8.0
"Create infographics on brand voice guidelines for a B2B SaaS brand including keyword research. Provide step-by-step guidance. Use real-world examples.  Provide audience personas, keyword clusters, distribution plan, success KPIs, and visual references.",content_creation,high,8.4,8.4,8.2,8.8,7.3
"Assess security for static code analysis with security audit checklist with architecture diagrams with testing strategies. Include metrics or KPIs. Suggest best practices.  Include architecture choices, security considerations, testing strategy, deployment steps, and code review notes.",software_engineering,high,8.4,8.6,9.6,8.0,8.5
"Plan a webinar on blog topic clusters with distribution channels with measurable KPIs. Include metrics or KPIs. Explain to a beginner.  Provide audience personas, keyword clusters, distribution plan, success KPIs, and visual references.",content_creation,high,9.1,9.5,8.4,9.9,8.0
"Create interactive quizzes for A/B testing headlines with distribution channels for social and blog formats including editorial calendar. Include examples. Provide step-by-step guidance.  Provide audience personas, keyword clusters, distribution plan, success KPIs, and visual references.",content_creation,high,9.0,8.9,9.6,9.3,8.6
"Automate deployment for bug fixes with testing strategies step by step. Suggest best practices. Highlight potential pitfalls.  Include architecture choices, security considerations, testing strategy, deployment steps, and code review notes.",software_engineering,high,8.9,8.9,8.7,9.4,7.5
"Conduct load testing for serverless architecture step by step including pros and cons with performance benchmarks. Provide step-by-step guidance. Highlight potential pitfalls.  Include architecture choices, security considerations, testing strategy, deployment steps, and code review notes.",software_engineering,high,9.8,9.1,8.1,9.6,8.4
"Write a blog post about viral hooks with measurable KPIs with audience personas with visual references. Explain to a beginner. Use real-world examples.  Provide audience personas, keyword clusters, distribution plan, success KPIs, and visual references.",content_creation,high,8.2,9.4,9.5,8.7,8.3
"Create interactive quizzes for influencer collaborations with audience personas covering SEO best practices with measurable KPIs. Include metrics or KPIs. Explain to a beginner.  Provide audience personas, keyword clusters, distribution plan, success KPIs, and visual references.",content_creation,high,8.7,8.3,8.0,9.3,7.0
"Write case studies on brand voice guidelines with visual references with distribution channels with storytelling frameworks. Consider edge cases. Include examples.  Provide audience personas, keyword clusters, distribution plan, success KPIs, and visual references.",content_creation,high,9.3,8.9,8.6,9.3,7.4
"Compare GraphQL schemas with security audit checklist with debugging tips covering edge cases. Highlight potential pitfalls. Include examples.  Include architecture choices, security considerations, testing strategy, deployment steps, and code review notes.",software_engineering,high,9.0,8.7,8.1,8.0,7.6
"Develop classroom activities for assessment rubrics including formative checks with learning analytics suggestions. Include metrics or KPIs. Consider edge cases.  Include objectives, prerequisites, activities, assessment criteria, extension tasks, and gamified exercises.",education,high,8.1,9.6,8.4,9.0,8.6
"Plan a flipped classroom session on project rubrics including real-world examples for a 45-minute session. Explain to a beginner. Focus on practical applications.  Include objectives, prerequisites, activities, assessment criteria, extension tasks, and gamified exercises.",education,high,9.2,9.1,8.9,9.8,8.0
"Write educational guides for flipped classroom models with learning analytics suggestions for high school students. Include metrics or KPIs. Consider edge cases.  Include objectives, prerequisites, activities, assessment criteria, extension tasks, and gamified exercises.",education,high,8.2,8.1,8.9,8.9,7.8
"Refactor OpenID Connect covering security trade-offs with diagrams with code review notes. Include metrics or KPIs. Include examples.  Include architecture choices, security considerations, testing strategy, deployment steps, and code review notes.",software_engineering,high,9.6,8.0,9.2,8.7,8.7
"Explain fundamentals of collaborative projects with peer evaluation including assessment criteria with learning analytics suggestions. Suggest best practices. Provide step-by-step guidance.  Include objectives, prerequisites, activities, assessment criteria, extension tasks, and gamified exercises.",education,high,8.8,8.4,9.0,8.6,8.3
"Develop classroom activities for project rubrics with scaffolding guides with learning analytics suggestions. Highlight potential pitfalls. Consider edge cases.  Include objectives, prerequisites, activities, assessment criteria, extension tasks, and gamified exercises.",education,high,9.9,9.6,9.4,8.4,8.4
"Plan a flipped classroom session on educational psychology aligned to learning outcomes covering collaborative projects using active learning. Consider edge cases. Include metrics or KPIs.  Include objectives, prerequisites, activities, assessment criteria, extension tasks, and gamified exercises.",education,high,9.0,9.8,9.2,9.0,8.5
"Conduct load testing for performance profiling covering edge cases with diagrams. Explain to a beginner. Highlight potential pitfalls.  Include architecture choices, security considerations, testing strategy, deployment steps, and code review notes.",software_engineering,high,9.1,8.8,9.4,9.8,7.4
"Facilitate peer review for active learning strategies with competency tracking aligned to learning outcomes. Use real-world examples. Focus on practical applications.  Include objectives, prerequisites, activities, assessment criteria, extension tasks, and gamified exercises.",education,high,8.5,8.9,8.6,9.4,7.9
"Write unit tests for bug fixes covering edge cases with testing strategies. Explain to a beginner. Suggest best practices.  Include architecture choices, security considerations, testing strategy, deployment steps, and code review notes.",software_engineering,high,9.0,8.3,9.4,8.4,7.7
"Develop gamified exercises on inclusive pedagogy including real-world examples including gamified exercises using active learning. Suggest best practices. Explain to a beginner.  Include objectives, prerequisites, activities, assessment criteria, extension tasks, and gamified exercises.",education,high,9.9,8.0,10.0,8.4,8.4
"Plan a flipped classroom session on classroom management using active learning including gamified exercises. Consider edge cases. Include metrics or KPIs.  Include objectives, prerequisites, activities, assessment criteria, extension tasks, and gamified exercises.",education,high,8.3,8.8,8.3,8.8,8.4
"Write a blog post about tone and style guides covering multichannel strategy including editorial calendar. Consider edge cases. Include metrics or KPIs.  Provide audience personas, keyword clusters, distribution plan, success KPIs, and visual references.",content_creation,high,8.6,8.2,8.4,9.1,8.7
"Develop collaborative projects for Bloom’s taxonomy including formative checks with competency tracking with scaffolding guides. Highlight potential pitfalls. Focus on practical applications.  Include objectives, prerequisites, activities, assessment criteria, extension tasks, and gamified exercises.",education,high,9.3,9.5,8.8,8.8,7.5
"Write educational guides for Bloom’s taxonomy with learning analytics suggestions aligned to learning outcomes. Focus on practical applications. Highlight potential pitfalls.  Include objectives, prerequisites, activities, assessment criteria, extension tasks, and gamified exercises.",education,high,9.1,9.4,9.6,8.2,7.4
"Write case studies on interactive content with measurable KPIs with tone and style guidelines including conversion optimization tips. Provide step-by-step guidance. Explain to a beginner.  Provide audience personas, keyword clusters, distribution plan, success KPIs, and visual references.",content_creation,high,9.2,8.5,9.4,8.4,8.9
"Design adaptive learning modules for differentiated instruction for a 45-minute session with competency tracking for blended learning. Explain to a beginner. Include examples.  Include objectives, prerequisites, activities, assessment criteria, extension tasks, and gamified exercises.",education,high,8.0,9.2,8.8,9.9,8.3
"Develop collaborative projects for edtech tools including real-world examples aligned to learning outcomes with microlearning exercises. Include examples. Include metrics or KPIs.  Include objectives, prerequisites, activities, assessment criteria, extension tasks, and gamified exercises.",education,high,8.3,9.8,8.0,9.3,8.7
"Design monolith migration with detailed bug analysis step by step with code examples. Use real-world examples. Provide step-by-step guidance.  Include architecture choices, security considerations, testing strategy, deployment steps, and code review notes.",software_engineering,high,9.1,8.1,8.2,8.8,8.1
"Plan a flipped classroom session on lesson objectives including gamified exercises including assessment criteria with scaffolding guides. Suggest best practices. Provide step-by-step guidance.  Include objectives, prerequisites, activities, assessment criteria, extension tasks, and gamified exercises.",education,high,8.4,8.6,9.1,8.5,8.6
"Develop collaborative projects for assessment rubrics covering collaborative projects aligned to learning outcomes. Focus on practical applications. Highlight potential pitfalls.  Include objectives, prerequisites, activities, assessment criteria, extension tasks, and gamified exercises.",education,high,8.7,10.0,9.1,9.0,7.8
"Compare pedagogical methods for critical thinking exercises using adaptive learning using active learning with peer evaluation. Focus on practical applications. Provide step-by-step guidance.  Include objectives, prerequisites, activities, assessment criteria, extension tasks, and gamified exercises.",education,high,8.8,9.9,9.7,10.0,7.9
"Summarize best practices for memory leaks with architecture diagrams with diagrams with performance benchmarks. Consider edge cases. Include examples.  Include architecture choices, security considerations, testing strategy, deployment steps, and code review notes.",software_engineering,high,9.2,8.6,8.8,9.7,7.4
"Refactor bug fixes with testing strategies including refactoring steps with code review notes. Suggest best practices. Focus on practical applications.  Include architecture choices, security considerations, testing strategy, deployment steps, and code review notes.",software_engineering,high,10.0,8.3,9.8,8.1,8.9
"Plan a webinar on customer journey mapping with audience personas with interactive elements with storytelling frameworks. Include metrics or KPIs. Explain to a beginner.  Provide audience personas, keyword clusters, distribution plan, success KPIs, and visual references.",content_creation,high,9.8,9.4,8.7,8.3,7.2
"Document feature toggles with performance considerations with code examples. Suggest best practices. Provide step-by-step guidance.  Include architecture choices, security considerations, testing strategy, deployment steps, and code review notes.",software_engineering,high,8.3,8.3,8.3,8.9,7.8
"Debug database indexing with performance considerations for a production environment with security audit checklist. Provide step-by-step guidance. Use real-world examples.  Include architecture choices, security considerations, testing strategy, deployment steps, and code review notes.",software_engineering,high,8.2,8.7,8.3,8.5,8.2
"Design a content brief for content gap analysis for email marketing with engagement metrics. Suggest best practices. Include examples.  Provide audience personas, keyword clusters, distribution plan, success KPIs, and visual references.",content_creation,high,9.2,9.8,8.4,8.8,7.6
"Design visual assets for email drip campaigns including conversion optimization tips with engagement metrics with A/B testing suggestions. Suggest best practices. Include examples.  Provide audience personas, keyword clusters, distribution plan, success KPIs, and visual references.",content_creation,high,8.2,8.3,9.8,9.5,8.3
"Optimize copy for SEO brand voice guidelines including keyword research with A/B testing suggestions. Include examples. Use real-world examples.  Provide audience personas, keyword clusters, distribution plan, success KPIs, and visual references.",content_creation,high,9.7,8.6,9.4,9.0,7.2
"Map a curriculum for project rubrics with differentiated activities using adaptive learning for high school students. Use real-world examples. Consider edge cases.  Include objectives, prerequisites, activities, assessment criteria, extension tasks, and gamified exercises.",education,high,8.4,8.7,8.8,9.3,8.3
"Design API versioning with code examples with code review notes with performance considerations. Include examples. Explain to a beginner.  Include architecture choices, security considerations, testing strategy, deployment steps, and code review notes.",software_engineering,high,8.1,9.8,9.9,9.3,8.6
"Implement Django ORM with performance considerations including refactoring steps. Include examples. Focus on practical applications.  Include architecture choices, security considerations, testing strategy, deployment steps, and code review notes.",software_engineering,high,9.7,9.7,8.6,9.3,8.1
"Draft a unit outline on flipped classroom models with scaffolding guides with peer evaluation. Consider edge cases. Suggest best practices.  Include objectives, prerequisites, activities, assessment criteria, extension tasks, and gamified exercises.",education,high,8.4,8.4,8.3,8.7,7.5
"Create interactive quizzes for keyword clustering covering SEO best practices with interactive elements. Explain to a beginner. Consider edge cases.  Provide audience personas, keyword clusters, distribution plan, success KPIs, and visual references.",content_creation,high,9.5,9.6,9.5,8.7,8.7
"Refactor React state management with CI/CD pipeline setup with code examples with detailed bug analysis. Include metrics or KPIs. Consider edge cases.  Include architecture choices, security considerations, testing strategy, deployment steps, and code review notes.",software_engineering,high,8.3,9.0,8.4,9.4,8.1
"Conduct load testing for incident response for a production environment including deployment steps including alternative implementations. Highlight potential pitfalls. Focus on practical applications.  Include architecture choices, security considerations, testing strategy, deployment steps, and code review notes.",software_engineering,high,9.6,8.4,8.5,8.2,7.2
"Create a lesson plan on learning analytics with extension tasks including real-world examples including assessment criteria. Include metrics or KPIs. Highlight potential pitfalls.  Include objectives, prerequisites, activities, assessment criteria, extension tasks, and gamified exercises.",education,high,8.4,8.0,8.9,8.0,8.0
"Explain fundamentals of classroom management with peer evaluation for blended learning. Explain to a beginner. Highlight potential pitfalls.  Include objectives, prerequisites, activities, assessment criteria, extension tasks, and gamified exercises.",education,high,9.1,9.2,8.2,9.6,7.9
"Summarize research on edtech tools for high school students including formative checks. Focus on practical applications. Use real-world examples.  Include objectives, prerequisites, activities, assessment criteria, extension tasks, and gamified exercises.",education,high,9.4,8.6,9.7,8.5,8.5
"Analyze trends in YouTube scripts covering SEO best practices with distribution channels. Provide step-by-step guidance. Highlight potential pitfalls.  Provide audience personas, keyword clusters, distribution plan, success KPIs, and visual references.",content_creation,high,8.6,9.1,8.3,9.4,8.1
"Write social captions about podcast scripts with visual references for a B2B SaaS brand with examples and templates. Highlight potential pitfalls. Consider edge cases.  Provide audience personas, keyword clusters, distribution plan, success KPIs, and visual references.",content_creation,high,8.8,9.3,8.3,8.8,8.5
"Create scaffolding materials for inclusive pedagogy including gamified exercises with differentiated activities. Include metrics or KPIs. Suggest best practices.  Include objectives, prerequisites, activities, assessment criteria, extension tasks, and gamified exercises.",education,high,9.8,9.1,8.3,8.7,7.5
"Investigate memory leaks in monitoring dashboards covering security trade-offs with diagrams. Include metrics or KPIs. Consider edge cases.  Include architecture choices, security considerations, testing strategy, deployment steps, and code review notes.",software_engineering,high,9.2,8.7,9.1,9.3,8.8
"Plan a migration for incident response covering edge cases including refactoring steps. Provide step-by-step guidance. Include metrics or KPIs.  Include architecture choices, security considerations, testing strategy, deployment steps, and code review notes.",software_engineering,high,8.1,8.2,8.1,8.6,7.4
"Explain fundamentals of gamified learning using adaptive learning with microlearning exercises for blended learning. Explain to a beginner. Focus on practical applications.  Include objectives, prerequisites, activities, assessment criteria, extension tasks, and gamified exercises.",education,high,9.6,9.7,8.0,10.0,7.0
"Write unit tests for monolith migration with architecture diagrams including pros and cons with testing strategies. Provide step-by-step guidance. Consider edge cases.  Include architecture choices, security considerations, testing strategy, deployment steps, and code review notes.",software_engineering,high,9.6,9.7,9.8,9.8,7.9
"Design a rubric for educational psychology with classroom examples using adaptive learning. Suggest best practices. Explain to a beginner.  Include objectives, prerequisites, activities, assessment criteria, extension tasks, and gamified exercises.",education,high,8.8,9.6,9.2,9.7,8.0
"Automate deployment for caching strategies with code examples with diagrams with debugging tips. Use real-world examples. Consider edge cases.  Include architecture choices, security considerations, testing strategy, deployment steps, and code review notes.",software_engineering,high,9.1,8.2,9.3,8.1,7.1
"Create scaffolding materials for learning analytics with microlearning exercises with scaffolding guides with peer evaluation. Provide step-by-step guidance. Explain to a beginner.  Include objectives, prerequisites, activities, assessment criteria, extension tasks, and gamified exercises.",education,high,9.3,9.2,9.0,10.0,9.0
"Facilitate peer review for edtech tools for a 45-minute session including real-world examples. Provide step-by-step guidance. Include metrics or KPIs.  Include objectives, prerequisites, activities, assessment criteria, extension tasks, and gamified exercises.",education,high,8.9,9.6,8.0,8.0,8.0
"Refactor refactoring legacy code using real-world scenarios with detailed bug analysis. Focus on practical applications. Include metrics or KPIs.  Include architecture choices, security considerations, testing strategy, deployment steps, and code review notes.",software_engineering,high,9.3,8.3,8.6,8.6,7.2
"Write unit tests for REST APIs with code examples for a production environment. Use real-world examples. Consider edge cases.  Include architecture choices, security considerations, testing strategy, deployment steps, and code review notes.",software_engineering,high,8.6,9.1,9.6,9.9,8.6
"Assess security for database indexing with debugging tips with security audit checklist. Include metrics or KPIs. Highlight potential pitfalls.  Include architecture choices, security considerations, testing strategy, deployment steps, and code review notes.",software_engineering,high,9.0,9.5,9.7,8.5,8.8
"Summarize techniques for content repurposing with engagement metrics including editorial calendar with distribution channels. Suggest best practices. Include metrics or KPIs.  Provide audience personas, keyword clusters, distribution plan, success KPIs, and visual references.",content_creation,high,9.3,9.7,8.2,9.6,7.4
"Analyze trends in newsletter strategy including editorial calendar with engagement metrics with distribution channels. Provide step-by-step guidance. Explain to a beginner.  Provide audience personas, keyword clusters, distribution plan, success KPIs, and visual references.",content_creation,high,9.7,9.7,8.2,9.3,8.0
"Create an editorial plan for podcast scripts for social and blog formats with tone and style guidelines. Focus on practical applications. Include examples.  Provide audience personas, keyword clusters, distribution plan, success KPIs, and visual references.",content_creation,high,10.0,8.5,9.5,9.1,8.5
"Develop email campaigns for SEO content pillars covering SEO best practices with examples and templates for email marketing. Suggest best practices. Provide step-by-step guidance.  Provide audience personas, keyword clusters, distribution plan, success KPIs, and visual references.",content_creation,high,9.9,9.0,9.4,9.2,7.1
"Fix bugs in OAuth 2.0 including deployment steps including pros and cons with performance benchmarks. Explain to a beginner. Include metrics or KPIs.  Include architecture choices, security considerations, testing strategy, deployment steps, and code review notes.",software_engineering,high,9.4,9.5,8.3,9.2,7.4
"Create a lesson plan on learning path design with remediation ideas with learning analytics suggestions. Include metrics or KPIs. Consider edge cases.  Include objectives, prerequisites, activities, assessment criteria, extension tasks, and gamified exercises.",education,high,8.1,8.6,8.1,9.6,8.2
"Draft video scripts about podcast scripts with engagement metrics with tone and style guidelines with distribution channels. Focus on practical applications. Explain to a beginner.  Provide audience personas, keyword clusters, distribution plan, success KPIs, and visual references.",content_creation,high,8.5,8.0,9.6,8.8,8.4
"Produce a podcast episode on tone and style guides with examples and templates with interactive elements with audience personas. Explain to a beginner. Highlight potential pitfalls.  Provide audience personas, keyword clusters, distribution plan, success KPIs, and visual references.",content_creation,high,9.0,9.3,8.7,8.2,8.0
"Implement React state management with performance benchmarks including refactoring steps. Include metrics or KPIs. Highlight potential pitfalls.  Include architecture choices, security considerations, testing strategy, deployment steps, and code review notes.",software_engineering,high,9.8,8.4,8.6,9.3,8.0
"Develop email campaigns for influencer collaborations including influencer mentions with visual references for social and blog formats. Explain to a beginner. Suggest best practices.  Provide audience personas, keyword clusters, distribution plan, success KPIs, and visual references.",content_creation,high,8.0,8.9,9.1,8.4,7.0
"Explain fundamentals of active learning strategies aligned to learning outcomes for high school students with peer evaluation. Include examples. Provide step-by-step guidance.  Include objectives, prerequisites, activities, assessment criteria, extension tasks, and gamified exercises.",education,high,9.0,10.0,8.7,9.2,7.4
"Debug Django ORM step by step with code examples covering edge cases. Consider edge cases. Focus on practical applications.  Include architecture choices, security considerations, testing strategy, deployment steps, and code review notes.",software_engineering,high,9.4,9.7,8.9,8.3,8.1
"Document continuous testing with code examples using real-world scenarios. Focus on practical applications. Include examples.  Include architecture choices, security considerations, testing strategy, deployment steps, and code review notes.",software_engineering,high,8.8,9.6,9.0,9.1,8.6
"Create a lesson plan on peer assessment including assessment criteria with peer evaluation. Include examples. Include metrics or KPIs.  Include objectives, prerequisites, activities, assessment criteria, extension tasks, and gamified exercises.",education,high,9.9,9.5,8.9,9.5,7.3
"Outline a guide on case study frameworks for social and blog formats with interactive elements. Consider edge cases. Include metrics or KPIs.  Provide audience personas, keyword clusters, distribution plan, success KPIs, and visual references.",content_creation,high,8.4,8.5,8.6,8.4,7.3
"Assess student performance in student engagement metrics with peer evaluation with differentiated activities. Use real-world examples. Focus on practical applications.  Include objectives, prerequisites, activities, assessment criteria, extension tasks, and gamified exercises.",education,high,8.2,9.7,8.6,8.2,7.2
"Conduct load testing for clean architecture covering edge cases including pros and cons. Consider edge cases. Include metrics or KPIs.  Include architecture choices, security considerations, testing strategy, deployment steps, and code review notes.",software_engineering,high,8.5,9.5,8.1,9.6,8.3
"Write teacher notes about learning path design for a 45-minute session with microlearning exercises with classroom examples. Use real-world examples. Include metrics or KPIs.  Include objectives, prerequisites, activities, assessment criteria, extension tasks, and gamified exercises.",education,high,9.4,9.0,9.0,8.7,8.6
"Draft a unit outline on project-based learning including real-world examples with classroom examples. Consider edge cases. Use real-world examples.  Include objectives, prerequisites, activities, assessment criteria, extension tasks, and gamified exercises.",education,high,8.5,8.2,8.7,8.4,8.2
"Optimize copy for SEO email drip campaigns with distribution channels including influencer mentions for a product launch. Consider edge cases. Suggest best practices.  Provide audience personas, keyword clusters, distribution plan, success KPIs, and visual references.",content_creation,high,9.4,9.7,9.9,8.8,7.5
"Facilitate peer review for competency frameworks aligned to learning outcomes including real-world examples. Include metrics or KPIs. Explain to a beginner.  Include objectives, prerequisites, activities, assessment criteria, extension tasks, and gamified exercises.",education,high,8.3,9.1,8.7,8.3,8.1
"Write social captions about product launch copies for email marketing for social and blog formats including influencer mentions. Suggest best practices. Highlight potential pitfalls.  Provide audience personas, keyword clusters, distribution plan, success KPIs, and visual references.",content_creation,high,9.6,9.0,8.8,9.0,7.5
"Create a tutorial on TypeScript types with CI/CD pipeline setup with architecture diagrams. Include examples. Explain to a beginner.  Include architecture choices, security considerations, testing strategy, deployment steps, and code review notes.",software_engineering,high,9.9,8.9,8.8,9.6,7.2
"Review code for clean architecture with security audit checklist with code examples with performance considerations. Use real-world examples. Explain to a beginner.  Include architecture choices, security considerations, testing strategy, deployment steps, and code review notes.",software_engineering,high,8.7,9.2,8.3,9.1,8.7
"Write case studies on infographic design for a B2B SaaS brand with interactive elements with visual references. Provide step-by-step guidance. Consider edge cases.  Provide audience personas, keyword clusters, distribution plan, success KPIs, and visual references.",content_creation,high,9.4,9.1,8.0,8.6,7.4
"Outline a guide on email drip campaigns with examples and templates with engagement metrics. Focus on practical applications. Include metrics or KPIs.  Provide audience personas, keyword clusters, distribution plan, success KPIs, and visual references.",content_creation,high,9.0,8.3,9.5,9.1,8.6
"Outline a guide on blog topic clusters for a B2B SaaS brand with visual references. Include metrics or KPIs. Include examples.  Provide audience personas, keyword clusters, distribution plan, success KPIs, and visual references.",content_creation,high,9.3,8.8,8.4,8.0,8.7
"Create interactive quizzes for landing page copy with engagement metrics including keyword research including editorial calendar. Include metrics or KPIs. Consider edge cases.  Provide audience personas, keyword clusters, distribution plan, success KPIs, and visual references.",content_creation,high,8.5,8.6,9.0,8.1,7.1
"Design performance profiling with code examples with diagrams. Focus on practical applications. Explain to a beginner.  Include architecture choices, security considerations, testing strategy, deployment steps, and code review notes.",software_engineering,high,8.4,8.6,9.7,9.7,8.7
"Generate a list of storytelling techniques with examples and templates with measurable KPIs for a product launch. Focus on practical applications. Include metrics or KPIs.  Provide audience personas, keyword clusters, distribution plan, success KPIs, and visual references.",content_creation,high,9.1,8.3,9.3,8.4,8.3
"Analyze trends in conversion copywriting with audience personas including keyword research. Highlight potential pitfalls. Include metrics or KPIs.  Provide audience personas, keyword clusters, distribution plan, success KPIs, and visual references.",content_creation,high,9.7,8.9,9.1,9.1,8.8
"Plan a flipped classroom session on STEM integration using adaptive learning for a 45-minute session. Focus on practical applications. Use real-world examples.  Include objectives, prerequisites, activities, assessment criteria, extension tasks, and gamified exercises.",education,high,8.7,9.2,9.6,8.3,8.2
"Audit content for conversion copywriting with distribution channels for a product launch. Use real-world examples. Include metrics or KPIs.  Provide audience personas, keyword clusters, distribution plan, success KPIs, and visual references.",content_creation,high,8.5,9.6,8.8,8.8,7.9
"Summarize best practices for unit testing with performance considerations covering security trade-offs. Focus on practical applications. Consider edge cases.  Include architecture choices, security considerations, testing strategy, deployment steps, and code review notes.",software_engineering,high,9.8,8.3,8.6,8.0,7.4
"Assess security for Django ORM with debugging tips for a production environment including refactoring steps. Include metrics or KPIs. Explain to a beginner.  Include architecture choices, security considerations, testing strategy, deployment steps, and code review notes.",software_engineering,high,9.1,8.8,9.6,8.8,8.6
"Design visual assets for case study frameworks with storytelling frameworks for a product launch. Highlight potential pitfalls. Consider edge cases.  Provide audience personas, keyword clusters, distribution plan, success KPIs, and visual references.",content_creation,high,9.6,8.3,9.0,8.3,7.3
"Create interactive quizzes for content gap analysis with distribution channels with storytelling frameworks covering SEO best practices. Include examples. Highlight potential pitfalls.  Provide audience personas, keyword clusters, distribution plan, success KPIs, and visual references.",content_creation,high,9.6,9.4,8.9,8.5,7.3
"Draft a content strategy for visual storytelling with A/B testing suggestions with measurable KPIs. Include examples. Explain to a beginner.  Provide audience personas, keyword clusters, distribution plan, success KPIs, and visual references.",content_creation,high,9.3,8.6,9.6,8.7,7.7
"Write teacher notes about digital literacy for blended learning including gamified exercises. Explain to a beginner. Suggest best practices.  Include objectives, prerequisites, activities, assessment criteria, extension tasks, and gamified exercises.",education,high,9.2,9.9,8.4,9.7,8.3
"Generate a list of long-form articles including editorial calendar for a product launch. Focus on practical applications. Highlight potential pitfalls.  Provide audience personas, keyword clusters, distribution plan, success KPIs, and visual references.",content_creation,high,9.5,9.7,8.0,8.7,8.8
"Summarize best practices for CI/CD pipelines covering security trade-offs with code review notes including deployment steps. Highlight potential pitfalls. Focus on practical applications.  Include architecture choices, security considerations, testing strategy, deployment steps, and code review notes.",software_engineering,high,9.4,8.6,9.6,9.4,8.0
"Assess security for dependency injection including alternative implementations with architecture diagrams with performance considerations. Focus on practical applications. Provide step-by-step guidance.  Include architecture choices, security considerations, testing strategy, deployment steps, and code review notes.",software_engineering,high,9.0,9.6,8.4,9.2,8.8
"Create assessment quizzes for student engagement metrics for a 45-minute session covering collaborative projects using adaptive learning. Include metrics or KPIs. Focus on practical applications.  Include objectives, prerequisites, activities, assessment criteria, extension tasks, and gamified exercises.",education,high,9.0,8.1,8.2,9.1,7.2
"Assess security for clean architecture including refactoring steps step by step with CI/CD pipeline setup. Highlight potential pitfalls. Focus on practical applications.  Include architecture choices, security considerations, testing strategy, deployment steps, and code review notes.",software_engineering,high,9.6,9.7,8.8,8.6,7.3
"Implement CI/CD pipelines including deployment steps including refactoring steps. Consider edge cases. Provide step-by-step guidance.  Include architecture choices, security considerations, testing strategy, deployment steps, and code review notes.",software_engineering,high,8.1,8.6,9.0,9.0,8.8
"Explain Python FastAPI step by step including alternative implementations. Include metrics or KPIs. Suggest best practices.  Include architecture choices, security considerations, testing strategy, deployment steps, and code review notes.",software_engineering,high,8.2,9.0,9.6,9.2,8.0
"Create a tutorial on database indexing with performance considerations with diagrams. Include examples. Suggest best practices.  Include architecture choices, security considerations, testing strategy, deployment steps, and code review notes.",software_engineering,high,8.7,8.0,8.1,9.1,7.8
"Develop gamified exercises on competency frameworks including formative checks with microlearning exercises. Consider edge cases. Use real-world examples.  Include objectives, prerequisites, activities, assessment criteria, extension tasks, and gamified exercises.",education,high,9.5,9.9,9.3,8.3,7.7
"Develop collaborative projects for learning path design using active learning including assessment criteria including formative checks. Focus on practical applications. Include metrics or KPIs.  Include objectives, prerequisites, activities, assessment criteria, extension tasks, and gamified exercises.",education,high,10.0,9.0,9.6,8.9,7.2
"Review code for bug fixes with security audit checklist with performance considerations. Use real-world examples. Suggest best practices.  Include architecture choices, security considerations, testing strategy, deployment steps, and code review notes.",software_engineering,high,9.8,8.1,9.7,8.7,7.4
"Optimize performance of Django ORM with diagrams step by step. Use real-world examples. Explain to a beginner.  Include architecture choices, security considerations, testing strategy, deployment steps, and code review notes.",software_engineering,high,9.6,9.2,9.2,8.4,8.3
"Design a content brief for social media audit covering multichannel strategy including influencer mentions including conversion optimization tips. Focus on practical applications. Use real-world examples.  Provide audience personas, keyword clusters, distribution plan, success KPIs, and visual references.",content_creation,high,9.6,9.2,9.5,8.3,8.0
"Draft video scripts about social media audit for a B2B SaaS brand with visual references including influencer mentions. Use real-world examples. Suggest best practices.  Provide audience personas, keyword clusters, distribution plan, success KPIs, and visual references.",content_creation,high,8.3,9.1,8.4,8.0,8.8
"Design a rubric for learning analytics for a 45-minute session with extension tasks. Highlight potential pitfalls. Include examples.  Include objectives, prerequisites, activities, assessment criteria, extension tasks, and gamified exercises.",education,high,8.4,8.2,8.2,8.5,8.0
"Analyze outcomes of adaptive learning with competency tracking with extension tasks. Include metrics or KPIs. Suggest best practices.  Include objectives, prerequisites, activities, assessment criteria, extension tasks, and gamified exercises.",education,high,8.4,9.0,9.5,9.9,7.9
"Plan a flipped classroom session on educational psychology for a 45-minute session using active learning for high school students. Include metrics or KPIs. Use real-world examples.  Include objectives, prerequisites, activities, assessment criteria, extension tasks, and gamified exercises.",education,high,9.9,8.6,9.9,9.4,7.4
"Plan a flipped classroom session on blended learning using active learning for a 45-minute session using adaptive learning. Use real-world examples. Suggest best practices.  Include objectives, prerequisites, activities, assessment criteria, extension tasks, and gamified exercises.",education,high,9.4,8.8,8.0,8.7,8.4
"Create interactive quizzes for brand messaging with A/B testing suggestions for email marketing. Focus on practical applications. Highlight potential pitfalls.  Provide audience personas, keyword clusters, distribution plan, success KPIs, and visual references.",content_creation,high,9.5,9.1,8.3,9.4,7.4
"Draft a unit outline on educational psychology for blended learning including gamified exercises with competency tracking. Highlight potential pitfalls. Provide step-by-step guidance.  Include objectives, prerequisites, activities, assessment criteria, extension tasks, and gamified exercises.",education,high,8.1,9.0,8.6,9.9,7.5
"Refactor REST APIs including refactoring steps with performance considerations. Provide step-by-step guidance. Include examples.  Include architecture choices, security considerations, testing strategy, deployment steps, and code review notes.",software_engineering,high,9.5,8.5,9.9,8.6,8.6
"Analyze OpenID Connect including alternative implementations for a production environment including deployment steps. Suggest best practices. Explain to a beginner.  Include architecture choices, security considerations, testing strategy, deployment steps, and code review notes.",software_engineering,high,9.6,8.8,9.2,8.5,8.5
"Debug microservices including refactoring steps including pros and cons. Explain to a beginner. Provide step-by-step guidance.  Include architecture choices, security considerations, testing strategy, deployment steps, and code review notes.",software_engineering,high,8.5,9.8,8.8,8.6,8.7
"Write unit tests for end-to-end testing with architecture diagrams covering security trade-offs. Explain to a beginner. Suggest best practices.  Include architecture choices, security considerations, testing strategy, deployment steps, and code review notes.",software_engineering,high,9.5,9.2,9.6,8.6,7.3
"Create scaffolding materials for classroom management for a 45-minute session including assessment criteria for high school students. Provide step-by-step guidance. Focus on practical applications.  Include objectives, prerequisites, activities, assessment criteria, extension tasks, and gamified exercises.",education,high,9.2,9.2,8.9,8.2,7.3
"Design microlearning modules on classroom management for blended learning with scaffolding guides. Highlight potential pitfalls. Explain to a beginner.  Include objectives, prerequisites, activities, assessment criteria, extension tasks, and gamified exercises.",education,high,8.3,9.6,8.4,9.0,7.8
"Design a rubric for project-based learning with competency tracking including assessment criteria. Explain to a beginner. Include metrics or KPIs.  Include objectives, prerequisites, activities, assessment criteria, extension tasks, and gamified exercises.",education,high,8.4,9.1,9.0,8.7,7.6
"Create interactive quizzes for social media audit with interactive elements with A/B testing suggestions. Use real-world examples. Suggest best practices.  Provide audience personas, keyword clusters, distribution plan, success KPIs, and visual references.",content_creation,high,9.7,8.8,8.2,9.5,7.7
"Design a rubric for differentiated instruction for blended learning for high school students. Suggest best practices. Include examples.  Include objectives, prerequisites, activities, assessment criteria, extension tasks, and gamified exercises.",education,high,8.3,8.0,9.9,8.6,9.0
"Write case studies on newsletter strategy with audience personas with examples and templates. Explain to a beginner. Focus on practical applications.  Provide audience personas, keyword clusters, distribution plan, success KPIs, and visual references.",content_creation,high,8.0,8.4,8.3,9.3,9.0
"Compare caching strategies with code examples covering security trade-offs for a production environment. Consider edge cases. Focus on practical applications.  Include architecture choices, security considerations, testing strategy, deployment steps, and code review notes.",software_engineering,high,8.7,8.0,8.9,8.9,8.0
"Analyze trends in social media hooks including conversion optimization tips including editorial calendar with examples and templates. Provide step-by-step guidance. Focus on practical applications.  Provide audience personas, keyword clusters, distribution plan, success KPIs, and visual references.",content_creation,high,9.2,9.0,9.7,8.4,7.0
"Design visual assets for brand voice guidelines with distribution channels with audience personas with engagement metrics. Consider edge cases. Highlight potential pitfalls.  Provide audience personas, keyword clusters, distribution plan, success KPIs, and visual references.",content_creation,high,8.5,8.2,9.9,8.0,8.6
"Design visual assets for social media hooks including influencer mentions with A/B testing suggestions for a B2B SaaS brand. Explain to a beginner. Use real-world examples.  Provide audience personas, keyword clusters, distribution plan, success KPIs, and visual references.",content_creation,high,9.9,9.0,8.1,9.2,8.1
"Plan a webinar on keyword clustering for social and blog formats including editorial calendar. Include examples. Highlight potential pitfalls.  Provide audience personas, keyword clusters, distribution plan, success KPIs, and visual references.",content_creation,high,8.5,8.6,8.9,8.7,7.3
"Create a tutorial on bug fixes with diagrams with performance benchmarks covering edge cases. Explain to a beginner. Suggest best practices.  Include architecture choices, security considerations, testing strategy, deployment steps, and code review notes.",software_engineering,high,8.9,8.5,9.4,8.9,7.9
"Analyze trends in tone and style guides for social and blog formats for email marketing. Include examples. Include metrics or KPIs.  Provide audience personas, keyword clusters, distribution plan, success KPIs, and visual references.",content_creation,high,8.4,9.6,9.0,9.2,8.9
"Produce a podcast episode on content repurposing including conversion optimization tips covering multichannel strategy. Include metrics or KPIs. Explain to a beginner.  Provide audience personas, keyword clusters, distribution plan, success KPIs, and visual references.",content_creation,high,9.3,10.0,8.9,9.9,8.2
"Design database indexing with detailed bug analysis covering edge cases with architecture diagrams. Include examples. Explain to a beginner.  Include architecture choices, security considerations, testing strategy, deployment steps, and code review notes.",software_engineering,high,8.4,9.8,8.8,9.2,8.9
"Create a lesson plan on inclusive pedagogy with extension tasks including assessment criteria. Consider edge cases. Include examples.  Include objectives, prerequisites, activities, assessment criteria, extension tasks, and gamified exercises.",education,high,9.7,9.2,8.1,9.9,7.3
"Compare pedagogical methods for blended learning including gamified exercises with remediation ideas with classroom examples. Use real-world examples. Suggest best practices.  Include objectives, prerequisites, activities, assessment criteria, extension tasks, and gamified exercises.",education,high,9.4,9.0,9.0,8.5,8.0
"Create an editorial plan for newsletter strategy with storytelling frameworks with interactive elements including conversion optimization tips. Include examples. Highlight potential pitfalls.  Provide audience personas, keyword clusters, distribution plan, success KPIs, and visual references.",content_creation,high,8.6,9.9,9.0,8.9,8.6
"Create a lesson plan on classroom management for high school students with remediation ideas with peer evaluation. Consider edge cases. Focus on practical applications.  Include objectives, prerequisites, activities, assessment criteria, extension tasks, and gamified exercises.",education,high,8.7,9.3,9.5,8.0,7.9
"Draft a unit outline on assessment rubrics with microlearning exercises with peer evaluation. Include examples. Provide step-by-step guidance.  Include objectives, prerequisites, activities, assessment criteria, extension tasks, and gamified exercises.",education,high,10.0,8.2,9.8,8.0,7.9
"Write social captions about content gap analysis with storytelling frameworks including conversion optimization tips with engagement metrics. Include examples. Focus on practical applications.  Provide audience personas, keyword clusters, distribution plan, success KPIs, and visual references.",content_creation,high,8.1,9.9,8.7,8.9,8.4
"Draft video scripts about landing page copy covering SEO best practices including conversion optimization tips with engagement metrics. Suggest best practices. Consider edge cases.  Provide audience personas, keyword clusters, distribution plan, success KPIs, and visual references.",content_creation,high,8.6,9.2,8.8,8.1,8.3
"Summarize best practices for monolith migration including deployment steps with code examples. Include examples. Include metrics or KPIs.  Include architecture choices, security considerations, testing strategy, deployment steps, and code review notes.",software_engineering,high,9.4,9.9,8.7,8.5,8.1
"Write a blog post about email drip campaigns for a B2B SaaS brand including influencer mentions. Explain to a beginner. Use real-world examples.  Provide audience personas, keyword clusters, distribution plan, success KPIs, and visual references.",content_creation,high,9.3,9.4,9.3,9.2,7.7
"Write educational guides for learning path design for a 45-minute session with remediation ideas including real-world examples. Consider edge cases. Include metrics or KPIs.  Include objectives, prerequisites, activities, assessment criteria, extension tasks, and gamified exercises.",education,high,9.3,8.0,9.9,8.9,7.4
"Summarize research on active learning strategies covering collaborative projects for blended learning. Suggest best practices. Highlight potential pitfalls.  Include objectives, prerequisites, activities, assessment criteria, extension tasks, and gamified exercises.",education,high,8.1,8.3,8.2,8.3,8.7
"Assess security for API versioning for a production environment with architecture diagrams. Consider edge cases. Highlight potential pitfalls.  Include architecture choices, security considerations, testing strategy, deployment steps, and code review notes.",software_engineering,high,9.7,8.4,8.7,9.1,8.4
"Plan a flipped classroom session on gamified learning with learning analytics suggestions with remediation ideas. Provide step-by-step guidance. Use real-world examples.  Include objectives, prerequisites, activities, assessment criteria, extension tasks, and gamified exercises.",education,high,9.4,8.4,8.2,8.3,8.2
"Review code for continuous testing with detailed bug analysis with testing strategies. Focus on practical applications. Include examples.  Include architecture choices, security considerations, testing strategy, deployment steps, and code review notes.",software_engineering,high,8.1,9.0,9.2,9.1,7.4
"Design adaptive learning modules for instructional design patterns with remediation ideas with learning analytics suggestions covering collaborative projects. Consider edge cases. Include metrics or KPIs.  Include objectives, prerequisites, activities, assessment criteria, extension tasks, and gamified exercises.",education,high,9.9,8.8,8.4,10.0,7.3
"Analyze trends in conversion copywriting for a B2B SaaS brand including editorial calendar covering SEO best practices. Use real-world examples. Focus on practical applications.  Provide audience personas, keyword clusters, distribution plan, success KPIs, and visual references.",content_creation,high,8.5,9.2,8.4,8.5,7.1
"Design adaptive learning modules for project rubrics with extension tasks including real-world examples with remediation ideas. Use real-world examples. Include examples.  Include objectives, prerequisites, activities, assessment criteria, extension tasks, and gamified exercises.",education,high,9.2,8.8,9.5,9.5,8.4
"Optimize copy for SEO case study frameworks including keyword research with storytelling frameworks including influencer mentions. Consider edge cases. Provide step-by-step guidance.  Provide audience personas, keyword clusters, distribution plan, success KPIs, and visual references.",content_creation,high,9.7,8.3,8.9,8.2,8.0
"Summarize techniques for social media hooks with A/B testing suggestions with tone and style guidelines with interactive elements. Explain to a beginner. Consider edge cases.  Provide audience personas, keyword clusters, distribution plan, success KPIs, and visual references.",content_creation,high,9.4,8.5,8.4,8.7,7.8
"Explain serverless architecture with performance considerations using real-world scenarios. Use real-world examples. Highlight potential pitfalls.  Include architecture choices, security considerations, testing strategy, deployment steps, and code review notes.",software_engineering,high,8.2,9.4,8.8,9.8,8.1
"Create an editorial plan for storytelling techniques with measurable KPIs with engagement metrics with interactive elements. Provide step-by-step guidance. Include metrics or KPIs.  Provide audience personas, keyword clusters, distribution plan, success KPIs, and visual references.",content_creation,high,9.1,8.5,8.3,8.3,8.5
"Develop email campaigns for conversion copywriting for a product launch with examples and templates. Provide step-by-step guidance. Suggest best practices.  Provide audience personas, keyword clusters, distribution plan, success KPIs, and visual references.",content_creation,high,8.0,9.0,8.2,8.7,8.6
"Audit content for YouTube scripts with visual references for a B2B SaaS brand with audience personas. Highlight potential pitfalls. Focus on practical applications.  Provide audience personas, keyword clusters, distribution plan, success KPIs, and visual references.",content_creation,high,9.3,8.3,8.7,8.9,8.0
"Design a content brief for brand voice guidelines for a product launch covering multichannel strategy including keyword research. Suggest best practices. Explain to a beginner.  Provide audience personas, keyword clusters, distribution plan, success KPIs, and visual references.",content_creation,high,8.5,9.8,8.7,8.7,7.2
"Configure CI/CD for microservices with diagrams including deployment steps step by step. Consider edge cases. Use real-world examples.  Include architecture choices, security considerations, testing strategy, deployment steps, and code review notes.",software_engineering,high,9.7,8.1,9.9,8.2,7.8
"Write case studies on product launch copies including conversion optimization tips with tone and style guidelines including keyword research. Provide step-by-step guidance. Highlight potential pitfalls.  Provide audience personas, keyword clusters, distribution plan, success KPIs, and visual references.",content_creation,high,8.2,9.3,8.4,9.9,8.7
"Create scaffolding materials for collaborative projects with microlearning exercises including formative checks. Suggest best practices. Explain to a beginner.  Include objectives, prerequisites, activities, assessment criteria, extension tasks, and gamified exercises.",education,high,8.9,9.0,8.5,9.3,7.8
"Develop email campaigns for brand voice guidelines including conversion optimization tips with distribution channels including keyword research. Provide step-by-step guidance. Consider edge cases.  Provide audience personas, keyword clusters, distribution plan, success KPIs, and visual references.",content_creation,high,8.2,9.2,8.4,9.7,8.5
"Refactor memory leaks covering security trade-offs with performance considerations with performance benchmarks. Suggest best practices. Use real-world examples.  Include architecture choices, security considerations, testing strategy, deployment steps, and code review notes.",software_engineering,high,8.2,9.7,9.2,8.2,7.3
"Create a lesson plan on collaborative projects covering collaborative projects with remediation ideas. Use real-world examples. Explain to a beginner.  Include objectives, prerequisites, activities, assessment criteria, extension tasks, and gamified exercises.",education,high,8.3,9.4,8.6,9.7,8.2
"Draft a proposal for bug fixes for a production environment with testing strategies with diagrams. Suggest best practices. Include metrics or KPIs.  Include architecture choices, security considerations, testing strategy, deployment steps, and code review notes.",software_engineering,high,8.7,8.4,9.5,8.0,8.1
"Develop collaborative projects for curriculum mapping covering collaborative projects with peer evaluation. Explain to a beginner. Include metrics or KPIs.  Include objectives, prerequisites, activities, assessment criteria, extension tasks, and gamified exercises.",education,high,9.8,9.4,8.7,8.0,7.7
"Summarize techniques for interactive content with measurable KPIs for a product launch with tone and style guidelines. Include examples. Use real-world examples.  Provide audience personas, keyword clusters, distribution plan, success KPIs, and visual references.",content_creation,high,9.3,8.8,8.1,9.2,7.5
"Write teacher notes about differentiated instruction with remediation ideas with classroom examples with peer evaluation. Explain to a beginner. Highlight potential pitfalls.  Include objectives, prerequisites, activities, assessment criteria, extension tasks, and gamified exercises.",education,high,8.0,9.3,9.2,9.1,7.6
"Plan a webinar on podcast scripts with measurable KPIs for a B2B SaaS brand including editorial calendar. Use real-world examples. Explain to a beginner.  Provide audience personas, keyword clusters, distribution plan, success KPIs, and visual references.",content_creation,high,8.5,8.7,8.4,8.4,7.9
"Compare approaches to social media hooks with A/B testing suggestions including keyword research. Suggest best practices. Provide step-by-step guidance.  Provide audience personas, keyword clusters, distribution plan, success KPIs, and visual references.",content_creation,high,9.7,8.5,9.5,8.2,7.4
"Automate deployment for Kubernetes with architecture diagrams for a production environment. Highlight potential pitfalls. Focus on practical applications.  Include architecture choices, security considerations, testing strategy, deployment steps, and code review notes.",software_engineering,high,9.9,8.9,9.6,8.5,8.1
"Plan a migration for logging and observability with CI/CD pipeline setup including pros and cons. Use real-world examples. Provide step-by-step guidance.  Include architecture choices, security considerations, testing strategy, deployment steps, and code review notes.",software_engineering,high,8.8,9.7,9.8,8.4,8.3
"Compare approaches to storytelling techniques for a product launch covering SEO best practices. Suggest best practices. Include examples.  Provide audience personas, keyword clusters, distribution plan, success KPIs, and visual references.",content_creation,high,8.1,9.5,9.9,8.5,8.5
"Implement end-to-end testing using real-world scenarios with diagrams with security audit checklist. Explain to a beginner. Suggest best practices.  Include architecture choices, security considerations, testing strategy, deployment steps, and code review notes.",software_engineering,high,8.6,9.3,8.9,8.2,8.0
"Design microlearning modules on assessment rubrics covering collaborative projects including assessment criteria. Suggest best practices. Explain to a beginner.  Include objectives, prerequisites, activities, assessment criteria, extension tasks, and gamified exercises.",education,high,8.5,8.1,9.0,9.4,8.3
"Plan a flipped classroom session on instructional scaffolding aligned to learning outcomes using active learning. Consider edge cases. Include examples.  Include objectives, prerequisites, activities, assessment criteria, extension tasks, and gamified exercises.",education,high,9.7,8.4,8.7,8.4,8.0
"Draft a proposal for monitoring dashboards using real-world scenarios including alternative implementations. Provide step-by-step guidance. Explain to a beginner.  Include architecture choices, security considerations, testing strategy, deployment steps, and code review notes.",software_engineering,high,9.5,8.1,9.6,9.3,7.9
"Facilitate peer review for project rubrics with microlearning exercises including assessment criteria for blended learning. Include metrics or KPIs. Consider edge cases.  Include objectives, prerequisites, activities, assessment criteria, extension tasks, and gamified exercises.",education,high,9.7,9.2,9.2,8.4,8.7
"Write unit tests for API versioning including pros and cons for a production environment. Focus on practical applications. Provide step-by-step guidance.  Include architecture choices, security considerations, testing strategy, deployment steps, and code review notes.",software_engineering,high,9.6,9.3,9.8,10.0,8.5
"Analyze trends in landing page copy with engagement metrics with distribution channels. Consider edge cases. Use real-world examples.  Provide audience personas, keyword clusters, distribution plan, success KPIs, and visual references.",content_creation,high,8.8,9.9,9.4,8.9,8.1
"Outline a guide on editorial calendars with A/B testing suggestions including editorial calendar covering SEO best practices. Explain to a beginner. Focus on practical applications.  Provide audience personas, keyword clusters, distribution plan, success KPIs, and visual references.",content_creation,high,9.0,9.4,8.4,8.1,8.3
"Optimize performance of caching strategies with performance benchmarks with architecture diagrams including alternative implementations. Explain to a beginner. Suggest best practices.  Include architecture choices, security considerations, testing strategy, deployment steps, and code review notes.",software_engineering,high,8.8,10.0,9.6,9.9,8.4
"Configure CI/CD for load testing with testing strategies including refactoring steps. Use real-world examples. Consider edge cases.  Include architecture choices, security considerations, testing strategy, deployment steps, and code review notes.",software_engineering,high,9.0,8.9,9.0,8.2,8.2
"Generate a list of multichannel campaigns for email marketing with distribution channels with engagement metrics. Provide step-by-step guidance. Highlight potential pitfalls.  Provide audience personas, keyword clusters, distribution plan, success KPIs, and visual references.",content_creation,high,8.9,8.1,9.4,9.9,8.4
"Implement monitoring dashboards with architecture diagrams step by step. Highlight potential pitfalls. Use real-world examples.  Include architecture choices, security considerations, testing strategy, deployment steps, and code review notes.",software_engineering,high,8.9,8.4,9.0,9.5,7.7
"Write unit tests for React state management with performance considerations covering edge cases including refactoring steps. Include examples. Provide step-by-step guidance.  Include architecture choices, security considerations, testing strategy, deployment steps, and code review notes.",software_engineering,high,8.3,8.9,8.1,9.6,8.5
"Write educational guides for peer assessment using adaptive learning with competency tracking with scaffolding guides. Suggest best practices. Use real-world examples.  Include objectives, prerequisites, activities, assessment criteria, extension tasks, and gamified exercises.",education,high,9.7,8.7,8.5,9.0,9.0
"Design a rubric for learning analytics for blended learning with differentiated activities. Include examples. Use real-world examples.  Include objectives, prerequisites, activities, assessment criteria, extension tasks, and gamified exercises.",education,high,8.2,8.9,9.7,9.9,7.1
"Create a tutorial on dependency injection including pros and cons using real-world scenarios. Include metrics or KPIs. Suggest best practices.  Include architecture choices, security considerations, testing strategy, deployment steps, and code review notes.",software_engineering,high,9.1,9.4,8.9,8.8,8.8
"Audit content for product launch copies with audience personas for a product launch with visual references. Include examples. Highlight potential pitfalls.  Provide audience personas, keyword clusters, distribution plan, success KPIs, and visual references.",content_creation,high,9.7,8.5,8.7,8.6,7.8
"Develop gamified exercises on instructional design patterns including real-world examples with classroom examples. Consider edge cases. Focus on practical applications.  Include objectives, prerequisites, activities, assessment criteria, extension tasks, and gamified exercises.",education,high,8.6,10.0,9.5,9.8,8.3
"Draft a unit outline on instructional scaffolding including gamified exercises with peer evaluation for a 45-minute session. Consider edge cases. Include metrics or KPIs.  Include objectives, prerequisites, activities, assessment criteria, extension tasks, and gamified exercises.",education,high,9.2,8.6,8.5,8.7,7.8
"Conduct load testing for dependency injection with code review notes including pros and cons. Focus on practical applications. Include examples.  Include architecture choices, security considerations, testing strategy, deployment steps, and code review notes.",software_engineering,high,8.2,8.4,8.2,8.9,7.6
"Assess security for OAuth 2.0 with testing strategies with debugging tips including refactoring steps. Provide step-by-step guidance. Suggest best practices.  Include architecture choices, security considerations, testing strategy, deployment steps, and code review notes.",software_engineering,high,8.9,8.2,8.3,8.6,8.1
"Compare pedagogical methods for digital literacy including assessment criteria with classroom examples with microlearning exercises. Provide step-by-step guidance. Focus on practical applications.  Include objectives, prerequisites, activities, assessment criteria, extension tasks, and gamified exercises.",education,high,9.2,9.0,9.0,9.3,8.6
"Compare API versioning with security audit checklist covering edge cases. Focus on practical applications. Highlight potential pitfalls.  Include architecture choices, security considerations, testing strategy, deployment steps, and code review notes.",software_engineering,high,9.7,8.9,9.4,9.1,7.2
"Design adaptive learning modules for classroom management with peer evaluation covering collaborative projects. Highlight potential pitfalls. Include metrics or KPIs.  Include objectives, prerequisites, activities, assessment criteria, extension tasks, and gamified exercises.",education,high,9.1,9.9,9.0,8.7,7.5
"Create infographics on brand messaging with tone and style guidelines with storytelling frameworks with A/B testing suggestions. Highlight potential pitfalls. Use real-world examples.  Provide audience personas, keyword clusters, distribution plan, success KPIs, and visual references.",content_creation,high,8.0,8.8,8.9,8.2,8.6
"Design a content brief for conversion copywriting with audience personas with measurable KPIs for a product launch. Highlight potential pitfalls. Suggest best practices.  Provide audience personas, keyword clusters, distribution plan, success KPIs, and visual references.",content_creation,high,8.7,8.4,8.1,9.2,8.7
"Summarize research on project rubrics aligned to learning outcomes including real-world examples. Explain to a beginner. Consider edge cases.  Include objectives, prerequisites, activities, assessment criteria, extension tasks, and gamified exercises.",education,high,9.5,9.8,10.0,9.9,8.4
"Develop collaborative projects for blended learning including formative checks for a 45-minute session. Explain to a beginner. Highlight potential pitfalls.  Include objectives, prerequisites, activities, assessment criteria, extension tasks, and gamified exercises.",education,high,8.9,9.0,9.4,8.3,8.9
"Compare OAuth 2.0 with detailed bug analysis for a production environment with debugging tips. Suggest best practices. Include metrics or KPIs.  Include architecture choices, security considerations, testing strategy, deployment steps, and code review notes.",software_engineering,high,8.2,9.9,8.5,9.7,7.3
"Create assessment quizzes for learning path design including assessment criteria for blended learning for high school students. Consider edge cases. Explain to a beginner.  Include objectives, prerequisites, activities, assessment criteria, extension tasks, and gamified exercises.",education,high,9.4,8.5,9.0,8.7,8.3
"Develop gamified exercises on instructional scaffolding for a 45-minute session with scaffolding guides. Include metrics or KPIs. Focus on practical applications.  Include objectives, prerequisites, activities, assessment criteria, extension tasks, and gamified exercises.",education,high,8.1,9.4,8.6,9.4,8.3
"Create a tutorial on Kubernetes covering security trade-offs including deployment steps. Include metrics or KPIs. Use real-world examples.  Include architecture choices, security considerations, testing strategy, deployment steps, and code review notes.",software_engineering,high,9.3,8.9,9.0,9.5,8.2
"Develop classroom activities for flipped classroom models covering collaborative projects using active learning. Focus on practical applications. Include metrics or KPIs.  Include objectives, prerequisites, activities, assessment criteria, extension tasks, and gamified exercises.",education,high,8.4,9.7,8.4,9.9,8.7
"Explain fundamentals of learning analytics for high school students using adaptive learning including real-world examples. Provide step-by-step guidance. Focus on practical applications.  Include objectives, prerequisites, activities, assessment criteria, extension tasks, and gamified exercises.",education,high,9.0,9.5,8.2,9.8,8.0
"Create an editorial plan for product launch copies including influencer mentions for social and blog formats with visual references. Include metrics or KPIs. Suggest best practices.  Provide audience personas, keyword clusters, distribution plan, success KPIs, and visual references.",content_creation,high,9.2,8.2,8.8,8.9,8.1
"Design adaptive learning modules for blended learning including gamified exercises with learning analytics suggestions covering collaborative projects. Explain to a beginner. Provide step-by-step guidance.  Include objectives, prerequisites, activities, assessment criteria, extension tasks, and gamified exercises.",education,high,8.4,8.6,8.0,8.9,7.2
"Design visual assets for storytelling techniques including keyword research including conversion optimization tips with examples and templates. Include metrics or KPIs. Consider edge cases.  Provide audience personas, keyword clusters, distribution plan, success KPIs, and visual references.",content_creation,high,8.5,9.9,8.1,8.2,7.7
"Optimize performance of distributed transactions with diagrams covering edge cases. Focus on practical applications. Provide step-by-step guidance.  Include architecture choices, security considerations, testing strategy, deployment steps, and code review notes.",software_engineering,high,9.7,9.0,9.8,9.1,8.3
"Explain fundamentals of adaptive learning including assessment criteria using adaptive learning. Focus on practical applications. Use real-world examples.  Include objectives, prerequisites, activities, assessment criteria, extension tasks, and gamified exercises.",education,high,8.5,8.1,8.8,10.0,8.6
"Facilitate peer review for project rubrics with extension tasks with scaffolding guides aligned to learning outcomes. Suggest best practices. Highlight potential pitfalls.  Include objectives, prerequisites, activities, assessment criteria, extension tasks, and gamified exercises.",education,high,8.8,9.7,9.0,9.6,7.2
"Optimize copy for SEO email drip campaigns with audience personas with distribution channels. Use real-world examples. Include examples.  Provide audience personas, keyword clusters, distribution plan, success KPIs, and visual references.",content_creation,high,9.3,8.8,9.0,9.6,7.9
"Develop collaborative projects for lesson objectives with differentiated activities with classroom examples. Provide step-by-step guidance. Use real-world examples.  Include objectives, prerequisites, activities, assessment criteria, extension tasks, and gamified exercises.",education,high,9.0,8.2,8.3,9.3,8.0
"Develop classroom activities for peer assessment using adaptive learning with differentiated activities covering collaborative projects. Consider edge cases. Include examples.  Include objectives, prerequisites, activities, assessment criteria, extension tasks, and gamified exercises.",education,high,8.2,8.4,10.0,8.8,8.1
"Conduct load testing for incident response with debugging tips with diagrams for a production environment. Explain to a beginner. Include examples.  Include architecture choices, security considerations, testing strategy, deployment steps, and code review notes.",software_engineering,high,9.0,8.5,9.1,9.9,7.3
"Explain code reviews with performance benchmarks covering security trade-offs with diagrams. Consider edge cases. Use real-world examples.  Include architecture choices, security considerations, testing strategy, deployment steps, and code review notes.",software_engineering,high,9.3,8.8,9.2,8.2,8.0
"Analyze database indexing with architecture diagrams with debugging tips. Use real-world examples. Consider edge cases.  Include architecture choices, security considerations, testing strategy, deployment steps, and code review notes.",software_engineering,high,9.1,9.0,8.6,8.6,7.9
"Develop email campaigns for A/B testing headlines with measurable KPIs with interactive elements. Highlight potential pitfalls. Include examples.  Provide audience personas, keyword clusters, distribution plan, success KPIs, and visual references.",content_creation,high,9.0,9.3,9.2,9.4,7.7
"Create interactive quizzes for multichannel campaigns with measurable KPIs including influencer mentions including editorial calendar. Suggest best practices. Consider edge cases.  Provide audience personas, keyword clusters, distribution plan, success KPIs, and visual references.",content_creation,high,8.1,9.6,9.1,9.1,8.3
"Produce a podcast episode on multichannel campaigns with visual references covering SEO best practices with measurable KPIs. Highlight potential pitfalls. Include metrics or KPIs.  Provide audience personas, keyword clusters, distribution plan, success KPIs, and visual references.",content_creation,high,9.3,9.9,8.7,8.9,7.3
"Outline a guide on content repurposing for email marketing with tone and style guidelines. Provide step-by-step guidance. Consider edge cases.  Provide audience personas, keyword clusters, distribution plan, success KPIs, and visual references.",content_creation,high,8.6,8.0,9.3,9.8,7.4
"Develop email campaigns for keyword clustering with engagement metrics with interactive elements. Include metrics or KPIs. Provide step-by-step guidance.  Provide audience personas, keyword clusters, distribution plan, success KPIs, and visual references.",content_creation,high,8.7,8.5,9.5,8.6,8.7
"Plan a webinar on blog topic clusters including conversion optimization tips including editorial calendar. Focus on practical applications. Highlight potential pitfalls.  Provide audience personas, keyword clusters, distribution plan, success KPIs, and visual references.",content_creation,high,8.0,9.2,9.6,9.4,7.4
"Create infographics on editorial calendars with engagement metrics with examples and templates. Explain to a beginner. Include metrics or KPIs.  Provide audience personas, keyword clusters, distribution plan, success KPIs, and visual references.",content_creation,high,9.4,9.2,8.2,9.2,7.2
"Develop gamified exercises on instructional design patterns for blended learning with differentiated activities. Consider edge cases. Highlight potential pitfalls.  Include objectives, prerequisites, activities, assessment criteria, extension tasks, and gamified exercises.",education,high,9.7,8.3,9.6,8.2,8.0
"Compare approaches to content gap analysis with engagement metrics with storytelling frameworks. Focus on practical applications. Highlight potential pitfalls.  Provide audience personas, keyword clusters, distribution plan, success KPIs, and visual references.",content_creation,high,8.4,8.1,8.8,10.0,8.7
"Facilitate peer review for learning path design for blended learning with peer evaluation with learning analytics suggestions. Include examples. Use real-world examples.  Include objectives, prerequisites, activities, assessment criteria, extension tasks, and gamified exercises.",education,high,9.8,9.9,9.2,8.8,8.5
"Create interactive quizzes for interactive content covering multichannel strategy with visual references. Highlight potential pitfalls. Explain to a beginner.  Provide audience personas, keyword clusters, distribution plan, success KPIs, and visual references.",content_creation,high,8.5,8.9,9.8,9.2,7.9
"Plan a flipped classroom session on adaptive learning including gamified exercises for high school students with classroom examples. Suggest best practices. Explain to a beginner.  Include objectives, prerequisites, activities, assessment criteria, extension tasks, and gamified exercises.",education,high,9.1,9.8,9.2,8.3,8.0
"Refactor OpenID Connect with code review notes using real-world scenarios. Provide step-by-step guidance. Focus on practical applications.  Include architecture choices, security considerations, testing strategy, deployment steps, and code review notes.",software_engineering,high,9.7,10.0,9.7,9.4,8.3
"Create interactive quizzes for long-form articles covering SEO best practices with tone and style guidelines with visual references. Suggest best practices. Explain to a beginner.  Provide audience personas, keyword clusters, distribution plan, success KPIs, and visual references.",content_creation,high,10.0,8.4,9.9,9.8,8.9
"Analyze monolith migration with CI/CD pipeline setup for a production environment with performance considerations. Focus on practical applications. Highlight potential pitfalls.  Include architecture choices, security considerations, testing strategy, deployment steps, and code review notes.",software_engineering,high,9.4,8.7,9.5,9.0,7.5
"Plan a flipped classroom session on learning analytics including formative checks with extension tasks. Highlight potential pitfalls. Consider edge cases.  Include objectives, prerequisites, activities, assessment criteria, extension tasks, and gamified exercises.",education,high,9.1,9.4,9.3,9.0,8.6
"Produce a podcast episode on email drip campaigns including influencer mentions for email marketing covering multichannel strategy. Include examples. Use real-world examples.  Provide audience personas, keyword clusters, distribution plan, success KPIs, and visual references.",content_creation,high,9.5,9.2,9.2,9.9,8.6
"Create a lesson plan on peer assessment with scaffolding guides for high school students. Explain to a beginner. Highlight potential pitfalls.  Include objectives, prerequisites, activities, assessment criteria, extension tasks, and gamified exercises.",education,high,9.0,8.5,9.2,8.0,7.5
"Write a blog post about keyword clustering with engagement metrics with distribution channels. Provide step-by-step guidance. Consider edge cases.  Provide audience personas, keyword clusters, distribution plan, success KPIs, and visual references.",content_creation,high,9.3,8.8,8.8,8.4,7.6
"Audit content for influencer collaborations with engagement metrics including keyword research. Focus on practical applications. Suggest best practices.  Provide audience personas, keyword clusters, distribution plan, success KPIs, and visual references.",content_creation,high,8.1,9.6,8.6,8.2,7.6
"Audit content for customer journey mapping including editorial calendar with visual references for a product launch. Consider edge cases. Explain to a beginner.  Provide audience personas, keyword clusters, distribution plan, success KPIs, and visual references.",content_creation,high,9.9,9.8,8.2,9.3,8.6
"Explain bug fixes for a production environment step by step. Include examples. Focus on practical applications.  Include architecture choices, security considerations, testing strategy, deployment steps, and code review notes.",software_engineering,high,9.4,8.1,8.5,9.6,7.9
"Debug load testing including pros and cons with architecture diagrams with performance benchmarks. Include examples. Suggest best practices.  Include architecture choices, security considerations, testing strategy, deployment steps, and code review notes.",software_engineering,high,8.0,8.1,9.3,8.7,7.8
"Refactor refactoring legacy code with code review notes with code examples. Include metrics or KPIs. Focus on practical applications.  Include architecture choices, security considerations, testing strategy, deployment steps, and code review notes.",software_engineering,high,8.1,8.5,9.8,8.5,8.7
"Automate deployment for React state management with performance benchmarks with diagrams. Provide step-by-step guidance. Suggest best practices.  Include architecture choices, security considerations, testing strategy, deployment steps, and code review notes.",software_engineering,high,9.6,8.7,10.0,8.3,8.4
"Develop classroom activities for curriculum mapping with scaffolding guides including assessment criteria. Suggest best practices. Include examples.  Include objectives, prerequisites, activities, assessment criteria, extension tasks, and gamified exercises.",education,high,8.7,8.3,9.7,9.9,7.6
"Design visual assets for landing page copy including keyword research for social and blog formats with distribution channels. Include metrics or KPIs. Highlight potential pitfalls.  Provide audience personas, keyword clusters, distribution plan, success KPIs, and visual references.",content_creation,high,9.7,9.7,9.9,9.5,9.0
"Develop collaborative projects for competency frameworks aligned to learning outcomes for blended learning. Use real-world examples. Suggest best practices.  Include objectives, prerequisites, activities, assessment criteria, extension tasks, and gamified exercises.",education,high,8.1,8.7,8.0,8.4,7.6
"Draft video scripts about email drip campaigns for email marketing with audience personas with measurable KPIs. Suggest best practices. Use real-world examples.  Provide audience personas, keyword clusters, distribution plan, success KPIs, and visual references.",content_creation,high,9.1,8.4,8.6,9.3,7.2
"Create assessment quizzes for lesson objectives with learning analytics suggestions for a 45-minute session with remediation ideas. Consider edge cases. Focus on practical applications.  Include objectives, prerequisites, activities, assessment criteria, extension tasks, and gamified exercises.",education,high,9.4,9.5,9.5,8.4,8.7
"Create assessment quizzes for instructional design patterns including formative checks including gamified exercises with microlearning exercises. Use real-world examples. Suggest best practices.  Include objectives, prerequisites, activities, assessment criteria, extension tasks, and gamified exercises.",education,high,9.1,8.7,9.9,8.5,8.9
"Develop collaborative projects for active learning strategies with peer evaluation with extension tasks. Highlight potential pitfalls. Suggest best practices.  Include objectives, prerequisites, activities, assessment criteria, extension tasks, and gamified exercises.",education,high,9.4,9.1,9.7,8.6,7.8
"Write a blog post about blog topic clusters with engagement metrics covering multichannel strategy. Focus on practical applications. Use real-world examples.  Provide audience personas, keyword clusters, distribution plan, success KPIs, and visual references.",content_creation,high,8.2,8.2,8.5,9.3,8.0
"Write social captions about viral hooks including editorial calendar with measurable KPIs with visual references. Suggest best practices. Include examples.  Provide audience personas, keyword clusters, distribution plan, success KPIs, and visual references.",content_creation,high,9.9,8.5,9.9,8.9,7.5
"Summarize techniques for visual storytelling including influencer mentions including conversion optimization tips covering multichannel strategy. Suggest best practices. Provide step-by-step guidance.  Provide audience personas, keyword clusters, distribution plan, success KPIs, and visual references.",content_creation,high,8.2,8.1,9.4,8.5,7.5
"Develop gamified exercises on digital literacy with peer evaluation using adaptive learning including assessment criteria. Explain to a beginner. Focus on practical applications.  Include objectives, prerequisites, activities, assessment criteria, extension tasks, and gamified exercises.",education,high,8.1,8.8,8.2,8.6,8.0
"Generate a list of editorial calendars for email marketing for a product launch with engagement metrics. Use real-world examples. Consider edge cases.  Provide audience personas, keyword clusters, distribution plan, success KPIs, and visual references.",content_creation,high,9.2,8.4,8.7,9.8,8.1
"Analyze trends in engagement metrics covering multichannel strategy with distribution channels. Provide step-by-step guidance. Include metrics or KPIs.  Provide audience personas, keyword clusters, distribution plan, success KPIs, and visual references.",content_creation,high,9.4,9.4,9.1,8.1,7.7
"Create infographics on infographic design with audience personas with interactive elements. Suggest best practices. Include metrics or KPIs.  Provide audience personas, keyword clusters, distribution plan, success KPIs, and visual references.",content_creation,high,9.3,9.2,9.0,8.0,8.0
"Configure CI/CD for security vulnerabilities with CI/CD pipeline setup with diagrams. Focus on practical applications. Suggest best practices.  Include architecture choices, security considerations, testing strategy, deployment steps, and code review notes.",software_engineering,high,8.2,8.8,10.0,8.8,7.6
"Write social captions about A/B testing headlines with audience personas covering multichannel strategy with interactive elements. Include examples. Include metrics or KPIs.  Provide audience personas, keyword clusters, distribution plan, success KPIs, and visual references.",content_creation,high,8.2,9.5,9.2,9.3,8.9
"Assess student performance in curriculum mapping with classroom examples including assessment criteria with scaffolding guides. Use real-world examples. Suggest best practices.  Include objectives, prerequisites, activities, assessment criteria, extension tasks, and gamified exercises.",education,high,8.4,8.6,8.8,8.2,7.0
"Write unit tests for GraphQL schemas with detailed bug analysis with debugging tips with performance considerations. Provide step-by-step guidance. Include examples.  Include architecture choices, security considerations, testing strategy, deployment steps, and code review notes.",software_engineering,high,9.3,8.9,8.7,9.0,7.2
"Refactor memory leaks with performance benchmarks covering edge cases with CI/CD pipeline setup. Consider edge cases. Suggest best practices.  Include architecture choices, security considerations, testing strategy, deployment steps, and code review notes.",software_engineering,high,8.1,8.0,9.5,9.9,8.4
"Outline a guide on keyword clustering including keyword research with visual references. Include metrics or KPIs. Focus on practical applications.  Provide audience personas, keyword clusters, distribution plan, success KPIs, and visual references.",content_creation,high,8.1,9.3,9.2,8.0,7.1
"Compare approaches to case study frameworks with interactive elements with examples and templates including editorial calendar. Include examples. Provide step-by-step guidance.  Provide audience personas, keyword clusters, distribution plan, success KPIs, and visual references.",content_creation,high,8.8,9.8,8.1,8.9,8.2
"Design dependency injection with performance benchmarks with testing strategies including alternative implementations. Include examples. Provide step-by-step guidance.  Include architecture choices, security considerations, testing strategy, deployment steps, and code review notes.",software_engineering,high,8.6,8.5,9.2,9.2,8.1
"Summarize techniques for brand voice guidelines with storytelling frameworks covering multichannel strategy with examples and templates. Provide step-by-step guidance. Include examples.  Provide audience personas, keyword clusters, distribution plan, success KPIs, and visual references.",content_creation,high,8.0,8.6,8.4,8.2,8.4
"Develop email campaigns for social media hooks for a B2B SaaS brand with tone and style guidelines. Suggest best practices. Explain to a beginner.  Provide audience personas, keyword clusters, distribution plan, success KPIs, and visual references.",content_creation,high,9.6,8.6,9.3,8.8,7.3
"Write social captions about interactive content with measurable KPIs with visual references including influencer mentions. Include examples. Include metrics or KPIs.  Provide audience personas, keyword clusters, distribution plan, success KPIs, and visual references.",content_creation,high,9.5,8.9,8.3,9.8,8.4
"Summarize techniques for tone and style guides with distribution channels for a product launch with engagement metrics. Highlight potential pitfalls. Focus on practical applications.  Provide audience personas, keyword clusters, distribution plan, success KPIs, and visual references.",content_creation,high,9.9,8.1,8.4,8.1,7.3
"Write educational guides for flipped classroom models with learning analytics suggestions covering collaborative projects with differentiated activities. Provide step-by-step guidance. Include metrics or KPIs.  Include objectives, prerequisites, activities, assessment criteria, extension tasks, and gamified exercises.",education,high,9.4,8.4,9.7,8.4,7.8
"Fix bugs in React state management including alternative implementations covering security trade-offs including pros and cons. Suggest best practices. Highlight potential pitfalls.  Include architecture choices, security considerations, testing strategy, deployment steps, and code review notes.",software_engineering,high,9.7,9.9,8.9,9.4,8.6
"Draft a proposal for database indexing with diagrams with performance considerations using real-world scenarios. Use real-world examples. Focus on practical applications.  Include architecture choices, security considerations, testing strategy, deployment steps, and code review notes.",software_engineering,high,8.3,9.7,9.1,9.9,7.2
"Document Docker containers covering security trade-offs including pros and cons. Provide step-by-step guidance. Consider edge cases.  Include architecture choices, security considerations, testing strategy, deployment steps, and code review notes.",software_engineering,high,8.7,8.9,8.6,9.3,8.7
"Summarize techniques for editorial calendars with examples and templates including keyword research with audience personas. Use real-world examples. Highlight potential pitfalls.  Provide audience personas, keyword clusters, distribution plan, success KPIs, and visual references.",content_creation,high,8.8,8.7,8.6,8.8,7.6
"Write unit tests for feature toggles with detailed bug analysis with code review notes. Consider edge cases. Suggest best practices.  Include architecture choices, security considerations, testing strategy, deployment steps, and code review notes.",software_engineering,high,9.8,8.5,9.6,8.2,7.1
"Explain fundamentals of adaptive learning including gamified exercises aligned to learning outcomes. Suggest best practices. Include examples.  Include objectives, prerequisites, activities, assessment criteria, extension tasks, and gamified exercises.",education,high,9.7,9.5,8.4,9.4,8.9
"Create a lesson plan on gamified learning with classroom examples with remediation ideas with competency tracking. Use real-world examples. Explain to a beginner.  Include objectives, prerequisites, activities, assessment criteria, extension tasks, and gamified exercises.",education,high,8.9,9.9,9.3,8.9,8.6
"Design caching strategies with diagrams including pros and cons with performance benchmarks. Explain to a beginner. Highlight potential pitfalls.  Include architecture choices, security considerations, testing strategy, deployment steps, and code review notes.",software_engineering,high,9.9,9.5,8.7,9.2,7.7
"Implement unit testing with diagrams with performance benchmarks. Focus on practical applications. Use real-world examples.  Include architecture choices, security considerations, testing strategy, deployment steps, and code review notes.",software_engineering,high,9.3,9.9,9.7,9.2,8.5
"Analyze trends in newsletter strategy covering SEO best practices with tone and style guidelines with visual references. Explain to a beginner. Suggest best practices.  Provide audience personas, keyword clusters, distribution plan, success KPIs, and visual references.",content_creation,high,8.4,8.3,9.8,8.2,7.9
"Design a content brief for thought leadership posts including keyword research covering multichannel strategy with engagement metrics. Consider edge cases. Suggest best practices.  Provide audience personas, keyword clusters, distribution plan, success KPIs, and visual references.",content_creation,high,9.9,9.0,8.4,9.5,8.7
"Develop collaborative projects for competency frameworks with classroom examples with scaffolding guides. Highlight potential pitfalls. Focus on practical applications.  Include objectives, prerequisites, activities, assessment criteria, extension tasks, and gamified exercises.",education,high,8.2,8.3,8.3,8.9,8.1
"Summarize techniques for YouTube scripts with examples and templates with interactive elements. Focus on practical applications. Explain to a beginner.  Provide audience personas, keyword clusters, distribution plan, success KPIs, and visual references.",content_creation,high,8.2,8.7,8.1,9.5,7.8
"Assess security for code reviews with detailed bug analysis for a production environment with architecture diagrams. Provide step-by-step guidance. Focus on practical applications.  Include architecture choices, security considerations, testing strategy, deployment steps, and code review notes.",software_engineering,high,8.7,9.2,9.7,8.1,8.2
"Write case studies on social media audit with measurable KPIs with examples and templates. Suggest best practices. Include metrics or KPIs.  Provide audience personas, keyword clusters, distribution plan, success KPIs, and visual references.",content_creation,high,8.8,9.6,9.2,8.1,8.5
"Explain fundamentals of competency frameworks using adaptive learning with microlearning exercises. Suggest best practices. Explain to a beginner.  Include objectives, prerequisites, activities, assessment criteria, extension tasks, and gamified exercises.",education,high,9.3,9.5,9.5,8.0,7.8
"Create assessment quizzes for blended learning for high school students including formative checks with scaffolding guides. Include metrics or KPIs. Consider edge cases.  Include objectives, prerequisites, activities, assessment criteria, extension tasks, and gamified exercises.",education,high,9.1,8.5,9.3,8.4,7.9
"Compare pedagogical methods for instructional design patterns with remediation ideas using adaptive learning. Include metrics or KPIs. Explain to a beginner.  Include objectives, prerequisites, activities, assessment criteria, extension tasks, and gamified exercises.",education,high,9.0,9.9,9.1,9.5,8.9
"Investigate memory leaks in database indexing with detailed bug analysis with architecture diagrams. Use real-world examples. Focus on practical applications.  Include architecture choices, security considerations, testing strategy, deployment steps, and code review notes.",software_engineering,high,9.0,9.0,9.5,8.6,8.5
"Optimize performance of security vulnerabilities with CI/CD pipeline setup with security audit checklist using real-world scenarios. Include examples. Use real-world examples.  Include architecture choices, security considerations, testing strategy, deployment steps, and code review notes.",software_engineering,high,9.4,8.0,9.2,9.5,7.7
"Design adaptive learning modules for instructional scaffolding with classroom examples for a 45-minute session with microlearning exercises. Focus on practical applications. Provide step-by-step guidance.  Include objectives, prerequisites, activities, assessment criteria, extension tasks, and gamified exercises.",education,high,9.5,9.8,8.8,9.1,8.3
"Draft a unit outline on competency frameworks for blended learning including gamified exercises with scaffolding guides. Highlight potential pitfalls. Include metrics or KPIs.  Include objectives, prerequisites, activities, assessment criteria, extension tasks, and gamified exercises.",education,high,8.2,9.7,9.7,8.5,9.0
"Write educational guides for digital literacy for a 45-minute session with peer evaluation with remediation ideas. Highlight potential pitfalls. Include metrics or KPIs.  Include objectives, prerequisites, activities, assessment criteria, extension tasks, and gamified exercises.",education,high,9.1,9.1,8.5,9.3,8.3
"Write unit tests for continuous testing using real-world scenarios for a production environment with diagrams. Highlight potential pitfalls. Use real-world examples.  Include architecture choices, security considerations, testing strategy, deployment steps, and code review notes.",software_engineering,high,9.6,8.1,8.6,9.7,8.6
"Write educational guides for microlearning with learning analytics suggestions with remediation ideas. Explain to a beginner. Use real-world examples.  Include objectives, prerequisites, activities, assessment criteria, extension tasks, and gamified exercises.",education,high,8.4,9.9,9.0,8.7,7.7
"Write case studies on conversion copywriting including influencer mentions for a product launch with engagement metrics. Focus on practical applications. Include metrics or KPIs.  Provide audience personas, keyword clusters, distribution plan, success KPIs, and visual references.",content_creation,high,9.7,8.3,9.0,9.4,8.2
"Analyze logging and observability with detailed bug analysis step by step with testing strategies. Suggest best practices. Use real-world examples.  Include architecture choices, security considerations, testing strategy, deployment steps, and code review notes.",software_engineering,high,8.1,9.0,8.5,9.0,7.1
"Automate deployment for serverless architecture using real-world scenarios with debugging tips. Use real-world examples. Explain to a beginner.  Include architecture choices, security considerations, testing strategy, deployment steps, and code review notes.",software_engineering,high,9.9,8.7,9.2,8.5,8.2
"Create a tutorial on incident response with performance benchmarks step by step with security audit checklist. Include examples. Include metrics or KPIs.  Include architecture choices, security considerations, testing strategy, deployment steps, and code review notes.",software_engineering,high,9.1,9.6,9.8,8.8,7.3
"Create an editorial plan for customer journey mapping with tone and style guidelines including conversion optimization tips for email marketing. Provide step-by-step guidance. Include examples.  Provide audience personas, keyword clusters, distribution plan, success KPIs, and visual references.",content_creation,high,8.8,8.3,8.3,9.6,8.6
"Write educational guides for learning analytics with classroom examples including real-world examples. Focus on practical applications. Consider edge cases.  Include objectives, prerequisites, activities, assessment criteria, extension tasks, and gamified exercises.",education,high,9.3,9.0,8.8,8.0,7.0
"Assess student performance in gamified learning with remediation ideas for blended learning. Suggest best practices. Focus on practical applications.  Include objectives, prerequisites, activities, assessment criteria, extension tasks, and gamified exercises.",education,high,9.6,8.8,8.1,8.1,8.2
"Compare feature toggles including refactoring steps with detailed bug analysis. Include examples. Consider edge cases.  Include architecture choices, security considerations, testing strategy, deployment steps, and code review notes.",software_engineering,high,9.5,9.3,9.2,8.1,8.5
"Compare approaches to blog topic clusters with audience personas including conversion optimization tips. Use real-world examples. Consider edge cases.  Provide audience personas, keyword clusters, distribution plan, success KPIs, and visual references.",content_creation,high,9.5,9.0,8.9,8.6,7.5
"Optimize performance of code reviews covering security trade-offs using real-world scenarios including alternative implementations. Include metrics or KPIs. Suggest best practices.  Include architecture choices, security considerations, testing strategy, deployment steps, and code review notes.",software_engineering,high,8.4,9.0,9.0,8.7,8.2
"Implement load testing with diagrams with code examples. Suggest best practices. Include metrics or KPIs.  Include architecture choices, security considerations, testing strategy, deployment steps, and code review notes.",software_engineering,high,9.3,9.4,8.8,9.5,7.7
"Draft a content strategy for influencer collaborations including keyword research with A/B testing suggestions including influencer mentions. Include examples. Include metrics or KPIs.  Provide audience personas, keyword clusters, distribution plan, success KPIs, and visual references.",content_creation,high,8.2,9.2,8.9,9.4,8.0
"Explain Docker containers with code examples with security audit checklist. Explain to a beginner. Include metrics or KPIs.  Include architecture choices, security considerations, testing strategy, deployment steps, and code review notes.",software_engineering,high,9.5,9.0,9.3,8.0,7.7
"Plan a flipped classroom session on student engagement metrics with classroom examples using active learning with differentiated activities. Explain to a beginner. Use real-world examples.  Include objectives, prerequisites, activities, assessment criteria, extension tasks, and gamified exercises.",education,high,9.0,9.9,8.9,8.1,7.4
"Audit content for thought leadership posts for a B2B SaaS brand for a product launch. Suggest best practices. Include metrics or KPIs.  Provide audience personas, keyword clusters, distribution plan, success KPIs, and visual references.",content_creation,high,8.2,8.6,8.8,8.6,8.6
"Write social captions about keyword clustering with audience personas for social and blog formats. Provide step-by-step guidance. Focus on practical applications.  Provide audience personas, keyword clusters, distribution plan, success KPIs, and visual references.",content_creation,high,8.3,9.5,9.9,8.0,7.5
"Design a rubric for project-based learning with competency tracking with peer evaluation. Use real-world examples. Provide step-by-step guidance.  Include objectives, prerequisites, activities, assessment criteria, extension tasks, and gamified exercises.",education,high,9.5,8.3,9.1,9.4,7.9
"Create infographics on keyword clustering covering SEO best practices with distribution channels with engagement metrics. Include metrics or KPIs. Use real-world examples.  Provide audience personas, keyword clusters, distribution plan, success KPIs, and visual references.",content_creation,high,8.5,8.0,8.3,10.0,8.6
"Write unit tests for event-driven systems including alternative implementations with diagrams including pros and cons. Suggest best practices. Include metrics or KPIs.  Include architecture choices, security considerations, testing strategy, deployment steps, and code review notes.",software_engineering,high,9.0,8.6,8.6,9.9,8.6
"Optimize copy for SEO visual storytelling with distribution channels with engagement metrics with A/B testing suggestions. Explain to a beginner. Focus on practical applications.  Provide audience personas, keyword clusters, distribution plan, success KPIs, and visual references.",content_creation,high,8.8,9.2,9.2,9.9,7.7
"Write case studies on brand messaging with storytelling frameworks with engagement metrics covering multichannel strategy. Explain to a beginner. Suggest best practices.  Provide audience personas, keyword clusters, distribution plan, success KPIs, and visual references.",content_creation,high,8.9,9.0,9.3,8.4,8.8
"Optimize copy for SEO podcast scripts with interactive elements with engagement metrics. Explain to a beginner. Provide step-by-step guidance.  Provide audience personas, keyword clusters, distribution plan, success KPIs, and visual references.",content_creation,high,9.3,8.9,9.8,8.0,8.5
"Optimize performance of microservices covering security trade-offs including deployment steps. Highlight potential pitfalls. Explain to a beginner.  Include architecture choices, security considerations, testing strategy, deployment steps, and code review notes.",software_engineering,high,9.2,9.5,8.9,8.7,7.2
"Optimize performance of GraphQL schemas including deployment steps covering edge cases with code examples. Highlight potential pitfalls. Explain to a beginner.  Include architecture choices, security considerations, testing strategy, deployment steps, and code review notes.",software_engineering,high,10.0,9.7,8.0,9.6,7.4
"Write case studies on customer journey mapping with distribution channels with engagement metrics. Include metrics or KPIs. Use real-world examples.  Provide audience personas, keyword clusters, distribution plan, success KPIs, and visual references.",content_creation,high,8.2,9.4,9.2,9.0,8.6
"Summarize research on formative assessment with differentiated activities with classroom examples. Consider edge cases. Explain to a beginner.  Include objectives, prerequisites, activities, assessment criteria, extension tasks, and gamified exercises.",education,high,8.1,9.6,9.3,9.0,8.0
"Map a curriculum for Bloom’s taxonomy for a 45-minute session for high school students. Include metrics or KPIs. Explain to a beginner.  Include objectives, prerequisites, activities, assessment criteria, extension tasks, and gamified exercises.",education,high,9.7,9.3,8.2,8.8,8.2
"Write case studies on influencer collaborations covering multichannel strategy including editorial calendar. Include examples. Use real-world examples.  Provide audience personas, keyword clusters, distribution plan, success KPIs, and visual references.",content_creation,high,8.6,8.1,8.3,9.6,7.7
"Plan a webinar on brand voice guidelines with distribution channels including keyword research. Include examples. Explain to a beginner.  Provide audience personas, keyword clusters, distribution plan, success KPIs, and visual references.",content_creation,high,9.9,8.5,9.8,8.5,7.7
"Optimize copy for SEO newsletter strategy with A/B testing suggestions with measurable KPIs with visual references. Consider edge cases. Use real-world examples.  Provide audience personas, keyword clusters, distribution plan, success KPIs, and visual references.",content_creation,high,8.3,8.2,8.0,9.4,8.4
"Design a rubric for learning analytics including formative checks using adaptive learning. Focus on practical applications. Consider edge cases.  Include objectives, prerequisites, activities, assessment criteria, extension tasks, and gamified exercises.",education,high,8.2,9.6,8.0,8.6,9.0
"Explain fundamentals of assessment rubrics with scaffolding guides with microlearning exercises. Provide step-by-step guidance. Explain to a beginner.  Include objectives, prerequisites, activities, assessment criteria, extension tasks, and gamified exercises.",education,high,8.3,8.1,8.5,9.5,8.4
"Develop classroom activities for lesson objectives using active learning aligned to learning outcomes for blended learning. Use real-world examples. Consider edge cases.  Include objectives, prerequisites, activities, assessment criteria, extension tasks, and gamified exercises.",education,high,8.1,8.4,9.7,8.7,7.6
"Summarize techniques for social media hooks including editorial calendar with engagement metrics with measurable KPIs. Use real-world examples. Focus on practical applications.  Provide audience personas, keyword clusters, distribution plan, success KPIs, and visual references.",content_creation,high,8.9,8.0,8.6,9.4,7.3
"Plan a webinar on social media audit with examples and templates for email marketing. Focus on practical applications. Use real-world examples.  Provide audience personas, keyword clusters, distribution plan, success KPIs, and visual references.",content_creation,high,8.4,9.9,8.7,8.4,8.3
"Analyze trends in customer journey mapping for a B2B SaaS brand including conversion optimization tips for a product launch. Include examples. Suggest best practices.  Provide audience personas, keyword clusters, distribution plan, success KPIs, and visual references.",content_creation,high,9.7,8.7,9.5,8.2,9.0
"Assess student performance in curriculum mapping using adaptive learning with differentiated activities. Provide step-by-step guidance. Focus on practical applications.  Include objectives, prerequisites, activities, assessment criteria, extension tasks, and gamified exercises.",education,high,9.1,8.9,8.7,8.4,8.7
"Map a curriculum for student engagement metrics including formative checks for a 45-minute session. Highlight potential pitfalls. Include metrics or KPIs.  Include objectives, prerequisites, activities, assessment criteria, extension tasks, and gamified exercises.",education,high,8.4,8.0,9.4,8.0,7.9
"Fix bugs in distributed transactions using real-world scenarios with detailed bug analysis. Highlight potential pitfalls. Use real-world examples.  Include architecture choices, security considerations, testing strategy, deployment steps, and code review notes.",software_engineering,high,8.1,9.6,9.1,9.4,8.1
"Develop collaborative projects for differentiated instruction with learning analytics suggestions aligned to learning outcomes. Provide step-by-step guidance. Consider edge cases.  Include objectives, prerequisites, activities, assessment criteria, extension tasks, and gamified exercises.",education,high,9.7,8.2,9.3,9.1,7.6
"Analyze trends in social media audit for social and blog formats with A/B testing suggestions covering SEO best practices. Include metrics or KPIs. Consider edge cases.  Provide audience personas, keyword clusters, distribution plan, success KPIs, and visual references.",content_creation,high,8.7,8.2,8.3,9.3,7.6
"Create interactive quizzes for email drip campaigns covering SEO best practices with audience personas with visual references. Explain to a beginner. Suggest best practices.  Provide audience personas, keyword clusters, distribution plan, success KPIs, and visual references.",content_creation,high,8.5,9.2,9.3,9.2,7.4
"Review code for serverless architecture with architecture diagrams for a production environment. Provide step-by-step guidance. Include metrics or KPIs.  Include architecture choices, security considerations, testing strategy, deployment steps, and code review notes.",software_engineering,high,10.0,9.3,9.0,9.6,8.2
"Review code for Kubernetes including deployment steps with code examples. Highlight potential pitfalls. Use real-world examples.  Include architecture choices, security considerations, testing strategy, deployment steps, and code review notes.",software_engineering,high,9.7,9.3,9.4,9.7,7.9
"Automate deployment for performance profiling covering edge cases including pros and cons. Use real-world examples. Focus on practical applications.  Include architecture choices, security considerations, testing strategy, deployment steps, and code review notes.",software_engineering,high,8.5,9.5,8.0,8.2,7.1
"Compare continuous testing with debugging tips covering edge cases. Suggest best practices. Focus on practical applications.  Include architecture choices, security considerations, testing strategy, deployment steps, and code review notes.",software_engineering,high,9.3,9.1,9.0,9.4,7.0
"Explain fundamentals of inclusive pedagogy for high school students using active learning. Include examples. Explain to a beginner.  Include objectives, prerequisites, activities, assessment criteria, extension tasks, and gamified exercises.",education,high,8.4,9.4,9.4,8.4,7.5
"Write teacher notes about assessment rubrics with learning analytics suggestions aligned to learning outcomes. Include examples. Consider edge cases.  Include objectives, prerequisites, activities, assessment criteria, extension tasks, and gamified exercises.",education,high,9.2,9.6,8.7,8.6,7.2
"Compare pedagogical methods for lesson objectives with classroom examples using adaptive learning. Use real-world examples. Consider edge cases.  Include objectives, prerequisites, activities, assessment criteria, extension tasks, and gamified exercises.",education,high,8.5,8.9,9.2,9.0,8.3
"Optimize copy for SEO landing page copy including influencer mentions including editorial calendar with examples and templates. Suggest best practices. Explain to a beginner.  Provide audience personas, keyword clusters, distribution plan, success KPIs, and visual references.",content_creation,high,9.7,9.3,9.1,8.7,8.3
"Analyze OpenID Connect with code examples including refactoring steps. Suggest best practices. Include examples.  Include architecture choices, security considerations, testing strategy, deployment steps, and code review notes.",software_engineering,high,8.5,9.8,8.9,9.3,8.8
"Audit content for product launch copies for a product launch for a B2B SaaS brand covering multichannel strategy. Explain to a beginner. Provide step-by-step guidance.  Provide audience personas, keyword clusters, distribution plan, success KPIs, and visual references.",content_creation,high,9.3,9.6,9.4,9.5,7.2
"Design Python FastAPI for a production environment with performance considerations. Include examples. Highlight potential pitfalls.  Include architecture choices, security considerations, testing strategy, deployment steps, and code review notes.",software_engineering,high,9.5,8.3,9.3,9.5,7.3
"Assess student performance in flipped classroom models including gamified exercises with competency tracking. Highlight potential pitfalls. Explain to a beginner.  Include objectives, prerequisites, activities, assessment criteria, extension tasks, and gamified exercises.",education,high,8.3,8.8,8.4,9.7,8.9
"Design visual assets for blog topic clusters with storytelling frameworks for a B2B SaaS brand. Consider edge cases. Focus on practical applications.  Provide audience personas, keyword clusters, distribution plan, success KPIs, and visual references.",content_creation,high,9.1,8.6,8.7,9.1,8.5
"Compare approaches to newsletter strategy covering SEO best practices for a B2B SaaS brand with visual references. Use real-world examples. Consider edge cases.  Provide audience personas, keyword clusters, distribution plan, success KPIs, and visual references.",content_creation,high,9.3,9.0,8.2,10.0,8.6
"Draft video scripts about viral hooks with engagement metrics including keyword research for a product launch. Use real-world examples. Consider edge cases.  Provide audience personas, keyword clusters, distribution plan, success KPIs, and visual references.",content_creation,high,9.9,9.0,8.6,8.4,8.6
"Conduct load testing for continuous testing including refactoring steps using real-world scenarios with detailed bug analysis. Use real-world examples. Suggest best practices.  Include architecture choices, security considerations, testing strategy, deployment steps, and code review notes.",software_engineering,high,8.2,9.6,10.0,8.6,8.2
"Draft a unit outline on project rubrics with extension tasks with remediation ideas with competency tracking. Include metrics or KPIs. Provide step-by-step guidance.  Include objectives, prerequisites, activities, assessment criteria, extension tasks, and gamified exercises.",education,high,8.3,9.4,9.7,9.2,8.5
"Design adaptive learning modules for learning analytics for high school students with differentiated activities. Include examples. Use real-world examples.  Include objectives, prerequisites, activities, assessment criteria, extension tasks, and gamified exercises.",education,high,8.6,9.3,9.7,8.4,8.8
"Analyze trends in podcast scripts including keyword research including conversion optimization tips including editorial calendar. Consider edge cases. Provide step-by-step guidance.  Provide audience personas, keyword clusters, distribution plan, success KPIs, and visual references.",content_creation,high,8.1,9.6,8.1,9.4,8.4
"Create assessment quizzes for microlearning with peer evaluation with scaffolding guides with extension tasks. Highlight potential pitfalls. Use real-world examples.  Include objectives, prerequisites, activities, assessment criteria, extension tasks, and gamified exercises.",education,high,8.2,8.0,9.3,9.5,8.1
"Analyze trends in infographic design with audience personas with measurable KPIs with tone and style guidelines. Include metrics or KPIs. Provide step-by-step guidance.  Provide audience personas, keyword clusters, distribution plan, success KPIs, and visual references.",content_creation,high,9.0,8.5,8.7,9.2,7.8
"Produce a podcast episode on storytelling techniques for social and blog formats with measurable KPIs including editorial calendar. Suggest best practices. Use real-world examples.  Provide audience personas, keyword clusters, distribution plan, success KPIs, and visual references.",content_creation,high,9.0,9.0,8.5,9.9,8.9
"Summarize techniques for podcast scripts with interactive elements with measurable KPIs. Consider edge cases. Include examples.  Provide audience personas, keyword clusters, distribution plan, success KPIs, and visual references.",content_creation,high,9.3,8.2,9.4,8.1,8.9
"Develop classroom activities for active learning strategies including real-world examples using active learning. Provide step-by-step guidance. Include examples.  Include objectives, prerequisites, activities, assessment criteria, extension tasks, and gamified exercises.",education,high,9.7,8.7,8.7,8.8,8.5
"Develop email campaigns for SEO content pillars with distribution channels including keyword research including conversion optimization tips. Suggest best practices. Highlight potential pitfalls.  Provide audience personas, keyword clusters, distribution plan, success KPIs, and visual references.",content_creation,high,8.5,8.9,9.8,8.7,8.2
"Draft video scripts about A/B testing headlines with engagement metrics for a product launch with visual references. Suggest best practices. Focus on practical applications.  Provide audience personas, keyword clusters, distribution plan, success KPIs, and visual references.",content_creation,high,9.9,9.5,9.1,9.7,7.4
"Analyze trends in content gap analysis including editorial calendar with interactive elements. Use real-world examples. Consider edge cases.  Provide audience personas, keyword clusters, distribution plan, success KPIs, and visual references.",content_creation,high,8.0,8.5,8.3,9.3,8.5
"Compare continuous testing with code examples including pros and cons. Use real-world examples. Consider edge cases.  Include architecture choices, security considerations, testing strategy, deployment steps, and code review notes.",software_engineering,high,8.5,8.6,8.2,9.9,7.7
"Automate deployment for GraphQL schemas with security audit checklist covering edge cases including refactoring steps. Use real-world examples. Consider edge cases.  Include architecture choices, security considerations, testing strategy, deployment steps, and code review notes.",software_engineering,high,8.1,9.0,9.4,8.1,8.9
"Develop classroom activities for adaptive learning using active learning for a 45-minute session. Use real-world examples. Include examples.  Include objectives, prerequisites, activities, assessment criteria, extension tasks, and gamified exercises.",education,high,8.1,9.4,9.5,8.7,8.8
"Compare serverless architecture for a production environment with CI/CD pipeline setup. Focus on practical applications. Use real-world examples.  Include architecture choices, security considerations, testing strategy, deployment steps, and code review notes.",software_engineering,high,9.2,8.4,8.5,8.1,7.3
"Summarize techniques for storytelling techniques with measurable KPIs for email marketing. Focus on practical applications. Use real-world examples.  Provide audience personas, keyword clusters, distribution plan, success KPIs, and visual references.",content_creation,high,9.5,9.7,9.1,8.5,8.5
"Outline a guide on long-form articles with A/B testing suggestions with interactive elements. Include metrics or KPIs. Provide step-by-step guidance.  Provide audience personas, keyword clusters, distribution plan, success KPIs, and visual references.",content_creation,high,8.9,9.8,9.6,9.2,7.4
"Generate a list of long-form articles for social and blog formats with measurable KPIs. Include metrics or KPIs. Highlight potential pitfalls.  Provide audience personas, keyword clusters, distribution plan, success KPIs, and visual references.",content_creation,high,9.9,8.7,9.2,9.5,8.8
"Analyze React state management with architecture diagrams including deployment steps with CI/CD pipeline setup. Use real-world examples. Highlight potential pitfalls.  Include architecture choices, security considerations, testing strategy, deployment steps, and code review notes.",software_engineering,high,8.8,9.0,9.5,9.7,7.5
"Develop gamified exercises on inclusive pedagogy with competency tracking with microlearning exercises. Highlight potential pitfalls. Include examples.  Include objectives, prerequisites, activities, assessment criteria, extension tasks, and gamified exercises.",education,high,8.2,9.9,8.1,9.5,8.9
"Write unit tests for event-driven systems with diagrams covering security trade-offs with code examples. Highlight potential pitfalls. Suggest best practices.  Include architecture choices, security considerations, testing strategy, deployment steps, and code review notes.",software_engineering,high,8.7,8.2,9.6,8.8,7.2
"Implement TypeScript types with CI/CD pipeline setup including refactoring steps. Highlight potential pitfalls. Provide step-by-step guidance.  Include architecture choices, security considerations, testing strategy, deployment steps, and code review notes.",software_engineering,high,8.9,9.1,8.1,9.2,7.7
"Design a content brief for landing page copy including conversion optimization tips with interactive elements covering SEO best practices. Consider edge cases. Use real-world examples.  Provide audience personas, keyword clusters, distribution plan, success KPIs, and visual references.",content_creation,high,8.4,8.5,9.5,8.7,8.0
"Conduct load testing for unit testing covering edge cases with testing strategies with code examples. Suggest best practices. Use real-world examples.  Include architecture choices, security considerations, testing strategy, deployment steps, and code review notes.",software_engineering,high,9.6,9.1,9.7,8.8,7.5
"Design adaptive learning modules for microlearning using active learning for a 45-minute session. Focus on practical applications. Consider edge cases.  Include objectives, prerequisites, activities, assessment criteria, extension tasks, and gamified exercises.",education,high,9.3,9.5,9.4,9.7,8.1
"Develop email campaigns for tone and style guides with audience personas with measurable KPIs with storytelling frameworks. Include examples. Explain to a beginner.  Provide audience personas, keyword clusters, distribution plan, success KPIs, and visual references.",content_creation,high,9.1,8.2,9.6,9.3,7.6
"Outline a guide on content repurposing with measurable KPIs including keyword research for social and blog formats. Highlight potential pitfalls. Consider edge cases.  Provide audience personas, keyword clusters, distribution plan, success KPIs, and visual references.",content_creation,high,10.0,8.2,9.2,8.2,7.9
"Document serverless architecture with diagrams with code examples. Consider edge cases. Include examples.  Include architecture choices, security considerations, testing strategy, deployment steps, and code review notes.",software_engineering,high,8.0,9.3,8.9,9.1,7.9
"Summarize research on educational psychology including assessment criteria covering collaborative projects using active learning. Explain to a beginner. Focus on practical applications.  Include objectives, prerequisites, activities, assessment criteria, extension tasks, and gamified exercises.",education,high,8.2,9.4,9.1,8.2,8.4
"Conduct load testing for unit testing including pros and cons covering edge cases. Use real-world examples. Focus on practical applications.  Include architecture choices, security considerations, testing strategy, deployment steps, and code review notes.",software_engineering,high,9.1,9.0,9.3,8.3,8.4
"Document database indexing with CI/CD pipeline setup covering security trade-offs. Use real-world examples. Explain to a beginner.  Include architecture choices, security considerations, testing strategy, deployment steps, and code review notes.",software_engineering,high,9.7,9.2,9.9,9.7,8.4
"Draft a content strategy for infographic design including editorial calendar with examples and templates. Consider edge cases. Include examples.  Provide audience personas, keyword clusters, distribution plan, success KPIs, and visual references.",content_creation,high,9.4,8.5,8.4,9.0,9.0
"Develop classroom activities for microlearning with microlearning exercises including real-world examples for a 45-minute session. Use real-world examples. Include examples.  Include objectives, prerequisites, activities, assessment criteria, extension tasks, and gamified exercises.",education,high,8.3,8.5,8.9,8.9,7.9
"Summarize techniques for interactive content with measurable KPIs for email marketing. Suggest best practices. Provide step-by-step guidance.  Provide audience personas, keyword clusters, distribution plan, success KPIs, and visual references.",content_creation,high,9.0,8.1,9.4,9.0,8.3
"Develop email campaigns for storytelling techniques including conversion optimization tips with engagement metrics. Focus on practical applications. Consider edge cases.  Provide audience personas, keyword clusters, distribution plan, success KPIs, and visual references.",content_creation,high,9.4,9.9,8.1,9.7,7.2
"Write educational guides for digital literacy with classroom examples aligned to learning outcomes. Consider edge cases. Include metrics or KPIs.  Include objectives, prerequisites, activities, assessment criteria, extension tasks, and gamified exercises.",education,high,9.1,9.4,8.7,9.6,8.8
"Plan a flipped classroom session on classroom management with competency tracking covering collaborative projects. Suggest best practices. Focus on practical applications.  Include objectives, prerequisites, activities, assessment criteria, extension tasks, and gamified exercises.",education,high,9.6,10.0,9.1,8.4,7.1
"Develop email campaigns for YouTube scripts with tone and style guidelines with examples and templates. Focus on practical applications. Highlight potential pitfalls.  Provide audience personas, keyword clusters, distribution plan, success KPIs, and visual references.",content_creation,high,8.1,8.7,8.4,8.1,7.2
"Document Kubernetes with testing strategies including pros and cons. Include examples. Use real-world examples.  Include architecture choices, security considerations, testing strategy, deployment steps, and code review notes.",software_engineering,high,8.3,8.6,8.7,8.1,7.9
"Create infographics on content repurposing covering SEO best practices with A/B testing suggestions. Consider edge cases. Provide step-by-step guidance.  Provide audience personas, keyword clusters, distribution plan, success KPIs, and visual references.",content_creation,high,9.7,9.7,8.3,9.9,7.9
"Document logging and observability including deployment steps using real-world scenarios. Provide step-by-step guidance. Focus on practical applications.  Include architecture choices, security considerations, testing strategy, deployment steps, and code review notes.",software_engineering,high,8.5,9.7,9.8,9.9,7.7
"Develop classroom activities for instructional design patterns with remediation ideas with differentiated activities using adaptive learning. Include metrics or KPIs. Include examples.  Include objectives, prerequisites, activities, assessment criteria, extension tasks, and gamified exercises.",education,high,8.5,9.7,8.3,9.7,8.9
"Draft a proposal for Node.js with Express including refactoring steps with debugging tips including pros and cons. Suggest best practices. Include metrics or KPIs.  Include architecture choices, security considerations, testing strategy, deployment steps, and code review notes.",software_engineering,high,8.1,8.5,8.4,8.9,8.8
"Explain distributed transactions using real-world scenarios with diagrams with code examples. Highlight potential pitfalls. Explain to a beginner.  Include architecture choices, security considerations, testing strategy, deployment steps, and code review notes.",software_engineering,high,9.7,8.2,9.8,8.2,7.3
"Compare pedagogical methods for collaborative projects for blended learning covering collaborative projects with competency tracking. Consider edge cases. Focus on practical applications.  Include objectives, prerequisites, activities, assessment criteria, extension tasks, and gamified exercises.",education,high,9.4,9.9,8.9,9.0,7.7
"Create infographics on A/B testing headlines with engagement metrics with tone and style guidelines. Provide step-by-step guidance. Highlight potential pitfalls.  Provide audience personas, keyword clusters, distribution plan, success KPIs, and visual references.",content_creation,high,8.8,9.8,9.8,9.8,8.3
"Draft a content strategy for editorial calendars including influencer mentions with examples and templates for social and blog formats. Include metrics or KPIs. Include examples.  Provide audience personas, keyword clusters, distribution plan, success KPIs, and visual references.",content_creation,high,8.2,9.3,9.1,8.6,8.0
"Write social captions about product launch copies with measurable KPIs with audience personas with examples and templates. Explain to a beginner. Consider edge cases.  Provide audience personas, keyword clusters, distribution plan, success KPIs, and visual references.",content_creation,high,9.3,9.1,9.0,9.0,8.8
"Compare approaches to tone and style guides covering multichannel strategy for social and blog formats. Include examples. Provide step-by-step guidance.  Provide audience personas, keyword clusters, distribution plan, success KPIs, and visual references.",content_creation,high,8.6,8.5,9.5,8.2,8.0
"Generate a list of long-form articles with examples and templates with distribution channels. Explain to a beginner. Suggest best practices.  Provide audience personas, keyword clusters, distribution plan, success KPIs, and visual references.",content_creation,high,9.1,8.7,8.5,8.6,7.1
"Draft a content strategy for product launch copies with interactive elements including keyword research covering SEO best practices. Consider edge cases. Highlight potential pitfalls.  Provide audience personas, keyword clusters, distribution plan, success KPIs, and visual references.",content_creation,high,9.3,8.8,9.6,8.7,8.6
"Conduct load testing for end-to-end testing covering security trade-offs for a production environment. Suggest best practices. Include examples.  Include architecture choices, security considerations, testing strategy, deployment steps, and code review notes.",software_engineering,high,9.3,9.7,9.8,9.5,7.4
"Debug React state management with security audit checklist with diagrams. Suggest best practices. Include metrics or KPIs.  Include architecture choices, security considerations, testing strategy, deployment steps, and code review notes.",software_engineering,high,8.2,9.6,8.7,9.9,7.3
"Design adaptive learning modules for flipped classroom models for a 45-minute session with scaffolding guides using active learning. Focus on practical applications. Use real-world examples.  Include objectives, prerequisites, activities, assessment criteria, extension tasks, and gamified exercises.",education,high,8.4,8.7,8.8,8.6,8.5
"Create assessment quizzes for lesson objectives with peer evaluation with differentiated activities with competency tracking. Explain to a beginner. Highlight potential pitfalls.  Include objectives, prerequisites, activities, assessment criteria, extension tasks, and gamified exercises.",education,high,9.6,8.4,9.9,8.0,7.0
"Configure CI/CD for database indexing including alternative implementations with architecture diagrams. Highlight potential pitfalls. Suggest best practices.  Include architecture choices, security considerations, testing strategy, deployment steps, and code review notes.",software_engineering,high,8.6,9.8,8.0,8.6,8.1
"Plan a flipped classroom session on collaborative projects with competency tracking with differentiated activities for a 45-minute session. Provide step-by-step guidance. Include metrics or KPIs.  Include objectives, prerequisites, activities, assessment criteria, extension tasks, and gamified exercises.",education,high,9.0,8.5,9.4,8.7,8.4
"Design Node.js with Express including alternative implementations including refactoring steps. Consider edge cases. Provide step-by-step guidance.  Include architecture choices, security considerations, testing strategy, deployment steps, and code review notes.",software_engineering,high,8.9,9.9,9.9,9.5,8.6
"Automate deployment for memory leaks with diagrams with debugging tips. Focus on practical applications. Highlight potential pitfalls.  Include architecture choices, security considerations, testing strategy, deployment steps, and code review notes.",software_engineering,high,9.9,8.1,8.8,9.2,7.8
"Conduct load testing for distributed transactions with code examples step by step. Focus on practical applications. Provide step-by-step guidance.  Include architecture choices, security considerations, testing strategy, deployment steps, and code review notes.",software_engineering,high,8.4,8.5,9.0,8.1,7.4
"Draft video scripts about A/B testing headlines including influencer mentions with engagement metrics. Use real-world examples. Explain to a beginner.  Provide audience personas, keyword clusters, distribution plan, success KPIs, and visual references.",content_creation,high,8.7,9.4,9.6,8.3,7.3
"Draft a unit outline on curriculum mapping using active learning including gamified exercises. Suggest best practices. Include examples.  Include objectives, prerequisites, activities, assessment criteria, extension tasks, and gamified exercises.",education,high,9.1,8.6,9.8,9.5,8.2
"Outline a guide on visual storytelling including editorial calendar covering multichannel strategy. Explain to a beginner. Suggest best practices.  Provide audience personas, keyword clusters, distribution plan, success KPIs, and visual references.",content_creation,high,9.3,8.3,8.8,9.3,7.2
"Configure CI/CD for REST APIs with debugging tips with security audit checklist. Explain to a beginner. Use real-world examples.  Include architecture choices, security considerations, testing strategy, deployment steps, and code review notes.",software_engineering,high,8.8,8.0,9.9,8.6,7.2
"Review code for Kubernetes including pros and cons covering security trade-offs including deployment steps. Consider edge cases. Explain to a beginner.  Include architecture choices, security considerations, testing strategy, deployment steps, and code review notes.",software_engineering,high,9.7,8.2,9.1,8.5,7.8
"Refactor OAuth 2.0 including pros and cons with code examples using real-world scenarios. Include metrics or KPIs. Highlight potential pitfalls.  Include architecture choices, security considerations, testing strategy, deployment steps, and code review notes.",software_engineering,high,8.7,9.7,8.2,9.2,7.2
"Configure CI/CD for load testing covering security trade-offs with architecture diagrams. Provide step-by-step guidance. Suggest best practices.  Include architecture choices, security considerations, testing strategy, deployment steps, and code review notes.",software_engineering,high,8.7,8.7,8.0,9.4,8.1
"Design a rubric for formative assessment using active learning including assessment criteria. Consider edge cases. Focus on practical applications.  Include objectives, prerequisites, activities, assessment criteria, extension tasks, and gamified exercises.",education,high,9.1,9.0,9.5,9.8,8.3
"Conduct load testing for Python FastAPI with performance considerations for a production environment with testing strategies. Include metrics or KPIs. Use real-world examples.  Include architecture choices, security considerations, testing strategy, deployment steps, and code review notes.",software_engineering,high,8.8,8.5,8.5,9.1,7.7
"Create an editorial plan for email drip campaigns with storytelling frameworks with tone and style guidelines with A/B testing suggestions. Suggest best practices. Explain to a beginner.  Provide audience personas, keyword clusters, distribution plan, success KPIs, and visual references.",content_creation,high,9.1,8.8,9.8,9.7,8.2
"Summarize best practices for database indexing step by step with architecture diagrams including refactoring steps. Suggest best practices. Focus on practical applications.  Include architecture choices, security considerations, testing strategy, deployment steps, and code review notes.",software_engineering,high,9.8,8.0,9.6,8.2,8.5
"Develop collaborative projects for collaborative projects with microlearning exercises using active learning. Include examples. Focus on practical applications.  Include objectives, prerequisites, activities, assessment criteria, extension tasks, and gamified exercises.",education,high,9.9,8.8,9.3,8.6,7.4
"Develop collaborative projects for instructional design patterns with peer evaluation including gamified exercises including real-world examples. Highlight potential pitfalls. Include metrics or KPIs.  Include objectives, prerequisites, activities, assessment criteria, extension tasks, and gamified exercises.",education,high,8.9,8.3,8.9,8.1,8.1
"Assess security for OpenID Connect including pros and cons with code review notes with security audit checklist. Consider edge cases. Include examples.  Include architecture choices, security considerations, testing strategy, deployment steps, and code review notes.",software_engineering,high,9.4,8.7,9.8,9.8,8.6
"Compare approaches to brand messaging for email marketing covering SEO best practices including keyword research. Use real-world examples. Explain to a beginner.  Provide audience personas, keyword clusters, distribution plan, success KPIs, and visual references.",content_creation,high,8.4,8.5,9.4,9.6,8.9
"Produce a podcast episode on brand messaging for social and blog formats covering multichannel strategy with engagement metrics. Include metrics or KPIs. Include examples.  Provide audience personas, keyword clusters, distribution plan, success KPIs, and visual references.",content_creation,high,9.4,8.8,9.4,9.4,7.5
"Plan a flipped classroom session on classroom management including gamified exercises with differentiated activities. Suggest best practices. Consider edge cases.  Include objectives, prerequisites, activities, assessment criteria, extension tasks, and gamified exercises.",education,high,8.7,8.5,9.2,8.3,8.8
"Create infographics on customer journey mapping with examples and templates with A/B testing suggestions. Provide step-by-step guidance. Consider edge cases.  Provide audience personas, keyword clusters, distribution plan, success KPIs, and visual references.",content_creation,high,8.1,8.4,9.2,9.7,7.4
"Evaluate architecture of continuous testing including alternative implementations including deployment steps. Include examples. Highlight potential pitfalls.  Include architecture choices, security considerations, testing strategy, deployment steps, and code review notes.",software_engineering,high,9.3,9.6,9.3,9.5,8.9
"Create scaffolding materials for adaptive learning with peer evaluation including assessment criteria. Consider edge cases. Focus on practical applications.  Include objectives, prerequisites, activities, assessment criteria, extension tasks, and gamified exercises.",education,high,9.7,9.4,8.3,9.2,7.6
"Analyze trends in email drip campaigns including conversion optimization tips including influencer mentions. Suggest best practices. Use real-world examples.  Provide audience personas, keyword clusters, distribution plan, success KPIs, and visual references.",content_creation,high,8.7,8.3,9.0,8.3,7.4
"Analyze feature toggles with code review notes step by step with debugging tips. Use real-world examples. Explain to a beginner.  Include architecture choices, security considerations, testing strategy, deployment steps, and code review notes.",software_engineering,high,8.5,8.6,8.2,9.9,8.3
"Write teacher notes about learning path design with competency tracking including real-world examples. Include metrics or KPIs. Provide step-by-step guidance.  Include objectives, prerequisites, activities, assessment criteria, extension tasks, and gamified exercises.",education,high,10.0,8.9,8.9,9.4,7.9
"Plan a webinar on podcast scripts with engagement metrics including keyword research. Explain to a beginner. Include examples.  Provide audience personas, keyword clusters, distribution plan, success KPIs, and visual references.",content_creation,high,8.3,8.3,9.2,9.2,7.9
"Develop email campaigns for conversion copywriting covering multichannel strategy including editorial calendar. Explain to a beginner. Provide step-by-step guidance.  Provide audience personas, keyword clusters, distribution plan, success KPIs, and visual references.",content_creation,high,8.1,8.2,8.2,9.0,8.6
"Optimize copy for SEO social media hooks including conversion optimization tips for a B2B SaaS brand with A/B testing suggestions. Focus on practical applications. Highlight potential pitfalls.  Provide audience personas, keyword clusters, distribution plan, success KPIs, and visual references.",content_creation,high,8.7,8.7,9.4,9.5,7.0
"Facilitate peer review for inclusive pedagogy for a 45-minute session for high school students. Include examples. Use real-world examples.  Include objectives, prerequisites, activities, assessment criteria, extension tasks, and gamified exercises.",education,high,8.1,8.6,9.5,9.8,7.2
"Design adaptive learning modules for formative assessment with extension tasks including real-world examples. Consider edge cases. Explain to a beginner.  Include objectives, prerequisites, activities, assessment criteria, extension tasks, and gamified exercises.",education,high,9.8,8.7,8.2,8.4,7.5
"Plan a flipped classroom session on student engagement metrics for blended learning with scaffolding guides with competency tracking. Consider edge cases. Suggest best practices.  Include objectives, prerequisites, activities, assessment criteria, extension tasks, and gamified exercises.",education,high,9.6,8.4,8.5,8.2,9.0
"Analyze Python FastAPI with security audit checklist with performance considerations. Include examples. Highlight potential pitfalls.  Include architecture choices, security considerations, testing strategy, deployment steps, and code review notes.",software_engineering,high,9.5,9.5,8.2,8.5,8.6
"Draft a proposal for end-to-end testing using real-world scenarios with performance benchmarks. Provide step-by-step guidance. Include metrics or KPIs.  Include architecture choices, security considerations, testing strategy, deployment steps, and code review notes.",software_engineering,high,9.1,8.2,8.7,9.4,7.7
"Analyze distributed transactions including deployment steps for a production environment. Suggest best practices. Focus on practical applications.  Include architecture choices, security considerations, testing strategy, deployment steps, and code review notes.",software_engineering,high,10.0,9.5,9.0,8.9,8.1
"Create a tutorial on GraphQL schemas with CI/CD pipeline setup with performance benchmarks including alternative implementations. Include examples. Consider edge cases.  Include architecture choices, security considerations, testing strategy, deployment steps, and code review notes.",software_engineering,high,8.6,8.5,8.9,8.7,8.7
"Create assessment quizzes for lesson objectives including real-world examples with learning analytics suggestions for high school students. Consider edge cases. Focus on practical applications.  Include objectives, prerequisites, activities, assessment criteria, extension tasks, and gamified exercises.",education,high,9.5,8.5,8.2,9.7,8.3
"Create a lesson plan on adaptive learning covering collaborative projects for high school students. Include examples. Focus on practical applications.  Include objectives, prerequisites, activities, assessment criteria, extension tasks, and gamified exercises.",education,high,8.4,8.6,8.6,9.1,8.5
"Create a tutorial on serverless architecture including refactoring steps using real-world scenarios for a production environment. Focus on practical applications. Include examples.  Include architecture choices, security considerations, testing strategy, deployment steps, and code review notes.",software_engineering,high,8.8,8.2,8.8,8.0,8.6
"Assess security for OAuth 2.0 with detailed bug analysis covering edge cases. Consider edge cases. Focus on practical applications.  Include architecture choices, security considerations, testing strategy, deployment steps, and code review notes.",software_engineering,high,8.2,8.9,9.4,9.4,8.6
"Create scaffolding materials for instructional design patterns using adaptive learning using active learning with competency tracking. Highlight potential pitfalls. Provide step-by-step guidance.  Include objectives, prerequisites, activities, assessment criteria, extension tasks, and gamified exercises.",education,high,8.0,9.3,9.6,9.3,7.4
"Develop email campaigns for landing page copy covering SEO best practices including editorial calendar for a B2B SaaS brand. Highlight potential pitfalls. Include examples.  Provide audience personas, keyword clusters, distribution plan, success KPIs, and visual references.",content_creation,high,9.5,8.6,8.5,9.9,8.2
"Write social captions about YouTube scripts with interactive elements with A/B testing suggestions with engagement metrics. Include metrics or KPIs. Provide step-by-step guidance.  Provide audience personas, keyword clusters, distribution plan, success KPIs, and visual references.",content_creation,high,9.8,9.3,9.9,9.3,7.9
"Write case studies on email drip campaigns covering SEO best practices with distribution channels with tone and style guidelines. Use real-world examples. Highlight potential pitfalls.  Provide audience personas, keyword clusters, distribution plan, success KPIs, and visual references.",content_creation,high,8.6,8.4,9.3,8.7,8.1
"Create a lesson plan on adaptive learning with learning analytics suggestions including gamified exercises with differentiated activities. Explain to a beginner. Provide step-by-step guidance.  Include objectives, prerequisites, activities, assessment criteria, extension tasks, and gamified exercises.",education,high,8.3,9.3,9.0,8.0,8.5
"Analyze memory leaks with diagrams with testing strategies. Include examples. Use real-world examples.  Include architecture choices, security considerations, testing strategy, deployment steps, and code review notes.",software_engineering,high,9.7,9.4,8.6,9.1,8.3
"Develop email campaigns for newsletter strategy with A/B testing suggestions with examples and templates. Provide step-by-step guidance. Suggest best practices.  Provide audience personas, keyword clusters, distribution plan, success KPIs, and visual references.",content_creation,high,9.7,8.8,8.9,9.6,8.7
"Analyze outcomes of digital literacy with learning analytics suggestions with remediation ideas with microlearning exercises. Provide step-by-step guidance. Focus on practical applications.  Include objectives, prerequisites, activities, assessment criteria, extension tasks, and gamified exercises.",education,high,8.0,9.4,9.3,9.2,8.7
"Explain fundamentals of STEM integration including gamified exercises with scaffolding guides. Suggest best practices. Highlight potential pitfalls.  Include objectives, prerequisites, activities, assessment criteria, extension tasks, and gamified exercises.",education,high,9.8,8.6,8.2,8.9,8.0
"Assess security for unit testing for a production environment with testing strategies. Include examples. Consider edge cases.  Include architecture choices, security considerations, testing strategy, deployment steps, and code review notes.",software_engineering,high,8.1,8.4,8.4,9.0,8.9
"Create interactive quizzes for thought leadership posts with engagement metrics including editorial calendar with storytelling frameworks. Include metrics or KPIs. Highlight potential pitfalls.  Provide audience personas, keyword clusters, distribution plan, success KPIs, and visual references.",content_creation,high,8.9,9.9,9.6,8.2,7.1
"Create infographics on landing page copy including editorial calendar for a product launch with examples and templates. Include examples. Suggest best practices.  Provide audience personas, keyword clusters, distribution plan, success KPIs, and visual references.",content_creation,high,8.4,8.9,9.8,8.0,7.5
"Conduct load testing for logging and observability with debugging tips for a production environment. Provide step-by-step guidance. Highlight potential pitfalls.  Include architecture choices, security considerations, testing strategy, deployment steps, and code review notes.",software_engineering,high,8.3,9.2,8.1,8.4,8.8
"Create interactive quizzes for editorial calendars with engagement metrics with examples and templates. Highlight potential pitfalls. Suggest best practices.  Provide audience personas, keyword clusters, distribution plan, success KPIs, and visual references.",content_creation,high,9.3,9.8,9.9,8.3,7.7
"Create scaffolding materials for differentiated instruction for blended learning with scaffolding guides. Highlight potential pitfalls. Include metrics or KPIs.  Include objectives, prerequisites, activities, assessment criteria, extension tasks, and gamified exercises.",education,high,8.3,9.0,9.6,8.7,7.9
"Draft video scripts about content repurposing with interactive elements with visual references. Focus on practical applications. Consider edge cases.  Provide audience personas, keyword clusters, distribution plan, success KPIs, and visual references.",content_creation,high,8.3,9.9,9.7,8.3,7.9
"Write a blog post about keyword clustering with audience personas including influencer mentions covering multichannel strategy. Use real-world examples. Focus on practical applications.  Provide audience personas, keyword clusters, distribution plan, success KPIs, and visual references.",content_creation,high,8.3,8.9,8.7,8.8,7.1
"Create assessment quizzes for assessment rubrics including assessment criteria including gamified exercises. Highlight potential pitfalls. Explain to a beginner.  Include objectives, prerequisites, activities, assessment criteria, extension tasks, and gamified exercises.",education,high,8.2,8.6,8.9,9.2,8.6
"Write teacher notes about instructional design patterns with extension tasks with classroom examples. Highlight potential pitfalls. Suggest best practices.  Include objectives, prerequisites, activities, assessment criteria, extension tasks, and gamified exercises.",education,high,9.4,8.6,9.8,8.6,8.9
"Configure CI/CD for unit testing with debugging tips with code review notes with performance benchmarks. Consider edge cases. Include metrics or KPIs.  Include architecture choices, security considerations, testing strategy, deployment steps, and code review notes.",software_engineering,high,8.3,8.1,8.4,8.5,8.1
"Write case studies on email drip campaigns including influencer mentions with A/B testing suggestions. Focus on practical applications. Use real-world examples.  Provide audience personas, keyword clusters, distribution plan, success KPIs, and visual references.",content_creation,high,8.0,9.5,8.8,8.1,8.8
"Facilitate peer review for active learning strategies including gamified exercises including assessment criteria. Explain to a beginner. Suggest best practices.  Include objectives, prerequisites, activities, assessment criteria, extension tasks, and gamified exercises.",education,high,8.9,9.5,8.2,9.8,7.3
"Explain OpenID Connect with CI/CD pipeline setup with code examples. Highlight potential pitfalls. Include metrics or KPIs.  Include architecture choices, security considerations, testing strategy, deployment steps, and code review notes.",software_engineering,high,10.0,8.9,9.5,8.8,7.9
"Develop email campaigns for interactive content including editorial calendar with A/B testing suggestions with audience personas. Suggest best practices. Consider edge cases.  Provide audience personas, keyword clusters, distribution plan, success KPIs, and visual references.",content_creation,high,8.7,8.3,8.4,8.5,8.3
"Analyze trends in case study frameworks with tone and style guidelines with A/B testing suggestions for a B2B SaaS brand. Highlight potential pitfalls. Use real-world examples.  Provide audience personas, keyword clusters, distribution plan, success KPIs, and visual references.",content_creation,high,8.9,8.5,10.0,8.1,8.7
"Write social captions about social media hooks with audience personas with examples and templates. Explain to a beginner. Provide step-by-step guidance.  Provide audience personas, keyword clusters, distribution plan, success KPIs, and visual references.",content_creation,high,9.1,9.5,8.1,8.7,7.1
"Create a lesson plan on STEM integration for blended learning with classroom examples using adaptive learning. Include metrics or KPIs. Focus on practical applications.  Include objectives, prerequisites, activities, assessment criteria, extension tasks, and gamified exercises.",education,high,8.3,9.8,9.1,9.8,7.9
"Design a content brief for brand voice guidelines covering SEO best practices including influencer mentions with measurable KPIs. Suggest best practices. Provide step-by-step guidance.  Provide audience personas, keyword clusters, distribution plan, success KPIs, and visual references.",content_creation,high,8.6,9.1,9.3,8.0,7.9
"Write case studies on podcast scripts with A/B testing suggestions with engagement metrics for a product launch. Consider edge cases. Suggest best practices.  Provide audience personas, keyword clusters, distribution plan, success KPIs, and visual references.",content_creation,high,8.9,8.7,8.5,8.1,7.9
"Summarize best practices for unit testing with diagrams with testing strategies. Explain to a beginner. Include examples.  Include architecture choices, security considerations, testing strategy, deployment steps, and code review notes.",software_engineering,high,8.9,9.6,8.5,9.9,8.4
"Summarize techniques for case study frameworks with A/B testing suggestions including influencer mentions with measurable KPIs. Highlight potential pitfalls. Provide step-by-step guidance.  Provide audience personas, keyword clusters, distribution plan, success KPIs, and visual references.",content_creation,high,9.1,8.2,9.6,9.7,7.3
"Plan a migration for event-driven systems with diagrams with performance considerations with architecture diagrams. Use real-world examples. Include examples.  Include architecture choices, security considerations, testing strategy, deployment steps, and code review notes.",software_engineering,high,9.2,9.6,8.9,8.6,8.0
"Create assessment quizzes for competency frameworks for high school students covering collaborative projects for a 45-minute session. Provide step-by-step guidance. Suggest best practices.  Include objectives, prerequisites, activities, assessment criteria, extension tasks, and gamified exercises.",education,high,9.8,8.0,9.8,8.3,7.6
"Assess security for refactoring legacy code with CI/CD pipeline setup including alternative implementations with performance benchmarks. Focus on practical applications. Use real-world examples.  Include architecture choices, security considerations, testing strategy, deployment steps, and code review notes.",software_engineering,high,8.6,8.6,8.6,8.2,8.6
"Implement OpenID Connect including alternative implementations including pros and cons with diagrams. Highlight potential pitfalls. Suggest best practices.  Include architecture choices, security considerations, testing strategy, deployment steps, and code review notes.",software_engineering,high,8.6,9.0,9.6,8.9,7.3
"Write unit tests for logging and observability step by step using real-world scenarios. Highlight potential pitfalls. Include metrics or KPIs.  Include architecture choices, security considerations, testing strategy, deployment steps, and code review notes.",software_engineering,high,9.2,9.7,10.0,8.8,7.5
"Assess security for static code analysis with detailed bug analysis with code review notes. Highlight potential pitfalls. Suggest best practices.  Include architecture choices, security considerations, testing strategy, deployment steps, and code review notes.",software_engineering,high,9.3,9.7,8.8,8.4,7.3
"Design a content brief for A/B testing headlines with tone and style guidelines with examples and templates. Include examples. Consider edge cases.  Provide audience personas, keyword clusters, distribution plan, success KPIs, and visual references.",content_creation,high,8.6,9.5,9.6,9.4,8.2
"Design OAuth 2.0 with detailed bug analysis covering edge cases. Provide step-by-step guidance. Use real-world examples.  Include architecture choices, security considerations, testing strategy, deployment steps, and code review notes.",software_engineering,high,8.2,8.6,8.3,8.1,7.0
"Fix bugs in performance profiling with performance benchmarks step by step with diagrams. Consider edge cases. Explain to a beginner.  Include architecture choices, security considerations, testing strategy, deployment steps, and code review notes.",software_engineering,high,8.6,8.6,8.6,9.8,8.4
"Generate a list of editorial calendars for a B2B SaaS brand with distribution channels. Provide step-by-step guidance. Highlight potential pitfalls.  Provide audience personas, keyword clusters, distribution plan, success KPIs, and visual references.",content_creation,high,8.0,8.6,9.7,8.5,7.1
"Investigate memory leaks in Node.js with Express covering edge cases with detailed bug analysis covering security trade-offs. Include examples. Explain to a beginner.  Include architecture choices, security considerations, testing strategy, deployment steps, and code review notes.",software_engineering,high,9.1,8.3,8.6,8.8,8.9
"Facilitate peer review for competency frameworks aligned to learning outcomes with scaffolding guides. Suggest best practices. Provide step-by-step guidance.  Include objectives, prerequisites, activities, assessment criteria, extension tasks, and gamified exercises.",education,high,8.8,9.6,8.3,8.1,8.0
"Create scaffolding materials for edtech tools including assessment criteria for blended learning for a 45-minute session. Focus on practical applications. Use real-world examples.  Include objectives, prerequisites, activities, assessment criteria, extension tasks, and gamified exercises.",education,high,8.1,8.3,9.7,9.6,7.8
"Automate deployment for incident response with diagrams with CI/CD pipeline setup including alternative implementations. Provide step-by-step guidance. Include metrics or KPIs.  Include architecture choices, security considerations, testing strategy, deployment steps, and code review notes.",software_engineering,high,9.6,8.6,9.8,9.4,7.3
"Write a blog post about case study frameworks with examples and templates with interactive elements. Suggest best practices. Include examples.  Provide audience personas, keyword clusters, distribution plan, success KPIs, and visual references.",content_creation,high,8.0,10.0,9.8,9.6,7.5
"Write unit tests for incident response with architecture diagrams with code examples including pros and cons. Explain to a beginner. Consider edge cases.  Include architecture choices, security considerations, testing strategy, deployment steps, and code review notes.",software_engineering,high,8.8,9.6,8.4,9.9,7.7
"Explain fundamentals of adaptive learning including assessment criteria for a 45-minute session covering collaborative projects. Suggest best practices. Explain to a beginner.  Include objectives, prerequisites, activities, assessment criteria, extension tasks, and gamified exercises.",education,high,9.0,9.0,9.4,8.7,9.0
"Design microlearning modules on classroom management including real-world examples for high school students with extension tasks. Include examples. Explain to a beginner.  Include objectives, prerequisites, activities, assessment criteria, extension tasks, and gamified exercises.",education,high,8.7,8.3,9.4,8.0,7.4
"Write unit tests for Docker containers with debugging tips with diagrams. Highlight potential pitfalls. Consider edge cases.  Include architecture choices, security considerations, testing strategy, deployment steps, and code review notes.",software_engineering,high,9.4,9.0,8.8,8.4,8.5
"Develop gamified exercises on Bloom’s taxonomy with extension tasks with scaffolding guides. Explain to a beginner. Include metrics or KPIs.  Include objectives, prerequisites, activities, assessment criteria, extension tasks, and gamified exercises.",education,high,8.5,9.2,9.4,8.5,8.3
"Conduct load testing for code reviews covering security trade-offs with security audit checklist including pros and cons. Provide step-by-step guidance. Include metrics or KPIs.  Include architecture choices, security considerations, testing strategy, deployment steps, and code review notes.",software_engineering,high,9.6,9.5,9.2,9.5,7.8
"Map a curriculum for learning analytics including real-world examples with microlearning exercises. Explain to a beginner. Use real-world examples.  Include objectives, prerequisites, activities, assessment criteria, extension tasks, and gamified exercises.",education,high,9.9,9.3,8.1,8.6,7.0
"Summarize research on critical thinking exercises for high school students with extension tasks including gamified exercises. Provide step-by-step guidance. Highlight potential pitfalls.  Include objectives, prerequisites, activities, assessment criteria, extension tasks, and gamified exercises.",education,high,8.4,9.8,8.3,9.2,7.9
"Evaluate architecture of memory leaks covering security trade-offs with code examples with performance considerations. Explain to a beginner. Consider edge cases.  Include architecture choices, security considerations, testing strategy, deployment steps, and code review notes.",software_engineering,high,8.4,8.3,10.0,8.5,8.9
"Outline a guide on content gap analysis with distribution channels with measurable KPIs for a product launch. Provide step-by-step guidance. Suggest best practices.  Provide audience personas, keyword clusters, distribution plan, success KPIs, and visual references.",content_creation,high,8.9,9.0,8.8,9.6,8.3
"Draft a content strategy for customer journey mapping including conversion optimization tips with distribution channels with visual references. Explain to a beginner. Highlight potential pitfalls.  Provide audience personas, keyword clusters, distribution plan, success KPIs, and visual references.",content_creation,high,8.9,9.8,8.9,8.4,8.6
"Configure CI/CD for dependency injection with architecture diagrams including refactoring steps including alternative implementations. Suggest best practices. Include metrics or KPIs.  Include architecture choices, security considerations, testing strategy, deployment steps, and code review notes.",software_engineering,high,8.9,9.6,8.3,9.9,8.0
"Optimize copy for SEO blog topic clusters including editorial calendar with audience personas. Focus on practical applications. Include examples.  Provide audience personas, keyword clusters, distribution plan, success KPIs, and visual references.",content_creation,high,8.8,9.7,8.0,9.3,8.8
"Evaluate architecture of event-driven systems covering edge cases covering security trade-offs with code examples. Use real-world examples. Provide step-by-step guidance.  Include architecture choices, security considerations, testing strategy, deployment steps, and code review notes.",software_engineering,high,8.7,8.1,8.2,8.9,7.6
"Develop gamified exercises on project-based learning including formative checks with classroom examples. Include metrics or KPIs. Suggest best practices.  Include objectives, prerequisites, activities, assessment criteria, extension tasks, and gamified exercises.",education,high,8.1,9.4,9.3,8.7,8.2
"Produce a podcast episode on YouTube scripts including editorial calendar for a product launch covering SEO best practices. Use real-world examples. Explain to a beginner.  Provide audience personas, keyword clusters, distribution plan, success KPIs, and visual references.",content_creation,high,8.7,10.0,9.6,9.1,7.2
"Automate deployment for memory leaks covering edge cases for a production environment with code review notes. Focus on practical applications. Provide step-by-step guidance.  Include architecture choices, security considerations, testing strategy, deployment steps, and code review notes.",software_engineering,high,9.7,9.6,9.7,8.4,7.2
"Configure CI/CD for Docker containers with detailed bug analysis including refactoring steps covering edge cases. Focus on practical applications. Suggest best practices.  Include architecture choices, security considerations, testing strategy, deployment steps, and code review notes.",software_engineering,high,8.3,8.5,8.4,8.3,7.3
"Debug clean architecture with testing strategies with code examples. Focus on practical applications. Include metrics or KPIs.  Include architecture choices, security considerations, testing strategy, deployment steps, and code review notes.",software_engineering,high,9.3,8.2,9.9,8.4,7.2
"Design visual assets for brand messaging with tone and style guidelines covering multichannel strategy. Include examples. Suggest best practices.  Provide audience personas, keyword clusters, distribution plan, success KPIs, and visual references.",content_creation,high,9.9,9.8,9.5,8.5,7.5
"Explain performance profiling with performance considerations step by step. Focus on practical applications. Include metrics or KPIs.  Include architecture choices, security considerations, testing strategy, deployment steps, and code review notes.",software_engineering,high,8.2,9.6,8.8,8.5,8.1
"Write social captions about storytelling techniques with interactive elements with storytelling frameworks. Use real-world examples. Explain to a beginner.  Provide audience personas, keyword clusters, distribution plan, success KPIs, and visual references.",content_creation,high,9.4,8.4,9.6,8.3,8.7
"Facilitate peer review for active learning strategies including assessment criteria using active learning. Highlight potential pitfalls. Explain to a beginner.  Include objectives, prerequisites, activities, assessment criteria, extension tasks, and gamified exercises.",education,high,9.7,9.3,9.2,8.2,7.7
"Optimize copy for SEO conversion copywriting with interactive elements including editorial calendar for a product launch. Provide step-by-step guidance. Focus on practical applications.  Provide audience personas, keyword clusters, distribution plan, success KPIs, and visual references.",content_creation,high,9.2,10.0,8.1,8.8,8.0
"Create assessment quizzes for blended learning with microlearning exercises for blended learning. Provide step-by-step guidance. Consider edge cases.  Include objectives, prerequisites, activities, assessment criteria, extension tasks, and gamified exercises.",education,high,9.8,9.8,9.8,8.6,7.3
"Explain fundamentals of inclusive pedagogy using adaptive learning with classroom examples. Explain to a beginner. Consider edge cases.  Include objectives, prerequisites, activities, assessment criteria, extension tasks, and gamified exercises.",education,high,8.9,8.9,9.1,9.8,8.3
"Assess student performance in edtech tools including assessment criteria with differentiated activities with extension tasks. Include metrics or KPIs. Consider edge cases.  Include objectives, prerequisites, activities, assessment criteria, extension tasks, and gamified exercises.",education,high,10.0,9.2,8.1,9.4,8.2
"Review code for microservices with diagrams using real-world scenarios. Consider edge cases. Include metrics or KPIs.  Include architecture choices, security considerations, testing strategy, deployment steps, and code review notes.",software_engineering,high,9.0,8.3,9.6,9.0,8.2
"Plan a migration for TypeScript types for a production environment including alternative implementations. Include examples. Use real-world examples.  Include architecture choices, security considerations, testing strategy, deployment steps, and code review notes.",software_engineering,high,8.1,9.9,10.0,8.5,8.3
"Develop a full-stack to-do list application using React for the frontend, Node.js with Express for the backend, and PostgreSQL as the database. Implement user authentication via email and password. Key features should include creating, editing, deleting, and marking tasks as complete, along with setting due dates and categorizing tasks. The application should have a responsive design and be deployable via Docker.",software_engineering,high,9.2,9.5,9.3,9.6,9.4
"Create a comprehensive machine learning pipeline for customer churn prediction using Python, scikit-learn, and XGBoost. Include data preprocessing for categorical and numerical features, feature engineering, model training with cross-validation, hyperparameter tuning using GridSearchCV, and performance evaluation with precision-recall curves and confusion matrices. Deploy the best model as a REST API using FastAPI.",software_engineering,high,9.4,9.6,9.5,9.7,9.3
"Design and implement a real-time chat application using React, Socket.io, and Node.js with MongoDB for message persistence. Features should include user registration, private messaging, group chats, message history, online status indicators, and file sharing. Implement end-to-end encryption for all messages and deploy using Kubernetes.",software_engineering,high,9.5,9.3,9.6,9.4,9.7
"Build a microservices architecture for an e-commerce platform with separate services for user management, product catalog, shopping cart, order processing, and payment handling. Use Spring Boot for Java services, implement service discovery with Eureka, API gateway with Spring Cloud Gateway, and ensure data consistency with Saga pattern.",software_engineering,high,9.6,9.7,9.4,9.5,9.8
"Develop a comprehensive data visualization dashboard using D3.js and React that displays real-time stock market data. Include interactive charts for price movements, volume analysis, technical indicators (RSI, MACD), and correlation matrices. Implement WebSocket connections for live data updates and user-customizable watchlists.",software_engineering,high,9.3,9.5,9.7,9.4,9.6
"Create a mobile application using React Native for a fitness tracking platform. Features should include workout logging, progress tracking, social features for sharing achievements, integration with health APIs (Apple HealthKit, Google Fit), personalized workout recommendations using machine learning, and offline functionality.",software_engineering,high,9.4,9.6,9.3,9.7,9.5
"Implement a blockchain-based voting system using Ethereum smart contracts. Features should include voter registration, anonymous voting, real-time result tallying, and transparent audit trails. Develop a React frontend for voter interface and an admin dashboard for election management.",software_engineering,high,9.7,9.4,9.8,9.6,9.5
"Design a scalable video streaming service similar to YouTube using AWS services. Implement video upload and processing with AWS Lambda, storage with S3, content delivery with CloudFront, transcoding with MediaConvert, and user management with Cognito. Include features for comments, likes, and recommendations.",software_engineering,high,9.5,9.7,9.6,9.8,9.4
"Build a comprehensive project management tool with React, TypeScript, and NestJS. Features should include task boards (Kanban), Gantt charts, time tracking, team collaboration, document sharing, and automated reporting. Implement real-time updates using WebSockets and role-based access control.",software_engineering,high,9.6,9.4,9.7,9.5,9.8
"Develop an AI-powered code review assistant that analyzes pull requests using machine learning. Integrate with GitHub API, use natural language processing to understand code context, and provide suggestions for improvements, bug detection, and security vulnerabilities. Implement as a GitHub App using Node.js.",software_engineering,high,9.8,9.6,9.7,9.9,9.5
"Create a multi-tenant SaaS application for CRM using Angular, .NET Core, and SQL Server. Implement tenant isolation at database level, include features for lead management, sales pipeline tracking, email integration, and automated reporting. Support white-labeling and custom workflows.",software_engineering,high,9.4,9.7,9.5,9.6,9.3
"Build a real-time collaborative document editor similar to Google Docs using operational transformation. Use React for the frontend, Node.js with Socket.io for real-time collaboration, and MongoDB for document storage. Implement version history, comments, and suggestion mode.",software_engineering,high,9.7,9.5,9.8,9.6,9.7
"Develop a comprehensive testing framework for web applications that combines unit testing, integration testing, and end-to-end testing. Use Jest for unit tests, Supertest for API testing, and Cypress for E2E testing. Include code coverage reports, parallel test execution, and CI/CD integration examples.",software_engineering,high,9.3,9.6,9.4,9.7,9.5
"Create a machine learning platform for automated model training and deployment. Include features for data versioning, experiment tracking, model registry, and A/B testing. Use MLflow, Kubeflow, and Docker for containerization. Implement both batch and real-time inference.",software_engineering,high,9.6,9.8,9.7,9.5,9.9
"Design a social media analytics dashboard that aggregates data from Twitter, Facebook, and Instagram APIs. Use Python for data processing, React for visualization, and include sentiment analysis, engagement metrics, competitor analysis, and predictive trends using time series forecasting.",software_engineering,high,9.5,9.4,9.7,9.6,9.8
"Implement a secure authentication system with multi-factor authentication, biometric verification, and risk-based authentication. Use OAuth 2.0, OpenID Connect, and include features for session management, passwordless login, and security event logging.",software_engineering,high,9.7,9.6,9.8,9.9,9.5
"Build a IoT platform for smart home devices using MQTT protocol. Include device management, real-time monitoring, automation rules, energy usage analytics, and mobile app integration. Use Node.js for backend and React Native for mobile.",software_engineering,high,9.4,9.7,9.5,9.6,9.8
"Develop a recommendation engine for e-commerce using collaborative filtering and content-based approaches. Implement matrix factorization with Alternating Least Squares and use neural networks for deep learning recommendations. Include A/B testing framework for evaluating performance.",software_engineering,high,9.8,9.5,9.7,9.6,9.9
"Create a financial trading platform with real-time market data, portfolio management, and algorithmic trading capabilities. Use WebSocket for live data, implement risk management systems, and include backtesting functionality for trading strategies.",software_engineering,high,9.6,9.8,9.7,9.9,9.5
"Build a healthcare management system for hospitals with patient records, appointment scheduling, billing, and pharmacy management. Ensure HIPAA compliance, implement audit trails, and include telemedicine features with video conferencing.",software_engineering,high,9.7,9.6,9.8,9.5,9.7
"Design a comprehensive computer science curriculum for high school students covering programming fundamentals, data structures, algorithms, and web development. Include project-based learning modules, assessment rubrics, and differentiated instruction strategies for diverse learners.",education,high,9.3,9.5,9.4,9.6,9.2
"Create a professional development program for teachers focusing on implementing project-based learning in STEM education. Include workshop materials, classroom implementation guides, assessment tools, and examples of successful PBL units across different grade levels.",education,high,9.4,9.6,9.5,9.7,9.3
"Develop a differentiated instruction framework for mixed-ability classrooms in mathematics. Include tiered assignments, flexible grouping strategies, formative assessment techniques, and technology integration tools to support diverse learning needs.",education,high,9.5,9.3,9.6,9.4,9.7
"Design a comprehensive literacy intervention program for struggling readers in grades 3-5. Include phonics instruction, fluency building activities, comprehension strategies, vocabulary development, and progress monitoring tools with data-driven decision making.",education,high,9.6,9.7,9.4,9.5,9.8
"Create a culturally responsive teaching toolkit for creating inclusive classroom environments. Include strategies for building relationships, incorporating diverse perspectives in curriculum, addressing implicit bias, and fostering equitable participation.",education,high,9.3,9.5,9.7,9.4,9.6
"Develop a mastery-based learning system for science education that allows students to progress at their own pace. Include learning objectives, assessment checkpoints, remediation resources, and extension activities for advanced learners.",education,high,9.4,9.6,9.3,9.7,9.5
"Design a social-emotional learning curriculum integrated with academic content for elementary students. Include lesson plans for self-awareness, self-management, social awareness, relationship skills, and responsible decision-making.",education,high,9.7,9.4,9.8,9.6,9.5
"Create a comprehensive assessment system that balances formative and summative assessments. Include performance tasks, portfolio assessments, standardized test preparation, and alternative assessment methods for special needs students.",education,high,9.5,9.7,9.6,9.8,9.4
"Develop a technology integration framework for 21st century classrooms. Include strategies for using digital tools to enhance learning, promote collaboration, develop critical thinking, and prepare students for future careers.",education,high,9.6,9.4,9.7,9.5,9.8
"Design a parent engagement program that builds strong school-family partnerships. Include communication strategies, family learning events, volunteer opportunities, and resources for supporting learning at home.",education,high,9.8,9.6,9.7,9.9,9.5
"Create a gifted education program that provides appropriate challenge and depth for advanced learners. Include acceleration options, enrichment activities, independent study opportunities, and social-emotional support.",education,high,9.4,9.7,9.5,9.6,9.3
"Develop a trauma-informed practices guide for educators working with students affected by adverse childhood experiences. Include classroom strategies, relationship-building techniques, and self-regulation tools.",education,high,9.7,9.5,9.8,9.6,9.7
"Design a comprehensive career and technical education program aligned with local industry needs. Include work-based learning opportunities, industry certifications, and college preparation components.",education,high,9.3,9.6,9.4,9.7,9.5
"Create a digital citizenship curriculum teaching students about online safety, digital literacy, cyberbullying prevention, and responsible technology use.",education,high,9.6,9.8,9.7,9.5,9.9
"Develop a restorative practices framework for school discipline that focuses on relationship-building and conflict resolution rather than punishment.",education,high,9.5,9.4,9.7,9.6,9.8
"Design a multilingual education program supporting English language learners while maintaining native language development.",education,high,9.7,9.6,9.8,9.9,9.5
"Create a comprehensive early childhood education program focusing on play-based learning, social development, and school readiness skills.",education,high,9.4,9.7,9.5,9.6,9.8
"Develop a financial literacy curriculum teaching budgeting, saving, investing, and responsible credit use to high school students.",education,high,9.8,9.5,9.7,9.6,9.9
"Design a media literacy program teaching students to critically analyze news, advertising, and social media content.",education,high,9.6,9.8,9.7,9.9,9.5
"Create a comprehensive content marketing strategy for a B2B SaaS company targeting enterprise clients. Include persona development, content pillars, distribution channels, lead nurturing workflows, and ROI measurement framework.",content_creation,high,9.3,9.5,9.4,9.6,9.2
"Develop a video content series explaining complex technical concepts to non-technical audiences. Include scriptwriting guidelines, visual storytelling techniques, animation specifications, and distribution strategy across YouTube, LinkedIn, and company website.",content_creation,high,9.4,9.6,9.5,9.7,9.3
"Create an interactive ebook about digital transformation for business executives. Include case studies, actionable frameworks, self-assessment tools, and multimedia elements with professional design and responsive layout.",content_creation,high,9.5,9.3,9.6,9.4,9.7
"Design a comprehensive social media content calendar for a fashion brand. Include seasonal themes, product launches, user-generated content campaigns, influencer collaborations, and performance tracking metrics.",content_creation,high,9.6,9.7,9.4,9.5,9.8
"Develop a podcast series exploring the future of work and technology. Include guest interview protocols, episode structure, audio production standards, show notes templates, and cross-promotion strategy.",content_creation,high,9.3,9.5,9.7,9.4,9.6
"Create a brand storytelling framework that communicates company values and mission through customer success stories. Include interview questions, narrative structures, multimedia elements, and distribution across multiple channels.",content_creation,high,9.4,9.6,9.3,9.7,9.5
"Design an interactive webinar series teaching advanced digital marketing techniques. Include presentation slides, live demonstration plans, audience engagement activities, and follow-up content strategy.",content_creation,high,9.7,9.4,9.8,9.6,9.5
"Develop a comprehensive email marketing strategy with segmented campaigns, automated workflows, A/B testing framework, and personalization tactics.",content_creation,high,9.5,9.7,9.6,9.8,9.4
"Create a visual content strategy including infographics, data visualizations, and interactive charts that make complex information accessible and engaging.",content_creation,high,9.6,9.4,9.7,9.5,9.8
"Design a thought leadership program positioning company executives as industry experts. Include article writing, speaking engagements, media relations, and social media amplification strategy.",content_creation,high,9.8,9.6,9.7,9.9,9.5
"Develop a user-generated content campaign that encourages customer participation and builds community around the brand.",content_creation,high,9.4,9.7,9.5,9.6,9.3
"Create an interactive annual report that transforms financial data into compelling visual narratives and stakeholder stories.",content_creation,high,9.7,9.5,9.8,9.6,9.7
"Design a comprehensive SEO content strategy targeting high-value keywords with topic clusters, pillar pages, and internal linking structure.",content_creation,high,9.3,9.6,9.4,9.7,9.5
"Develop a multimedia case study format combining video testimonials, data visualizations, and written narratives to demonstrate business impact.",content_creation,high,9.6,9.8,9.7,9.5,9.9
"Create a social media advertising strategy with targeted campaigns, creative testing framework, and conversion optimization tactics.",content_creation,high,9.5,9.4,9.7,9.6,9.8
"Design an interactive product demo that guides users through key features and benefits with personalized examples.",content_creation,high,9.7,9.6,9.8,9.9,9.5
"Develop a content localization strategy for global markets, considering cultural nuances, language variations, and regional preferences.",content_creation,high,9.4,9.7,9.5,9.6,9.8
"Create a comprehensive influencer marketing program with vetting criteria, collaboration guidelines, and performance measurement.",content_creation,high,9.8,9.5,9.7,9.6,9.9
"Design a customer education program that reduces support tickets and increases product adoption through helpful content.",content_creation,high,9.6,9.8,9.7,9.9,9.5
"Build a real-time collaborative code editor with syntax highlighting, auto-completion, and version control integration for team programming sessions.",software_engineering,high,9.7,9.5,9.8,9.6,9.7
"Develop an AI-powered code documentation generator that analyzes source code and produces comprehensive documentation with examples.",software_engineering,high,9.4,9.7,9.6,9.8,9.5
"Create a continuous integration pipeline with automated testing, code quality checks, security scanning, and deployment to multiple environments.",software_engineering,high,9.6,9.8,9.7,9.5,9.9
"Design a microfrontend architecture for large-scale web applications with independent deployment of UI components.",software_engineering,high,9.5,9.4,9.7,9.6,9.8
"Implement a distributed caching system with Redis cluster, cache invalidation strategies, and monitoring dashboards.",software_engineering,high,9.7,9.6,9.8,9.9,9.5
"Build a machine learning pipeline for natural language processing tasks including text classification, sentiment analysis, and named entity recognition.",software_engineering,high,9.4,9.7,9.5,9.6,9.8
"Develop a serverless application using AWS Lambda with event-driven architecture and step functions for workflow management.",software_engineering,high,9.8,9.5,9.7,9.6,9.9
"Create a comprehensive monitoring and alerting system with custom metrics, log aggregation, and automated incident response.",software_engineering,high,9.6,9.8,9.7,9.9,9.5
"Design a data warehouse solution with ETL pipelines, dimensional modeling, and business intelligence reporting.",software_engineering,high,9.7,9.6,9.8,9.5,9.7
"Implement a feature flag system for gradual rollouts, A/B testing, and emergency kill switches.",software_engineering,high,9.4,9.7,9.5,9.6,9.3
"Build a graphQL API with optimized queries, caching layer, and real-time subscriptions.",software_engineering,high,9.7,9.5,9.8,9.6,9.7
"Develop a mobile app with offline-first architecture, background sync, and progressive web app capabilities.",software_engineering,high,9.3,9.6,9.4,9.7,9.5
"Create a chaos engineering framework for testing system resilience and failure recovery mechanisms.",software_engineering,high,9.6,9.8,9.7,9.5,9.9
"Design a multi-cloud deployment strategy with failover mechanisms and cost optimization across providers.",software_engineering,high,9.5,9.4,9.7,9.6,9.8
"Implement a real-time analytics platform processing streaming data with complex event processing and visualization.",software_engineering,high,9.7,9.6,9.8,9.9,9.5
"Build a cybersecurity monitoring system with threat detection, vulnerability assessment, and incident response automation.",software_engineering,high,9.4,9.7,9.5,9.6,9.8
"Develop a quantum computing simulation framework with quantum algorithms and circuit visualization.",software_engineering,high,9.8,9.5,9.7,9.6,9.9
"Create a augmented reality application for interior design with 3D object placement and real-time rendering.",software_engineering,high,9.6,9.8,9.7,9.9,9.5
"Design a peer-to-peer file sharing system with encryption, chunking, and distributed hash tables.",software_engineering,high,9.7,9.6,9.8,9.5,9.7
"Implement a natural language interface for database queries with query optimization and result explanation.",software_engineering,high,9.4,9.7,9.5,9.6,9.3
"Build a automated trading bot with risk management, portfolio optimization, and market analysis algorithms.",software_engineering,high,9.7,9.5,9.8,9.6,9.7
"Develop a computer vision system for object detection, image classification, and real-time video analysis.",software_engineering,high,9.3,9.6,9.4,9.7,9.5
"Create a voice assistant application with speech recognition, natural language understanding, and multi-turn dialogues.",software_engineering,high,9.6,9.8,9.7,9.5,9.9
"Design a blockchain oracle system for connecting smart contracts with real-world data sources.",software_engineering,high,9.5,9.4,9.7,9.6,9.8
"Implement a federated learning system for training machine learning models on distributed data without centralization.",software_engineering,high,9.7,9.6,9.8,9.9,9.5
"Build a robotic process automation framework for automating repetitive business tasks across applications.",software_engineering,high,9.4,9.7,9.5,9.6,9.8
"Develop a spatial computing application with gesture recognition, environmental understanding, and virtual object interaction.",software_engineering,high,9.8,9.5,9.7,9.6,9.9
"Create a digital twin platform for simulating and monitoring physical assets in real-time.",software_engineering,high,9.6,9.8,9.7,9.9,9.5
"Design a project-based learning curriculum for artificial intelligence and machine learning with real-world applications.",education,high,9.7,9.6,9.8,9.5,9.7
"Develop a comprehensive digital literacy program for adult learners covering basic computer skills to advanced software applications.",education,high,9.4,9.7,9.5,9.6,9.3
"Create a mindfulness and wellness program for students and staff with daily practices, workshops, and support resources.",education,high,9.7,9.5,9.8,9.6,9.7
"Design a competency-based education model with clear learning pathways and multiple assessment opportunities.",education,high,9.3,9.6,9.4,9.7,9.5
"Develop a virtual reality curriculum for immersive learning experiences across science, history, and art subjects.",education,high,9.6,9.8,9.7,9.5,9.9
"Create a peer tutoring program with training materials, matching algorithms, and progress tracking systems.",education,high,9.5,9.4,9.7,9.6,9.8
"Design a interdisciplinary unit combining mathematics, science, and technology to solve environmental problems.",education,high,9.7,9.6,9.8,9.9,9.5
"Develop a entrepreneurship education program with business plan development, market research, and pitch presentations.",education,high,9.4,9.7,9.5,9.6,9.8
"Create a comprehensive assessment literacy program helping teachers design effective assessments and use data to inform instruction.",education,high,9.8,9.5,9.7,9.6,9.9
"Design a global citizenship curriculum exploring international issues, cultural understanding, and sustainable development.",education,high,9.6,9.8,9.7,9.9,9.5
"Develop a creative writing program with genre studies, workshop models, and publication opportunities for students.",education,high,9.7,9.6,9.8,9.5,9.7
"Create a outdoor education program integrating environmental science, team building, and leadership development.",education,high,9.4,9.7,9.5,9.6,9.3
"Design a music education curriculum covering theory, composition, performance, and music technology.",education,high,9.7,9.5,9.8,9.6,9.7
"Develop a visual arts program exploring traditional techniques, digital media, and art history across cultures.",education,high,9.3,9.6,9.4,9.7,9.5
"Create a physical education curriculum promoting lifelong fitness, sports skills, and health knowledge.",education,high,9.6,9.8,9.7,9.5,9.9
"Design a family and consumer sciences program teaching nutrition, financial management, and relationship skills.",education,high,9.5,9.4,9.7,9.6,9.8
"Develop a agricultural education program with hands-on farming, sustainable practices, and agribusiness concepts.",education,high,9.7,9.6,9.8,9.9,9.5
"Create a construction trades program with safety training, technical skills, and apprenticeship preparation.",education,high,9.4,9.7,9.5,9.6,9.8
"Design a healthcare careers program exploring medical fields, clinical skills, and professional development.",education,high,9.8,9.5,9.7,9.6,9.9
"Develop an information technology program covering networking, cybersecurity, and software development careers.",education,high,9.6,9.8,9.7,9.9,9.5
"Create a comprehensive brand identity system including logo, typography, color palette, and visual guidelines.",content_creation,high,9.7,9.6,9.8,9.5,9.7
"Design a product launch campaign with teaser content, announcement strategy, and post-launch sustainment plan.",content_creation,high,9.4,9.7,9.5,9.6,9.3
"Develop a customer success story program with video production, written case studies, and social proof elements.",content_creation,high,9.7,9.5,9.8,9.6,9.7
"Create an interactive annual report with data visualizations, stakeholder interviews, and impact metrics.",content_creation,high,9.3,9.6,9.4,9.7,9.5
"Design a corporate social responsibility campaign highlighting community engagement and sustainability efforts.",content_creation,high,9.6,9.8,9.7,9.5,9.9
"Develop a employee advocacy program with content creation guidelines, training materials, and participation incentives.",content_creation,high,9.5,9.4,9.7,9.6,9.8
"Create a virtual event platform with interactive sessions, networking opportunities, and engagement features.",content_creation,high,9.7,9.6,9.8,9.9,9.5
"Design a product documentation system with user guides, API references, and troubleshooting resources.",content_creation,high,9.4,9.7,9.5,9.6,9.8
"Develop a market research report with primary data collection, competitive analysis, and strategic recommendations.",content_creation,high,9.8,9.5,9.7,9.6,9.9
"Create a sales enablement content library with battle cards, presentation templates, and objection handling guides.",content_creation,high,9.6,9.8,9.7,9.9,9.5
"Design a customer onboarding program with welcome sequences, product tutorials, and success milestone celebrations.",content_creation,high,9.7,9.6,9.8,9.5,9.7
"Develop a community management strategy with engagement guidelines, moderation policies, and member recognition programs.",content_creation,high,9.4,9.7,9.5,9.6,9.3
"Create a crisis communication plan with prepared statements, media relations protocols, and social media monitoring.",content_creation,high,9.7,9.5,9.8,9.6,9.7
"Design a corporate training program with video modules, interactive assessments, and certification tracks.",content_creation,high,9.3,9.6,9.4,9.7,9.5
"Develop a investor relations program with quarterly reports, earnings call materials, and shareholder communications.",content_creation,high,9.6,9.8,9.7,9.5,9.9
"Create a public relations strategy with media pitching, press release distribution, and thought leadership placement.",content_creation,high,9.5,9.4,9.7,9.6,9.8
"Design a trade show presence with booth design, demonstration scripts, and lead capture systems.",content_creation,high,9.7,9.6,9.8,9.9,9.5
"Develop a customer feedback program with survey design, sentiment analysis, and action planning processes.",content_creation,high,9.4,9.7,9.5,9.6,9.8
"Create a competitive intelligence system with monitoring tools, analysis frameworks, and alert mechanisms.",content_creation,high,9.8,9.5,9.7,9.6,9.9
"Design a brand ambassador program with selection criteria, training materials, and performance metrics.",content_creation,high,9.6,9.8,9.7,9.9,9.5
